0 verbose cli C:\Program Files\nodejs\node.exe C:\Program Files\nodejs\node_modules\npm\bin\npm-cli.js
1 info using npm@11.6.2
2 info using node@v24.13.0
3 silly config load:file:C:\Program Files\nodejs\node_modules\npm\npmrc
4 silly config load:file:C:\Users\vedsp\Desktop\MBA dashboard\.npmrc
5 silly config load:file:C:\Users\vedsp\.npmrc
6 silly config load:file:C:\Users\vedsp\AppData\Roaming\npm\etc\npmrc
7 verbose title npm install
8 verbose argv "install" "--cache" ".npm-cache" "--loglevel" "warn"
9 verbose logfile logs-max:10 dir:C:\Users\vedsp\Desktop\MBA dashboard\.npm-cache\_logs\2026-08-02T20_23_25_132Z-
10 verbose logfile C:\Users\vedsp\Desktop\MBA dashboard\.npm-cache\_logs\2026-08-02T20_23_25_132Z-debug-0.log
11 silly logfile done cleaning log files
12 silly packumentCache heap:4496293888 maxSize:1124073472 maxEntrySize:562036736
13 verbose shrinkwrap failed to load node_modules/.package-lock.json out of date, updated: packages/domain
14 silly idealTree buildDeps
15 silly fetch manifest firebase@^12.17.0
16 silly packumentCache full:https://registry.npmjs.org/firebase cache-miss
17 http cache https://registry.npmjs.org/firebase 150ms (cache hit)
18 silly packumentCache full:https://registry.npmjs.org/firebase set size:30179250 disposed:false
19 silly fetch manifest next@^16.2.12
20 silly packumentCache full:https://registry.npmjs.org/next cache-miss
21 http cache https://registry.npmjs.org/next 57ms (cache hit)
22 silly packumentCache full:https://registry.npmjs.org/next set size:31026660 disposed:false
23 silly fetch manifest @opentelemetry/api@^1.1.0
24 silly packumentCache full:https://registry.npmjs.org/@opentelemetry%2fapi cache-miss
25 http cache https://registry.npmjs.org/@opentelemetry%2fapi 8ms (cache hit)
26 silly packumentCache full:https://registry.npmjs.org/@opentelemetry%2fapi set size:272967 disposed:false
27 silly fetch manifest @playwright/test@^1.51.1
28 silly packumentCache full:https://registry.npmjs.org/@playwright%2ftest cache-miss
29 http cache https://registry.npmjs.org/@playwright%2ftest 22ms (cache hit)
30 silly packumentCache full:https://registry.npmjs.org/@playwright%2ftest set size:9382987 disposed:false
31 silly fetch manifest babel-plugin-react-compiler@*
32 silly packumentCache full:https://registry.npmjs.org/babel-plugin-react-compiler cache-miss
33 http cache https://registry.npmjs.org/babel-plugin-react-compiler 7ms (cache hit)
34 silly packumentCache full:https://registry.npmjs.org/babel-plugin-react-compiler set size:1356999 disposed:false
35 silly fetch manifest react@^19.0.0
36 silly packumentCache full:https://registry.npmjs.org/react cache-miss
37 http cache https://registry.npmjs.org/react 16ms (cache hit)
38 silly packumentCache full:https://registry.npmjs.org/react set size:6859098 disposed:false
39 silly fetch manifest react-dom@^19.0.0
40 silly packumentCache full:https://registry.npmjs.org/react-dom cache-miss
41 http cache https://registry.npmjs.org/react-dom 26ms (cache hit)
42 silly packumentCache full:https://registry.npmjs.org/react-dom set size:9206376 disposed:false
43 silly fetch manifest sass@^1.3.0
44 silly packumentCache full:https://registry.npmjs.org/sass cache-miss
45 http cache https://registry.npmjs.org/sass 7ms (cache hit)
46 silly packumentCache full:https://registry.npmjs.org/sass set size:743214 disposed:false
47 silly placeDep ROOT firebase@12.17.0 REPLACE for: @mba/web@1.0.0 want: ^12.17.0
48 silly placeDep ROOT next@16.2.12 REPLACE for: @mba/web@1.0.0 want: ^16.2.12
49 silly fetch manifest @firebase/ai@2.14.0
50 silly packumentCache full:https://registry.npmjs.org/@firebase%2fai cache-miss
51 silly fetch manifest @firebase/app@0.16.0
52 silly packumentCache full:https://registry.npmjs.org/@firebase%2fapp cache-miss
53 silly fetch manifest @firebase/auth@1.13.4
54 silly packumentCache full:https://registry.npmjs.org/@firebase%2fauth cache-miss
55 silly fetch manifest @firebase/util@1.15.2
56 silly packumentCache full:https://registry.npmjs.org/@firebase%2futil cache-miss
57 silly fetch manifest @firebase/storage@0.14.4
58 silly packumentCache full:https://registry.npmjs.org/@firebase%2fstorage cache-miss
59 silly fetch manifest @firebase/database@1.1.4
60 silly packumentCache full:https://registry.npmjs.org/@firebase%2fdatabase cache-miss
61 silly fetch manifest @firebase/analytics@0.10.23
62 silly packumentCache full:https://registry.npmjs.org/@firebase%2fanalytics cache-miss
63 silly fetch manifest @firebase/app-check@0.13.0
64 silly packumentCache full:https://registry.npmjs.org/@firebase%2fapp-check cache-miss
65 silly fetch manifest @firebase/app-types@0.9.5
66 silly packumentCache full:https://registry.npmjs.org/@firebase%2fapp-types cache-miss
67 silly fetch manifest @firebase/firestore@4.17.0
68 silly packumentCache full:https://registry.npmjs.org/@firebase%2ffirestore cache-miss
69 silly fetch manifest @firebase/functions@0.13.6
70 silly packumentCache full:https://registry.npmjs.org/@firebase%2ffunctions cache-miss
71 silly fetch manifest @firebase/messaging@0.13.1
72 silly packumentCache full:https://registry.npmjs.org/@firebase%2fmessaging cache-miss
73 silly fetch manifest @firebase/app-compat@0.5.16
74 silly packumentCache full:https://registry.npmjs.org/@firebase%2fapp-compat cache-miss
75 silly fetch manifest @firebase/auth-compat@0.6.9
76 silly packumentCache full:https://registry.npmjs.org/@firebase%2fauth-compat cache-miss
77 silly fetch manifest @firebase/performance@0.7.13
78 silly packumentCache full:https://registry.npmjs.org/@firebase%2fperformance cache-miss
79 http cache https://registry.npmjs.org/@firebase%2fai 21ms (cache hit)
80 silly packumentCache full:https://registry.npmjs.org/@firebase%2fai set size:914038 disposed:false
81 silly fetch manifest @firebase/data-connect@0.7.2
82 silly packumentCache full:https://registry.npmjs.org/@firebase%2fdata-connect cache-miss
83 http cache https://registry.npmjs.org/@firebase%2fapp 52ms (cache hit)
84 silly packumentCache full:https://registry.npmjs.org/@firebase%2fapp set size:15063639 disposed:false
85 silly fetch manifest @firebase/installations@0.6.23
86 silly packumentCache full:https://registry.npmjs.org/@firebase%2finstallations cache-miss
87 http cache https://registry.npmjs.org/@firebase%2futil 129ms (cache hit)
88 silly packumentCache full:https://registry.npmjs.org/@firebase%2futil set size:13179220 disposed:false
89 silly fetch manifest @firebase/remote-config@0.9.1
90 silly packumentCache full:https://registry.npmjs.org/@firebase%2fremote-config cache-miss
91 http cache https://registry.npmjs.org/@firebase%2fstorage 185ms (cache hit)
92 silly packumentCache full:https://registry.npmjs.org/@firebase%2fstorage set size:14978789 disposed:false
93 silly fetch manifest @firebase/storage-compat@0.4.4
94 silly packumentCache full:https://registry.npmjs.org/@firebase%2fstorage-compat cache-miss
95 http cache https://registry.npmjs.org/@firebase%2fauth 251ms (cache hit)
96 silly packumentCache full:https://registry.npmjs.org/@firebase%2fauth set size:18056584 disposed:false
97 silly fetch manifest @firebase/database-compat@2.1.5
98 silly packumentCache full:https://registry.npmjs.org/@firebase%2fdatabase-compat cache-miss
99 http cache https://registry.npmjs.org/@firebase%2fanalytics 329ms (cache hit)
100 silly packumentCache full:https://registry.npmjs.org/@firebase%2fanalytics set size:11394060 disposed:false
101 silly fetch manifest @firebase/analytics-compat@0.2.29
102 silly packumentCache full:https://registry.npmjs.org/@firebase%2fanalytics-compat cache-miss
103 http cache https://registry.npmjs.org/@firebase%2fdatabase 396ms (cache hit)
104 silly packumentCache full:https://registry.npmjs.org/@firebase%2fdatabase set size:16631636 disposed:false
105 silly fetch manifest @firebase/app-check-compat@0.4.6
106 silly packumentCache full:https://registry.npmjs.org/@firebase%2fapp-check-compat cache-miss
107 http cache https://registry.npmjs.org/@firebase%2ffunctions 462ms (cache hit)
108 silly packumentCache full:https://registry.npmjs.org/@firebase%2ffunctions set size:15674878 disposed:false
109 silly fetch manifest @firebase/firestore-compat@0.4.12
110 silly packumentCache full:https://registry.npmjs.org/@firebase%2ffirestore-compat cache-miss
111 http cache https://registry.npmjs.org/@firebase%2fapp-check 516ms (cache hit)
112 silly packumentCache full:https://registry.npmjs.org/@firebase%2fapp-check set size:6509122 disposed:false
113 silly fetch manifest @firebase/functions-compat@0.4.6
114 silly packumentCache full:https://registry.npmjs.org/@firebase%2ffunctions-compat cache-miss
115 http cache https://registry.npmjs.org/@firebase%2fapp-types 547ms (cache hit)
116 silly packumentCache full:https://registry.npmjs.org/@firebase%2fapp-types set size:8591173 disposed:false
117 silly fetch manifest @firebase/messaging-compat@0.2.28
118 silly packumentCache full:https://registry.npmjs.org/@firebase%2fmessaging-compat cache-miss
119 http cache https://registry.npmjs.org/@firebase%2fmessaging 643ms (cache hit)
120 silly packumentCache full:https://registry.npmjs.org/@firebase%2fmessaging set size:15443490 disposed:false
121 silly fetch manifest @firebase/performance-compat@0.2.26
122 silly packumentCache full:https://registry.npmjs.org/@firebase%2fperformance-compat cache-miss
123 http cache https://registry.npmjs.org/@firebase%2ffirestore 750ms (cache hit)
124 silly packumentCache full:https://registry.npmjs.org/@firebase%2ffirestore set size:27964722 disposed:false
125 silly fetch manifest @firebase/installations-compat@0.2.23
126 silly packumentCache full:https://registry.npmjs.org/@firebase%2finstallations-compat cache-miss
127 http cache https://registry.npmjs.org/@firebase%2fauth-compat 830ms (cache hit)
128 silly packumentCache full:https://registry.npmjs.org/@firebase%2fauth-compat set size:7608445 disposed:false
129 silly fetch manifest @firebase/remote-config-compat@0.2.28
130 silly packumentCache full:https://registry.npmjs.org/@firebase%2fremote-config-compat cache-miss
131 http cache https://registry.npmjs.org/@firebase%2fapp-compat 860ms (cache hit)
132 silly packumentCache full:https://registry.npmjs.org/@firebase%2fapp-compat set size:6287588 disposed:false
133 silly fetch manifest @next/env@16.2.12
134 silly packumentCache full:https://registry.npmjs.org/@next%2fenv cache-miss
135 http cache https://registry.npmjs.org/@firebase%2fperformance 896ms (cache hit)
136 silly packumentCache full:https://registry.npmjs.org/@firebase%2fperformance set size:11954597 disposed:false
137 silly fetch manifest baseline-browser-mapping@^2.9.19
138 silly packumentCache full:https://registry.npmjs.org/baseline-browser-mapping cache-miss
139 http cache https://registry.npmjs.org/@firebase%2fdata-connect 961ms (cache hit)
140 silly packumentCache full:https://registry.npmjs.org/@firebase%2fdata-connect set size:1929298 disposed:false
141 silly fetch manifest @next/swc-darwin-x64@16.2.12
142 silly packumentCache full:https://registry.npmjs.org/@next%2fswc-darwin-x64 cache-miss
143 http cache https://registry.npmjs.org/@firebase%2fstorage-compat 790ms (cache hit)
144 silly packumentCache full:https://registry.npmjs.org/@firebase%2fstorage-compat set size:6293365 disposed:false
145 silly fetch manifest @next/swc-darwin-arm64@16.2.12
146 silly packumentCache full:https://registry.npmjs.org/@next%2fswc-darwin-arm64 cache-miss
147 http cache https://registry.npmjs.org/@firebase%2fanalytics-compat 670ms (cache hit)
148 silly packumentCache full:https://registry.npmjs.org/@firebase%2fanalytics-compat set size:5789150 disposed:false
149 silly fetch manifest @next/swc-linux-x64-gnu@16.2.12
150 silly packumentCache full:https://registry.npmjs.org/@next%2fswc-linux-x64-gnu cache-miss
151 http cache https://registry.npmjs.org/@firebase%2fapp-check-compat 626ms (cache hit)
152 silly packumentCache full:https://registry.npmjs.org/@firebase%2fapp-check-compat set size:5822766 disposed:false
153 silly fetch manifest @next/swc-linux-x64-musl@16.2.12
154 silly packumentCache full:https://registry.npmjs.org/@next%2fswc-linux-x64-musl cache-miss
155 http cache https://registry.npmjs.org/@firebase%2fremote-config 935ms (cache hit)
156 silly packumentCache full:https://registry.npmjs.org/@firebase%2fremote-config set size:11263316 disposed:false
157 silly fetch manifest @next/swc-win32-x64-msvc@16.2.12
158 silly packumentCache full:https://registry.npmjs.org/@next%2fswc-win32-x64-msvc cache-miss
159 http cache https://registry.npmjs.org/@firebase%2ffunctions-compat 605ms (cache hit)
160 silly packumentCache full:https://registry.npmjs.org/@firebase%2ffunctions-compat set size:6462472 disposed:false
161 silly fetch manifest @next/swc-linux-arm64-gnu@16.2.12
162 silly packumentCache full:https://registry.npmjs.org/@next%2fswc-linux-arm64-gnu cache-miss
163 http cache https://registry.npmjs.org/@firebase%2fmessaging-compat 544ms (cache hit)
164 silly packumentCache full:https://registry.npmjs.org/@firebase%2fmessaging-compat set size:5578344 disposed:false
165 silly fetch manifest @next/swc-linux-arm64-musl@16.2.12
166 silly packumentCache full:https://registry.npmjs.org/@next%2fswc-linux-arm64-musl cache-miss
167 http cache https://registry.npmjs.org/@firebase%2fdatabase-compat 883ms (cache hit)
168 silly packumentCache full:https://registry.npmjs.org/@firebase%2fdatabase-compat set size:6306756 disposed:false
169 silly fetch manifest @next/swc-win32-arm64-msvc@16.2.12
170 silly packumentCache full:https://registry.npmjs.org/@next%2fswc-win32-arm64-msvc cache-miss
171 http cache https://registry.npmjs.org/@firebase%2finstallations 1118ms (cache hit)
172 silly packumentCache full:https://registry.npmjs.org/@firebase%2finstallations set size:12153463 disposed:false
173 http cache https://registry.npmjs.org/@firebase%2finstallations-compat 485ms (cache hit)
174 silly packumentCache full:https://registry.npmjs.org/@firebase%2finstallations-compat set size:5708518 disposed:false
175 http cache https://registry.npmjs.org/@firebase%2ffirestore-compat 823ms (cache hit)
176 silly packumentCache full:https://registry.npmjs.org/@firebase%2ffirestore-compat set size:6924075 disposed:false
177 http cache https://registry.npmjs.org/@firebase%2fperformance-compat 664ms (cache hit)
178 silly packumentCache full:https://registry.npmjs.org/@firebase%2fperformance-compat set size:6009928 disposed:false
179 http cache https://registry.npmjs.org/@firebase%2fremote-config-compat 548ms (cache hit)
180 silly packumentCache full:https://registry.npmjs.org/@firebase%2fremote-config-compat set size:5999585 disposed:false
181 http cache https://registry.npmjs.org/@next%2fenv 547ms (cache hit)
182 silly packumentCache full:https://registry.npmjs.org/@next%2fenv set size:7500426 disposed:false
183 http cache https://registry.npmjs.org/@next%2fswc-darwin-x64 475ms (cache hit)
184 silly packumentCache full:https://registry.npmjs.org/@next%2fswc-darwin-x64 set size:5409071 disposed:false
185 http cache https://registry.npmjs.org/@next%2fswc-linux-x64-gnu 447ms (cache hit)
186 silly packumentCache full:https://registry.npmjs.org/@next%2fswc-linux-x64-gnu set size:5520030 disposed:false
187 http cache https://registry.npmjs.org/@next%2fswc-darwin-arm64 509ms (cache hit)
188 silly packumentCache full:https://registry.npmjs.org/@next%2fswc-darwin-arm64 set size:5468063 disposed:false
189 http cache https://registry.npmjs.org/@next%2fswc-linux-arm64-musl 383ms (cache hit)
190 silly packumentCache full:https://registry.npmjs.org/@next%2fswc-linux-arm64-musl set size:5343185 disposed:false
191 http cache https://registry.npmjs.org/@next%2fswc-win32-x64-msvc 460ms (cache hit)
192 silly packumentCache full:https://registry.npmjs.org/@next%2fswc-win32-x64-msvc set size:5491096 disposed:false
193 http cache https://registry.npmjs.org/@next%2fswc-linux-x64-musl 532ms (cache hit)
194 silly packumentCache full:https://registry.npmjs.org/@next%2fswc-linux-x64-musl set size:5275749 disposed:false
195 http cache https://registry.npmjs.org/@next%2fswc-win32-arm64-msvc 430ms (cache hit)
196 silly packumentCache full:https://registry.npmjs.org/@next%2fswc-win32-arm64-msvc set size:5305707 disposed:false
197 http cache https://registry.npmjs.org/@next%2fswc-linux-arm64-gnu 507ms (cache hit)
198 silly packumentCache full:https://registry.npmjs.org/@next%2fswc-linux-arm64-gnu set size:5324228 disposed:false
199 http fetch GET 200 https://registry.npmjs.org/baseline-browser-mapping 742ms (cache miss)
200 silly packumentCache full:https://registry.npmjs.org/baseline-browser-mapping set size:undefined disposed:false
201 silly fetch manifest firebase-admin@^14.2.0
202 silly packumentCache full:https://registry.npmjs.org/firebase-admin cache-miss
203 http cache https://registry.npmjs.org/firebase-admin 5ms (cache hit)
204 silly packumentCache full:https://registry.npmjs.org/firebase-admin set size:780146 disposed:false
205 silly fetch manifest firebase-functions@^7.3.2
206 silly packumentCache full:https://registry.npmjs.org/firebase-functions cache-miss
207 http cache https://registry.npmjs.org/firebase-functions 6ms (cache hit)
208 silly packumentCache full:https://registry.npmjs.org/firebase-functions set size:1153165 disposed:false
209 silly fetch manifest @apollo/server@^5.2.0
210 silly packumentCache full:https://registry.npmjs.org/@apollo%2fserver cache-miss
211 http fetch GET 200 https://registry.npmjs.org/@apollo%2fserver 706ms (cache miss)
212 silly packumentCache full:https://registry.npmjs.org/@apollo%2fserver set size:undefined disposed:false
213 silly fetch manifest graphql@^16.11.0
214 silly packumentCache full:https://registry.npmjs.org/graphql cache-miss
215 http fetch GET 200 https://registry.npmjs.org/graphql 472ms (cache miss)
216 silly packumentCache full:https://registry.npmjs.org/graphql set size:undefined disposed:false
217 silly fetch manifest @as-integrations/express4@^1.1.2
218 silly packumentCache full:https://registry.npmjs.org/@as-integrations%2fexpress4 cache-miss
219 http fetch GET 200 https://registry.npmjs.org/@as-integrations%2fexpress4 1191ms (cache miss)
220 silly packumentCache full:https://registry.npmjs.org/@as-integrations%2fexpress4 set size:undefined disposed:false
221 silly fetch manifest express@^4.0.0
222 silly packumentCache full:https://registry.npmjs.org/express cache-miss
223 http cache https://registry.npmjs.org/express 7ms (cache hit)
224 silly packumentCache full:https://registry.npmjs.org/express set size:804956 disposed:false
225 silly placeDep functions firebase-admin@14.2.0 OK for: @mba/functions@1.0.0 want: ^14.2.0
226 silly placeDep ROOT firebase-functions@7.3.2 REPLACE for: @mba/functions@1.0.0 want: ^7.3.2
227 silly fetch manifest @firebase/database-compat@^2.1.4
228 silly packumentCache full:https://registry.npmjs.org/@firebase%2fdatabase-compat cache-miss
229 silly fetch manifest @firebase/database-types@^1.0.20
230 silly packumentCache full:https://registry.npmjs.org/@firebase%2fdatabase-types cache-miss
231 silly fetch manifest jwks-rsa@^4.0.1
232 silly packumentCache full:https://registry.npmjs.org/jwks-rsa cache-miss
233 silly fetch manifest @google-cloud/firestore@^8.6.0
234 silly packumentCache full:https://registry.npmjs.org/@google-cloud%2ffirestore cache-miss
235 silly fetch manifest express@^5.2.1
236 silly packumentCache full:https://registry.npmjs.org/express cache-hit
237 silly fetch manifest @types/express@^5.0.0
238 silly packumentCache full:https://registry.npmjs.org/@types%2fexpress cache-miss
239 http cache https://registry.npmjs.org/@types%2fexpress 27ms (cache hit)
240 silly packumentCache full:https://registry.npmjs.org/@types%2fexpress set size:111364 disposed:false
241 http cache https://registry.npmjs.org/@google-cloud%2ffirestore 31ms (cache hit)
242 silly packumentCache full:https://registry.npmjs.org/@google-cloud%2ffirestore set size:742788 disposed:false
243 http cache https://registry.npmjs.org/@firebase%2fdatabase-types 49ms (cache hit)
244 silly packumentCache full:https://registry.npmjs.org/@firebase%2fdatabase-types set size:9149067 disposed:false
245 http cache https://registry.npmjs.org/jwks-rsa 75ms (cache hit)
246 silly packumentCache full:https://registry.npmjs.org/jwks-rsa set size:232196 disposed:false
247 http cache https://registry.npmjs.org/@firebase%2fdatabase-compat 87ms (cache hit)
248 silly packumentCache full:https://registry.npmjs.org/@firebase%2fdatabase-compat set size:6306756 disposed:false
249 silly fetch manifest @firebase/app@0.x
250 silly packumentCache full:https://registry.npmjs.org/@firebase%2fapp cache-miss
251 http cache https://registry.npmjs.org/@firebase%2fapp 29ms (cache hit)
252 silly packumentCache full:https://registry.npmjs.org/@firebase%2fapp set size:15063639 disposed:false
253 silly fetch manifest @firebase/app-compat@0.x
254 silly packumentCache full:https://registry.npmjs.org/@firebase%2fapp-compat cache-miss
255 http cache https://registry.npmjs.org/@firebase%2fapp-compat 15ms (cache hit)
256 silly packumentCache full:https://registry.npmjs.org/@firebase%2fapp-compat set size:6287588 disposed:false
257 silly placeDep ROOT @firebase/database-compat@2.1.5 REPLACE for: firebase-admin@14.2.0 want: ^2.1.4
258 silly placeDep ROOT @firebase/database-types@1.0.21 REPLACE for: firebase-admin@14.2.0 want: ^1.0.20
259 silly placeDep functions @google-cloud/firestore@8.7.0 OK for: firebase-admin@14.2.0 want: ^8.6.0
260 silly placeDep functions jwks-rsa@4.1.0 OK for: firebase-admin@14.2.0 want: ^4.0.1
261 silly fetch manifest @firebase/logger@0.5.1
262 silly packumentCache full:https://registry.npmjs.org/@firebase%2flogger cache-miss
263 silly fetch manifest @firebase/component@0.7.4
264 silly packumentCache full:https://registry.npmjs.org/@firebase%2fcomponent cache-miss
265 silly fetch manifest @firebase/database-types@1.0.21
266 silly packumentCache full:https://registry.npmjs.org/@firebase%2fdatabase-types cache-miss
267 silly fetch manifest google-gax@^5.0.1
268 silly packumentCache full:https://registry.npmjs.org/google-gax cache-miss
269 silly fetch manifest jose@^6.1.3
270 silly packumentCache full:https://registry.npmjs.org/jose cache-miss
271 silly fetch manifest debug@^4.3.4
272 silly packumentCache full:https://registry.npmjs.org/debug cache-miss
273 silly fetch manifest lru-cache@^11.0.0
274 silly packumentCache full:https://registry.npmjs.org/lru-cache cache-miss
275 silly fetch manifest lru-memoizer@^3.0.0
276 silly packumentCache full:https://registry.npmjs.org/lru-memoizer cache-miss
277 http cache https://registry.npmjs.org/google-gax 24ms (cache hit)
278 silly packumentCache full:https://registry.npmjs.org/google-gax set size:2073092 disposed:false
279 http cache https://registry.npmjs.org/debug 43ms (cache hit)
280 silly packumentCache full:https://registry.npmjs.org/debug set size:195840 disposed:false
281 http cache https://registry.npmjs.org/@firebase%2fdatabase-types 60ms (cache hit)
282 silly packumentCache full:https://registry.npmjs.org/@firebase%2fdatabase-types set size:9149067 disposed:false
283 http cache https://registry.npmjs.org/@firebase%2fcomponent 98ms (cache hit)
284 silly packumentCache full:https://registry.npmjs.org/@firebase%2fcomponent set size:9352177 disposed:false
285 http cache https://registry.npmjs.org/@firebase%2flogger 140ms (cache hit)
286 silly packumentCache full:https://registry.npmjs.org/@firebase%2flogger set size:11892639 disposed:false
287 http cache https://registry.npmjs.org/lru-cache 173ms (cache hit)
288 silly packumentCache full:https://registry.npmjs.org/lru-cache set size:460407 disposed:false
289 http cache https://registry.npmjs.org/jose 179ms (cache hit)
290 silly packumentCache full:https://registry.npmjs.org/jose set size:1435202 disposed:false
291 http cache https://registry.npmjs.org/lru-memoizer 186ms (cache hit)
292 silly packumentCache full:https://registry.npmjs.org/lru-memoizer set size:57712 disposed:false
293 silly placeDep functions google-gax@5.0.8 OK for: @google-cloud/firestore@8.7.0 want: ^5.0.1
294 silly fetch manifest rimraf@^5.0.1
295 silly packumentCache full:https://registry.npmjs.org/rimraf cache-miss
296 silly fetch manifest node-fetch@^3.3.2
297 silly packumentCache full:https://registry.npmjs.org/node-fetch cache-miss
298 silly fetch manifest @grpc/grpc-js@^1.12.6
299 silly packumentCache full:https://registry.npmjs.org/@grpc%2fgrpc-js cache-miss
300 silly fetch manifest retry-request@^8.0.2
301 silly packumentCache full:https://registry.npmjs.org/retry-request cache-miss
302 silly fetch manifest @grpc/proto-loader@^0.8.0
303 silly packumentCache full:https://registry.npmjs.org/@grpc%2fproto-loader cache-miss
304 silly fetch manifest google-auth-library@10.5.0
305 silly packumentCache full:https://registry.npmjs.org/google-auth-library cache-miss
306 silly fetch manifest proto3-json-serializer@3.0.4
307 silly packumentCache full:https://registry.npmjs.org/proto3-json-serializer cache-miss
308 http cache https://registry.npmjs.org/@grpc%2fgrpc-js 11ms (cache hit)
309 silly packumentCache full:https://registry.npmjs.org/@grpc%2fgrpc-js set size:674221 disposed:false
310 http cache https://registry.npmjs.org/proto3-json-serializer 13ms (cache hit)
311 silly packumentCache full:https://registry.npmjs.org/proto3-json-serializer set size:91023 disposed:false
312 http cache https://registry.npmjs.org/node-fetch 16ms (cache hit)
313 silly packumentCache full:https://registry.npmjs.org/node-fetch set size:896010 disposed:false
314 http cache https://registry.npmjs.org/retry-request 22ms (cache hit)
315 silly packumentCache full:https://registry.npmjs.org/retry-request set size:94976 disposed:false
316 http cache https://registry.npmjs.org/@grpc%2fproto-loader 22ms (cache hit)
317 silly packumentCache full:https://registry.npmjs.org/@grpc%2fproto-loader set size:218355 disposed:false
318 http cache https://registry.npmjs.org/google-auth-library 25ms (cache hit)
319 silly packumentCache full:https://registry.npmjs.org/google-auth-library set size:737867 disposed:false
320 http fetch GET 200 https://registry.npmjs.org/rimraf 34ms (cache miss)
321 silly packumentCache full:https://registry.npmjs.org/rimraf set size:undefined disposed:false
322 silly placeDep ROOT @grpc/grpc-js@1.14.4 OK for: google-gax@5.0.8 want: ^1.12.6
323 silly placeDep functions @grpc/proto-loader@0.8.1 OK for: google-gax@5.0.8 want: ^0.8.0
324 silly placeDep functions/node_modules/google-gax google-auth-library@10.5.0 OK for: google-gax@5.0.8 want: 10.5.0
325 silly placeDep functions node-fetch@3.3.2 OK for: google-gax@5.0.8 want: ^3.3.2
326 silly placeDep functions proto3-json-serializer@3.0.4 OK for: google-gax@5.0.8 want: 3.0.4
327 silly placeDep functions retry-request@8.0.4 OK for: google-gax@5.0.8 want: ^8.0.2
328 silly placeDep ROOT rimraf@5.0.10 OK for: google-gax@5.0.8 want: ^5.0.1
329 silly fetch manifest gaxios@^7.0.0
330 silly packumentCache full:https://registry.npmjs.org/gaxios cache-miss
331 silly fetch manifest gtoken@^8.0.0
332 silly packumentCache full:https://registry.npmjs.org/gtoken cache-miss
333 silly fetch manifest teeny-request@^10.0.0
334 silly packumentCache full:https://registry.npmjs.org/teeny-request cache-miss
335 silly fetch manifest glob@^10.3.7
336 silly packumentCache full:https://registry.npmjs.org/glob cache-miss
337 http cache https://registry.npmjs.org/teeny-request 24ms (cache hit)
338 silly packumentCache full:https://registry.npmjs.org/teeny-request set size:180957 disposed:false
339 http cache https://registry.npmjs.org/gaxios 27ms (cache hit)
340 silly packumentCache full:https://registry.npmjs.org/gaxios set size:359495 disposed:false
341 http cache https://registry.npmjs.org/gtoken 30ms (cache hit)
342 silly packumentCache full:https://registry.npmjs.org/gtoken set size:155604 disposed:false
343 http fetch GET 200 https://registry.npmjs.org/glob 280ms (cache miss)
344 silly packumentCache full:https://registry.npmjs.org/glob set size:undefined disposed:false
345 silly placeDep ROOT debug@4.4.3 OK for: jwks-rsa@4.1.0 want: ^4.3.4
346 silly placeDep functions jose@6.2.7 OK for: jwks-rsa@4.1.0 want: ^6.1.3
347 silly placeDep functions lru-cache@11.5.2 OK for: jwks-rsa@4.1.0 want: ^11.0.0
348 silly placeDep functions lru-memoizer@3.0.0 OK for: jwks-rsa@4.1.0 want: ^3.0.0
349 silly fetch manifest ms@^2.1.3
350 silly packumentCache full:https://registry.npmjs.org/ms cache-miss
351 http cache https://registry.npmjs.org/ms 6ms (cache hit)
352 silly packumentCache full:https://registry.npmjs.org/ms set size:92208 disposed:false
353 silly placeDep functions teeny-request@10.1.4 OK for: retry-request@8.0.4 want: ^10.0.0
354 silly fetch manifest http-proxy-agent@^7.0.0
355 silly packumentCache full:https://registry.npmjs.org/http-proxy-agent cache-miss
356 http cache https://registry.npmjs.org/http-proxy-agent 4ms (cache hit)
357 silly packumentCache full:https://registry.npmjs.org/http-proxy-agent set size:57253 disposed:false
358 silly placeDep functions http-proxy-agent@7.0.2 OK for: teeny-request@10.1.4 want: ^7.0.0
359 silly placeDep ROOT @firebase/component@0.7.4 OK for: @firebase/database-compat@2.1.5 want: 0.7.4
360 silly placeDep ROOT @firebase/database@1.1.4 OK for: @firebase/database-compat@2.1.5 want: 1.1.4
361 silly placeDep ROOT @firebase/logger@0.5.1 OK for: @firebase/database-compat@2.1.5 want: 0.5.1
362 silly placeDep ROOT @firebase/util@1.15.2 OK for: @firebase/database-compat@2.1.5 want: 1.15.2
363 silly fetch manifest faye-websocket@0.11.4
364 silly packumentCache full:https://registry.npmjs.org/faye-websocket cache-miss
365 silly fetch manifest @firebase/auth-interop-types@0.2.5
366 silly packumentCache full:https://registry.npmjs.org/@firebase%2fauth-interop-types cache-miss
367 silly fetch manifest @firebase/app-check-interop-types@0.3.4
368 silly packumentCache full:https://registry.npmjs.org/@firebase%2fapp-check-interop-types cache-miss
369 http cache https://registry.npmjs.org/faye-websocket 17ms (cache hit)
370 silly packumentCache full:https://registry.npmjs.org/faye-websocket set size:45682 disposed:false
371 http cache https://registry.npmjs.org/@firebase%2fapp-check-interop-types 22ms (cache hit)
372 silly packumentCache full:https://registry.npmjs.org/@firebase%2fapp-check-interop-types set size:3700034 disposed:false
373 http cache https://registry.npmjs.org/@firebase%2fauth-interop-types 44ms (cache hit)
374 silly packumentCache full:https://registry.npmjs.org/@firebase%2fauth-interop-types set size:6609671 disposed:false
375 silly placeDep ROOT @firebase/app-check-interop-types@0.3.4 OK for: @firebase/database@1.1.4 want: 0.3.4
376 silly placeDep ROOT @firebase/auth-interop-types@0.2.5 OK for: @firebase/database@1.1.4 want: 0.2.5
377 silly placeDep ROOT faye-websocket@0.11.4 OK for: @firebase/database@1.1.4 want: 0.11.4
378 silly fetch manifest websocket-driver@>=0.5.1
379 silly packumentCache full:https://registry.npmjs.org/websocket-driver cache-miss
380 http cache https://registry.npmjs.org/websocket-driver 6ms (cache hit)
381 silly packumentCache full:https://registry.npmjs.org/websocket-driver set size:57610 disposed:false
382 silly placeDep ROOT @firebase/app-types@0.9.5 OK for: @firebase/database-types@1.0.21 want: 0.9.5
383 silly placeDep node_modules/@grpc/grpc-js @grpc/proto-loader@0.8.1 OK for: @grpc/grpc-js@1.14.4 want: ^0.8.0
384 silly placeDep ROOT ms@2.1.3 OK for: debug@4.4.3 want: ^2.1.3
385 silly placeDep ROOT websocket-driver@0.7.5 OK for: faye-websocket@0.11.4 want: >=0.5.1
386 silly fetch manifest http-parser-js@>=0.5.1
387 silly packumentCache full:https://registry.npmjs.org/http-parser-js cache-miss
388 silly fetch manifest websocket-extensions@>=0.1.1
389 silly packumentCache full:https://registry.npmjs.org/websocket-extensions cache-miss
390 http cache https://registry.npmjs.org/websocket-extensions 12ms (cache hit)
391 silly packumentCache full:https://registry.npmjs.org/websocket-extensions set size:22792 disposed:false
392 http cache https://registry.npmjs.org/http-parser-js 14ms (cache hit)
393 silly packumentCache full:https://registry.npmjs.org/http-parser-js set size:68161 disposed:false
394 silly fetch manifest @react-native-async-storage/async-storage@^2.2.0 || ^3.0.0
395 silly packumentCache full:https://registry.npmjs.org/@react-native-async-storage%2fasync-storage cache-miss
396 http cache https://registry.npmjs.org/@react-native-async-storage%2fasync-storage 5ms (cache hit)
397 silly packumentCache full:https://registry.npmjs.org/@react-native-async-storage%2fasync-storage set size:421043 disposed:false
398 silly fetch manifest react@*
399 silly packumentCache full:https://registry.npmjs.org/react cache-miss
400 http cache https://registry.npmjs.org/react 16ms (cache hit)
401 silly packumentCache full:https://registry.npmjs.org/react set size:6859098 disposed:false
402 silly fetch manifest react-native@*
403 silly packumentCache full:https://registry.npmjs.org/react-native cache-miss
404 http cache https://registry.npmjs.org/react-native 29ms (cache hit)
405 silly packumentCache full:https://registry.npmjs.org/react-native set size:15598608 disposed:false
406 silly fetch manifest @react-native/jest-preset@0.86.2
407 silly packumentCache full:https://registry.npmjs.org/@react-native%2fjest-preset cache-miss
408 http cache https://registry.npmjs.org/@react-native%2fjest-preset 4ms (cache hit)
409 silly packumentCache full:https://registry.npmjs.org/@react-native%2fjest-preset set size:317218 disposed:false
410 silly fetch manifest @types/react@^19.1.1
411 silly packumentCache full:https://registry.npmjs.org/@types%2freact cache-miss
412 http cache https://registry.npmjs.org/@types%2freact 8ms (cache hit)
413 silly packumentCache full:https://registry.npmjs.org/@types%2freact set size:2637439 disposed:false
414 silly placeDep ROOT @firebase/ai@2.14.0 OK for: firebase@12.17.0 want: 2.14.0
415 silly placeDep ROOT @firebase/app@0.16.0 OK for: @firebase/ai@2.14.0 want: 0.x
416 silly placeDep ROOT @firebase/analytics@0.10.23 OK for: firebase@12.17.0 want: 0.10.23
417 silly placeDep ROOT @firebase/analytics-compat@0.2.29 OK for: firebase@12.17.0 want: 0.2.29
418 silly placeDep ROOT @firebase/app-compat@0.5.16 OK for: @firebase/analytics-compat@0.2.29 want: 0.x
419 silly placeDep ROOT @firebase/app-check@0.13.0 OK for: firebase@12.17.0 want: 0.13.0
420 silly placeDep ROOT @firebase/app-check-compat@0.4.6 OK for: firebase@12.17.0 want: 0.4.6
421 silly placeDep ROOT @firebase/auth@1.13.4 OK for: firebase@12.17.0 want: 1.13.4
422 silly placeDep ROOT @firebase/auth-compat@0.6.9 OK for: firebase@12.17.0 want: 0.6.9
423 silly placeDep ROOT @firebase/data-connect@0.7.2 OK for: firebase@12.17.0 want: 0.7.2
424 silly placeDep ROOT @firebase/firestore@4.17.0 OK for: firebase@12.17.0 want: 4.17.0
425 silly placeDep ROOT @firebase/firestore-compat@0.4.12 OK for: firebase@12.17.0 want: 0.4.12
426 silly placeDep ROOT @firebase/functions@0.13.6 OK for: firebase@12.17.0 want: 0.13.6
427 silly placeDep ROOT @firebase/functions-compat@0.4.6 OK for: firebase@12.17.0 want: 0.4.6
428 silly placeDep ROOT @firebase/installations@0.6.23 OK for: firebase@12.17.0 want: 0.6.23
429 silly placeDep ROOT @firebase/installations-compat@0.2.23 OK for: firebase@12.17.0 want: 0.2.23
430 silly placeDep ROOT @firebase/messaging@0.13.1 OK for: firebase@12.17.0 want: 0.13.1
431 silly placeDep ROOT @firebase/messaging-compat@0.2.28 OK for: firebase@12.17.0 want: 0.2.28
432 silly placeDep ROOT @firebase/performance@0.7.13 OK for: firebase@12.17.0 want: 0.7.13
433 silly placeDep ROOT @firebase/performance-compat@0.2.26 OK for: firebase@12.17.0 want: 0.2.26
434 silly placeDep ROOT @firebase/remote-config@0.9.1 OK for: firebase@12.17.0 want: 0.9.1
435 silly placeDep ROOT @firebase/remote-config-compat@0.2.28 OK for: firebase@12.17.0 want: 0.2.28
436 silly placeDep ROOT @firebase/storage@0.14.4 OK for: firebase@12.17.0 want: 0.14.4
437 silly placeDep ROOT @firebase/storage-compat@0.4.4 OK for: firebase@12.17.0 want: 0.4.4
438 silly fetch manifest idb@7.1.1
439 silly packumentCache full:https://registry.npmjs.org/idb cache-miss
440 silly fetch manifest @firebase/analytics-types@0.8.4
441 silly packumentCache full:https://registry.npmjs.org/@firebase%2fanalytics-types cache-miss
442 silly fetch manifest @firebase/app-check-types@0.5.4
443 silly packumentCache full:https://registry.npmjs.org/@firebase%2fapp-check-types cache-miss
444 silly fetch manifest @firebase/auth-types@0.13.1
445 silly packumentCache full:https://registry.npmjs.org/@firebase%2fauth-types cache-miss
446 silly fetch manifest re2js@^2.8.3
447 silly packumentCache full:https://registry.npmjs.org/re2js cache-miss
448 silly fetch manifest @grpc/grpc-js@~1.9.0
449 silly packumentCache full:https://registry.npmjs.org/@grpc%2fgrpc-js cache-hit
450 silly fetch manifest @firebase/webchannel-wrapper@1.0.6
451 silly packumentCache full:https://registry.npmjs.org/@firebase%2fwebchannel-wrapper cache-miss
452 silly fetch manifest @firebase/firestore-types@3.0.4
453 silly packumentCache full:https://registry.npmjs.org/@firebase%2ffirestore-types cache-miss
454 silly fetch manifest @firebase/messaging-interop-types@0.2.5
455 silly packumentCache full:https://registry.npmjs.org/@firebase%2fmessaging-interop-types cache-miss
456 silly fetch manifest @firebase/functions-types@0.6.4
457 silly packumentCache full:https://registry.npmjs.org/@firebase%2ffunctions-types cache-miss
458 silly fetch manifest idb@7.1.1
459 silly packumentCache full:https://registry.npmjs.org/idb cache-miss
460 silly fetch manifest @firebase/installations-types@0.5.4
461 silly packumentCache full:https://registry.npmjs.org/@firebase%2finstallations-types cache-miss
462 silly fetch manifest idb@7.1.1
463 silly packumentCache full:https://registry.npmjs.org/idb cache-miss
464 silly fetch manifest @firebase/messaging-interop-types@0.2.5
465 silly packumentCache full:https://registry.npmjs.org/@firebase%2fmessaging-interop-types cache-miss
466 silly fetch manifest web-vitals@^4.2.4
467 silly packumentCache full:https://registry.npmjs.org/web-vitals cache-miss
468 silly fetch manifest @firebase/performance-types@0.2.4
469 silly packumentCache full:https://registry.npmjs.org/@firebase%2fperformance-types cache-miss
470 http cache https://registry.npmjs.org/idb 43ms (cache hit)
471 silly packumentCache full:https://registry.npmjs.org/idb set size:170881 disposed:false
472 silly fetch manifest @firebase/remote-config-types@0.5.1
473 silly packumentCache full:https://registry.npmjs.org/@firebase%2fremote-config-types cache-miss
474 http cache https://registry.npmjs.org/@firebase%2fapp-check-types 50ms (cache hit)
475 silly packumentCache full:https://registry.npmjs.org/@firebase%2fapp-check-types set size:3642592 disposed:false
476 silly fetch manifest @firebase/storage-types@0.8.4
477 silly packumentCache full:https://registry.npmjs.org/@firebase%2fstorage-types cache-miss
478 http cache https://registry.npmjs.org/@firebase%2fanalytics-types 83ms (cache hit)
479 silly packumentCache full:https://registry.npmjs.org/@firebase%2fanalytics-types set size:6708090 disposed:false
480 http cache https://registry.npmjs.org/@firebase%2ffunctions-types 123ms (cache hit)
481 silly packumentCache full:https://registry.npmjs.org/@firebase%2ffunctions-types set size:8544331 disposed:false
482 http cache https://registry.npmjs.org/@firebase%2fwebchannel-wrapper 165ms (cache hit)
483 silly packumentCache full:https://registry.npmjs.org/@firebase%2fwebchannel-wrapper set size:10732286 disposed:false
484 http cache https://registry.npmjs.org/web-vitals 195ms (cache hit)
485 silly packumentCache full:https://registry.npmjs.org/web-vitals set size:626800 disposed:false
486 http cache https://registry.npmjs.org/@firebase%2finstallations-types 211ms (cache hit)
487 silly packumentCache full:https://registry.npmjs.org/@firebase%2finstallations-types set size:7504523 disposed:false
488 http cache https://registry.npmjs.org/@firebase%2fauth-types 246ms (cache hit)
489 silly packumentCache full:https://registry.npmjs.org/@firebase%2fauth-types set size:8924693 disposed:false
490 http cache https://registry.npmjs.org/@firebase%2ffirestore-types 283ms (cache hit)
491 silly packumentCache full:https://registry.npmjs.org/@firebase%2ffirestore-types set size:9004042 disposed:false
492 http cache https://registry.npmjs.org/@firebase%2fmessaging-interop-types 349ms (cache hit)
493 silly packumentCache full:https://registry.npmjs.org/@firebase%2fmessaging-interop-types set size:3167060 disposed:false
494 http cache https://registry.npmjs.org/idb 360ms (cache hit)
495 silly packumentCache full:https://registry.npmjs.org/idb set size:170881 disposed:false
496 silly packumentCache full:https://registry.npmjs.org/idb dispose
497 http cache https://registry.npmjs.org/idb 361ms (cache hit)
498 silly packumentCache full:https://registry.npmjs.org/idb set size:170881 disposed:true
499 silly packumentCache full:https://registry.npmjs.org/idb dispose
500 http cache https://registry.npmjs.org/@firebase%2fmessaging-interop-types 368ms (cache hit)
501 silly packumentCache full:https://registry.npmjs.org/@firebase%2fmessaging-interop-types set size:3167060 disposed:false
502 http cache https://registry.npmjs.org/@firebase%2fperformance-types 388ms (cache hit)
503 silly packumentCache full:https://registry.npmjs.org/@firebase%2fperformance-types set size:7219972 disposed:false
504 http cache https://registry.npmjs.org/@firebase%2fremote-config-types 397ms (cache hit)
505 silly packumentCache full:https://registry.npmjs.org/@firebase%2fremote-config-types set size:6757661 disposed:false
506 http cache https://registry.npmjs.org/@firebase%2fstorage-types 404ms (cache hit)
507 silly packumentCache full:https://registry.npmjs.org/@firebase%2fstorage-types set size:8908577 disposed:false
508 http fetch GET 200 https://registry.npmjs.org/re2js 632ms (cache miss)
509 silly packumentCache full:https://registry.npmjs.org/re2js set size:undefined disposed:false
510 silly placeDep ROOT @firebase/analytics-types@0.8.4 OK for: @firebase/analytics-compat@0.2.29 want: 0.8.4
511 silly placeDep ROOT idb@7.1.1 OK for: @firebase/app@0.16.0 want: 7.1.1
512 silly placeDep ROOT @firebase/app-check-types@0.5.4 OK for: @firebase/app-check-compat@0.4.6 want: 0.5.4
513 silly fetch manifest @firebase/app-types@0.x
514 silly packumentCache full:https://registry.npmjs.org/@firebase%2fapp-types cache-miss
515 http cache https://registry.npmjs.org/@firebase%2fapp-types 20ms (cache hit)
516 silly packumentCache full:https://registry.npmjs.org/@firebase%2fapp-types set size:8591173 disposed:false
517 silly placeDep ROOT @firebase/auth-types@0.13.1 OK for: @firebase/auth-compat@0.6.9 want: 0.13.1
518 silly placeDep ROOT @firebase/webchannel-wrapper@1.0.6 OK for: @firebase/firestore@4.17.0 want: 1.0.6
519 silly placeDep node_modules/@firebase/firestore @grpc/grpc-js@1.9.16 OK for: @firebase/firestore@4.17.0 want: ~1.9.0
520 silly placeDep ROOT re2js@2.8.6 OK for: @firebase/firestore@4.17.0 want: ^2.8.3
521 silly placeDep ROOT @firebase/firestore-types@3.0.4 OK for: @firebase/firestore-compat@0.4.12 want: 3.0.4
522 silly placeDep ROOT @firebase/messaging-interop-types@0.2.5 OK for: @firebase/functions@0.13.6 want: 0.2.5
523 silly placeDep ROOT @firebase/functions-types@0.6.4 OK for: @firebase/functions-compat@0.4.6 want: 0.6.4
524 silly placeDep ROOT @firebase/installations-types@0.5.4 OK for: @firebase/installations-compat@0.2.23 want: 0.5.4
525 silly placeDep ROOT web-vitals@4.2.4 OK for: @firebase/performance@0.7.13 want: ^4.2.4
526 silly placeDep ROOT @firebase/performance-types@0.2.4 OK for: @firebase/performance-compat@0.2.26 want: 0.2.4
527 silly placeDep ROOT @firebase/remote-config-types@0.5.1 OK for: @firebase/remote-config-compat@0.2.28 want: 0.5.1
528 silly placeDep ROOT @firebase/storage-types@0.8.4 OK for: @firebase/storage-compat@0.4.4 want: 0.8.4
529 silly placeDep ROOT @types/express@5.0.6 OK for: firebase-functions@7.3.2 want: ^5.0.0
530 silly placeDep ROOT express@5.2.1 OK for: firebase-functions@7.3.2 want: ^5.2.1
531 silly fetch manifest @types/body-parser@*
532 silly packumentCache full:https://registry.npmjs.org/@types%2fbody-parser cache-miss
533 silly fetch manifest @types/serve-static@^2
534 silly packumentCache full:https://registry.npmjs.org/@types%2fserve-static cache-miss
535 silly fetch manifest @types/express-serve-static-core@^5.0.0
536 silly packumentCache full:https://registry.npmjs.org/@types%2fexpress-serve-static-core cache-miss
537 silly fetch manifest qs@^6.14.0
538 silly packumentCache full:https://registry.npmjs.org/qs cache-miss
539 silly fetch manifest depd@^2.0.0
540 silly packumentCache full:https://registry.npmjs.org/depd cache-miss
541 silly fetch manifest etag@^1.8.1
542 silly packumentCache full:https://registry.npmjs.org/etag cache-miss
543 silly fetch manifest send@^1.1.0
544 silly packumentCache full:https://registry.npmjs.org/send cache-miss
545 silly fetch manifest fresh@^2.0.0
546 silly packumentCache full:https://registry.npmjs.org/fresh cache-miss
547 silly fetch manifest cookie@^0.7.1
548 silly packumentCache full:https://registry.npmjs.org/cookie cache-miss
549 silly fetch manifest router@^2.2.0
550 silly packumentCache full:https://registry.npmjs.org/router cache-miss
551 silly fetch manifest accepts@^2.0.0
552 silly packumentCache full:https://registry.npmjs.org/accepts cache-miss
553 silly fetch manifest type-is@^2.0.1
554 silly packumentCache full:https://registry.npmjs.org/type-is cache-miss
555 silly fetch manifest parseurl@^1.3.3
556 silly packumentCache full:https://registry.npmjs.org/parseurl cache-miss
557 silly fetch manifest statuses@^2.0.1
558 silly packumentCache full:https://registry.npmjs.org/statuses cache-miss
559 silly fetch manifest encodeurl@^2.0.0
560 silly packumentCache full:https://registry.npmjs.org/encodeurl cache-miss
561 http cache https://registry.npmjs.org/@types%2fserve-static 18ms (cache hit)
562 silly packumentCache full:https://registry.npmjs.org/@types%2fserve-static set size:70859 disposed:false
563 silly fetch manifest mime-types@^3.0.0
564 silly packumentCache full:https://registry.npmjs.org/mime-types cache-miss
565 http cache https://registry.npmjs.org/@types%2fbody-parser 19ms (cache hit)
566 silly packumentCache full:https://registry.npmjs.org/@types%2fbody-parser set size:59466 disposed:false
567 silly fetch manifest proxy-addr@^2.0.7
568 silly packumentCache full:https://registry.npmjs.org/proxy-addr cache-miss
569 http cache https://registry.npmjs.org/qs 20ms (cache hit)
570 silly packumentCache full:https://registry.npmjs.org/qs set size:360318 disposed:false
571 silly fetch manifest body-parser@^2.2.1
572 silly packumentCache full:https://registry.npmjs.org/body-parser cache-miss
573 http cache https://registry.npmjs.org/fresh 23ms (cache hit)
574 silly packumentCache full:https://registry.npmjs.org/fresh set size:25427 disposed:false
575 silly fetch manifest escape-html@^1.0.3
576 silly packumentCache full:https://registry.npmjs.org/escape-html cache-miss
577 http cache https://registry.npmjs.org/etag 24ms (cache hit)
578 silly packumentCache full:https://registry.npmjs.org/etag set size:30032 disposed:false
579 silly fetch manifest http-errors@^2.0.0
580 silly packumentCache full:https://registry.npmjs.org/http-errors cache-miss
581 http cache https://registry.npmjs.org/@types%2fexpress-serve-static-core 26ms (cache hit)
582 silly packumentCache full:https://registry.npmjs.org/@types%2fexpress-serve-static-core set size:271755 disposed:false
583 silly fetch manifest on-finished@^2.4.1
584 silly packumentCache full:https://registry.npmjs.org/on-finished cache-miss
585 http cache https://registry.npmjs.org/send 27ms (cache hit)
586 silly packumentCache full:https://registry.npmjs.org/send set size:152810 disposed:false
587 silly fetch manifest content-type@^1.0.5
588 silly packumentCache full:https://registry.npmjs.org/content-type cache-miss
589 http cache https://registry.npmjs.org/depd 29ms (cache hit)
590 silly packumentCache full:https://registry.npmjs.org/depd set size:40182 disposed:false
591 silly fetch manifest finalhandler@^2.1.0
592 silly packumentCache full:https://registry.npmjs.org/finalhandler cache-miss
593 http cache https://registry.npmjs.org/cookie 30ms (cache hit)
594 silly packumentCache full:https://registry.npmjs.org/cookie set size:78274 disposed:false
595 silly fetch manifest range-parser@^1.2.1
596 silly packumentCache full:https://registry.npmjs.org/range-parser cache-miss
597 http cache https://registry.npmjs.org/parseurl 30ms (cache hit)
598 silly packumentCache full:https://registry.npmjs.org/parseurl set size:24148 disposed:false
599 silly fetch manifest serve-static@^2.2.0
600 silly packumentCache full:https://registry.npmjs.org/serve-static cache-miss
601 http cache https://registry.npmjs.org/type-is 31ms (cache hit)
602 silly packumentCache full:https://registry.npmjs.org/type-is set size:88614 disposed:false
603 silly fetch manifest cookie-signature@^1.2.1
604 silly packumentCache full:https://registry.npmjs.org/cookie-signature cache-miss
605 http cache https://registry.npmjs.org/accepts 33ms (cache hit)
606 silly packumentCache full:https://registry.npmjs.org/accepts set size:77054 disposed:false
607 silly fetch manifest merge-descriptors@^2.0.0
608 silly packumentCache full:https://registry.npmjs.org/merge-descriptors cache-miss
609 http cache https://registry.npmjs.org/statuses 34ms (cache hit)
610 silly packumentCache full:https://registry.npmjs.org/statuses set size:37117 disposed:false
611 silly fetch manifest content-disposition@^1.0.0
612 silly packumentCache full:https://registry.npmjs.org/content-disposition cache-miss
613 http cache https://registry.npmjs.org/encodeurl 35ms (cache hit)
614 silly packumentCache full:https://registry.npmjs.org/encodeurl set size:12296 disposed:false
615 http cache https://registry.npmjs.org/body-parser 25ms (cache hit)
616 silly packumentCache full:https://registry.npmjs.org/body-parser set size:204559 disposed:false
617 http cache https://registry.npmjs.org/mime-types 31ms (cache hit)
618 silly packumentCache full:https://registry.npmjs.org/mime-types set size:139110 disposed:false
619 http cache https://registry.npmjs.org/proxy-addr 32ms (cache hit)
620 silly packumentCache full:https://registry.npmjs.org/proxy-addr set size:61619 disposed:false
621 http cache https://registry.npmjs.org/escape-html 28ms (cache hit)
622 silly packumentCache full:https://registry.npmjs.org/escape-html set size:7345 disposed:false
623 http cache https://registry.npmjs.org/serve-static 21ms (cache hit)
624 silly packumentCache full:https://registry.npmjs.org/serve-static set size:150391 disposed:false
625 http cache https://registry.npmjs.org/on-finished 27ms (cache hit)
626 silly packumentCache full:https://registry.npmjs.org/on-finished set size:23212 disposed:false
627 http cache https://registry.npmjs.org/content-type 26ms (cache hit)
628 silly packumentCache full:https://registry.npmjs.org/content-type set size:18994 disposed:false
629 http cache https://registry.npmjs.org/finalhandler 25ms (cache hit)
630 silly packumentCache full:https://registry.npmjs.org/finalhandler set size:79291 disposed:false
631 http cache https://registry.npmjs.org/http-errors 31ms (cache hit)
632 silly packumentCache full:https://registry.npmjs.org/http-errors set size:71987 disposed:false
633 http cache https://registry.npmjs.org/range-parser 26ms (cache hit)
634 silly packumentCache full:https://registry.npmjs.org/range-parser set size:24852 disposed:false
635 http cache https://registry.npmjs.org/cookie-signature 25ms (cache hit)
636 silly packumentCache full:https://registry.npmjs.org/cookie-signature set size:21777 disposed:false
637 http cache https://registry.npmjs.org/merge-descriptors 23ms (cache hit)
638 silly packumentCache full:https://registry.npmjs.org/merge-descriptors set size:16527 disposed:false
639 http cache https://registry.npmjs.org/content-disposition 23ms (cache hit)
640 silly packumentCache full:https://registry.npmjs.org/content-disposition set size:42862 disposed:false
641 http fetch GET 200 https://registry.npmjs.org/router 244ms (cache miss)
642 silly packumentCache full:https://registry.npmjs.org/router set size:undefined disposed:false
643 silly placeDep ROOT @types/body-parser@1.19.6 OK for: @types/express@5.0.6 want: *
644 silly placeDep ROOT @types/express-serve-static-core@5.1.3 OK for: @types/express@5.0.6 want: ^5.0.0
645 silly placeDep ROOT @types/serve-static@2.2.0 OK for: @types/express@5.0.6 want: ^2
646 silly fetch manifest @types/connect@*
647 silly packumentCache full:https://registry.npmjs.org/@types%2fconnect cache-miss
648 silly fetch manifest @types/qs@*
649 silly packumentCache full:https://registry.npmjs.org/@types%2fqs cache-miss
650 silly fetch manifest @types/send@*
651 silly packumentCache full:https://registry.npmjs.org/@types%2fsend cache-miss
652 silly fetch manifest @types/range-parser@*
653 silly packumentCache full:https://registry.npmjs.org/@types%2frange-parser cache-miss
654 silly fetch manifest @types/http-errors@*
655 silly packumentCache full:https://registry.npmjs.org/@types%2fhttp-errors cache-miss
656 http cache https://registry.npmjs.org/@types%2fsend 16ms (cache hit)
657 silly packumentCache full:https://registry.npmjs.org/@types%2fsend set size:29985 disposed:false
658 http cache https://registry.npmjs.org/@types%2frange-parser 18ms (cache hit)
659 silly packumentCache full:https://registry.npmjs.org/@types%2frange-parser set size:15278 disposed:false
660 http cache https://registry.npmjs.org/@types%2fconnect 18ms (cache hit)
661 silly packumentCache full:https://registry.npmjs.org/@types%2fconnect set size:31512 disposed:false
662 http cache https://registry.npmjs.org/@types%2fqs 19ms (cache hit)
663 silly packumentCache full:https://registry.npmjs.org/@types%2fqs set size:84522 disposed:false
664 http cache https://registry.npmjs.org/@types%2fhttp-errors 20ms (cache hit)
665 silly packumentCache full:https://registry.npmjs.org/@types%2fhttp-errors set size:48994 disposed:false
666 silly placeDep ROOT @types/connect@3.4.38 OK for: @types/body-parser@1.19.6 want: *
667 silly placeDep ROOT @types/qs@6.15.1 OK for: @types/express-serve-static-core@5.1.3 want: *
668 silly placeDep ROOT @types/range-parser@1.2.7 OK for: @types/express-serve-static-core@5.1.3 want: *
669 silly placeDep ROOT @types/send@1.2.1 OK for: @types/express-serve-static-core@5.1.3 want: *
670 silly placeDep ROOT @types/http-errors@2.0.5 OK for: @types/serve-static@2.2.0 want: *
671 silly placeDep ROOT accepts@2.0.0 OK for: express@5.2.1 want: ^2.0.0
672 silly placeDep ROOT body-parser@2.3.0 OK for: express@5.2.1 want: ^2.2.1
673 silly placeDep ROOT content-disposition@1.1.0 OK for: express@5.2.1 want: ^1.0.0
674 silly placeDep ROOT content-type@1.0.5 OK for: express@5.2.1 want: ^1.0.5
675 silly placeDep ROOT cookie@0.7.2 OK for: express@5.2.1 want: ^0.7.1
676 silly placeDep ROOT cookie-signature@1.2.2 OK for: express@5.2.1 want: ^1.2.1
677 silly placeDep ROOT depd@2.0.0 OK for: express@5.2.1 want: ^2.0.0
678 silly placeDep ROOT encodeurl@2.0.0 OK for: express@5.2.1 want: ^2.0.0
679 silly placeDep ROOT escape-html@1.0.3 OK for: express@5.2.1 want: ^1.0.3
680 silly placeDep ROOT etag@1.8.1 OK for: express@5.2.1 want: ^1.8.1
681 silly placeDep ROOT finalhandler@2.1.1 OK for: express@5.2.1 want: ^2.1.0
682 silly placeDep ROOT fresh@2.0.0 OK for: express@5.2.1 want: ^2.0.0
683 silly placeDep ROOT http-errors@2.0.1 OK for: express@5.2.1 want: ^2.0.0
684 silly placeDep ROOT merge-descriptors@2.0.0 OK for: express@5.2.1 want: ^2.0.0
685 silly placeDep node_modules/express mime-types@3.0.2 OK for: express@5.2.1 want: ^3.0.0
686 silly placeDep ROOT on-finished@2.4.1 OK for: express@5.2.1 want: ^2.4.1
687 silly placeDep ROOT parseurl@1.3.3 OK for: express@5.2.1 want: ^1.3.3
688 silly placeDep ROOT proxy-addr@2.0.7 OK for: express@5.2.1 want: ^2.0.7
689 silly placeDep ROOT qs@6.15.3 OK for: express@5.2.1 want: ^6.14.0
690 silly placeDep ROOT range-parser@1.3.0 OK for: express@5.2.1 want: ^1.2.1
691 silly placeDep ROOT router@2.2.0 OK for: express@5.2.1 want: ^2.2.0
692 silly placeDep ROOT send@1.2.1 OK for: express@5.2.1 want: ^1.1.0
693 silly placeDep ROOT serve-static@2.2.1 OK for: express@5.2.1 want: ^2.2.0
694 silly placeDep ROOT statuses@2.0.2 OK for: express@5.2.1 want: ^2.0.1
695 silly placeDep ROOT type-is@2.1.0 OK for: express@5.2.1 want: ^2.0.1
696 silly fetch manifest negotiator@^1.0.0
697 silly packumentCache full:https://registry.npmjs.org/negotiator cache-miss
698 silly fetch manifest qs@^6.15.2
699 silly packumentCache full:https://registry.npmjs.org/qs cache-hit
700 silly fetch manifest bytes@^3.1.2
701 silly packumentCache full:https://registry.npmjs.org/bytes cache-miss
702 silly fetch manifest type-is@^2.1.0
703 silly packumentCache full:https://registry.npmjs.org/type-is cache-hit
704 silly fetch manifest raw-body@^3.0.2
705 silly packumentCache full:https://registry.npmjs.org/raw-body cache-miss
706 silly fetch manifest iconv-lite@^0.7.2
707 silly packumentCache full:https://registry.npmjs.org/iconv-lite cache-miss
708 silly fetch manifest http-errors@^2.0.1
709 silly packumentCache full:https://registry.npmjs.org/http-errors cache-hit
710 silly fetch manifest content-type@^2.0.0
711 silly packumentCache full:https://registry.npmjs.org/content-type cache-hit
712 silly fetch manifest setprototypeof@~1.2.0
713 silly packumentCache full:https://registry.npmjs.org/setprototypeof cache-miss
714 silly fetch manifest statuses@~2.0.2
715 silly packumentCache full:https://registry.npmjs.org/statuses cache-hit
716 silly fetch manifest toidentifier@~1.0.1
717 silly packumentCache full:https://registry.npmjs.org/toidentifier cache-miss
718 silly fetch manifest mime-db@^1.54.0
719 silly packumentCache full:https://registry.npmjs.org/mime-db cache-miss
720 silly fetch manifest ee-first@1.1.1
721 silly packumentCache full:https://registry.npmjs.org/ee-first cache-miss
722 silly fetch manifest forwarded@0.2.0
723 silly packumentCache full:https://registry.npmjs.org/forwarded cache-miss
724 silly fetch manifest ipaddr.js@1.9.1
725 silly packumentCache full:https://registry.npmjs.org/ipaddr.js cache-miss
726 silly fetch manifest side-channel@^1.1.1
727 silly packumentCache full:https://registry.npmjs.org/side-channel cache-miss
728 silly fetch manifest is-promise@^4.0.0
729 silly packumentCache full:https://registry.npmjs.org/is-promise cache-miss
730 silly fetch manifest path-to-regexp@^8.0.0
731 silly packumentCache full:https://registry.npmjs.org/path-to-regexp cache-miss
732 silly fetch manifest mime-types@^3.0.2
733 silly packumentCache full:https://registry.npmjs.org/mime-types cache-hit
734 silly fetch manifest statuses@^2.0.2
735 silly packumentCache full:https://registry.npmjs.org/statuses cache-hit
736 silly fetch manifest media-typer@^1.1.0
737 silly packumentCache full:https://registry.npmjs.org/media-typer cache-miss
738 http cache https://registry.npmjs.org/bytes 17ms (cache hit)
739 silly packumentCache full:https://registry.npmjs.org/bytes set size:37018 disposed:false
740 http cache https://registry.npmjs.org/negotiator 19ms (cache hit)
741 silly packumentCache full:https://registry.npmjs.org/negotiator set size:48046 disposed:false
742 http cache https://registry.npmjs.org/toidentifier 16ms (cache hit)
743 silly packumentCache full:https://registry.npmjs.org/toidentifier set size:12006 disposed:false
744 http cache https://registry.npmjs.org/raw-body 21ms (cache hit)
745 silly packumentCache full:https://registry.npmjs.org/raw-body set size:120042 disposed:false
746 http cache https://registry.npmjs.org/setprototypeof 22ms (cache hit)
747 silly packumentCache full:https://registry.npmjs.org/setprototypeof set size:14532 disposed:false
748 http cache https://registry.npmjs.org/ipaddr.js 20ms (cache hit)
749 silly packumentCache full:https://registry.npmjs.org/ipaddr.js set size:69549 disposed:false
750 http cache https://registry.npmjs.org/iconv-lite 24ms (cache hit)
751 silly packumentCache full:https://registry.npmjs.org/iconv-lite set size:126462 disposed:false
752 http cache https://registry.npmjs.org/ee-first 22ms (cache hit)
753 silly packumentCache full:https://registry.npmjs.org/ee-first set size:15327 disposed:false
754 http cache https://registry.npmjs.org/forwarded 23ms (cache hit)
755 silly packumentCache full:https://registry.npmjs.org/forwarded set size:11229 disposed:false
756 http cache https://registry.npmjs.org/path-to-regexp 21ms (cache hit)
757 silly packumentCache full:https://registry.npmjs.org/path-to-regexp set size:216334 disposed:false
758 http cache https://registry.npmjs.org/mime-db 25ms (cache hit)
759 silly packumentCache full:https://registry.npmjs.org/mime-db set size:164953 disposed:false
760 http cache https://registry.npmjs.org/side-channel 26ms (cache hit)
761 silly packumentCache full:https://registry.npmjs.org/side-channel set size:27650 disposed:false
762 http cache https://registry.npmjs.org/media-typer 25ms (cache hit)
763 silly packumentCache full:https://registry.npmjs.org/media-typer set size:22074 disposed:false
764 http fetch GET 200 https://registry.npmjs.org/is-promise 30ms (cache miss)
765 silly packumentCache full:https://registry.npmjs.org/is-promise set size:undefined disposed:false
766 silly placeDep node_modules/accepts mime-types@3.0.2 OK for: accepts@2.0.0 want: ^3.0.0
767 silly placeDep ROOT negotiator@1.0.0 OK for: accepts@2.0.0 want: ^1.0.0
768 silly placeDep ROOT bytes@3.1.2 OK for: body-parser@2.3.0 want: ^3.1.2
769 silly placeDep node_modules/body-parser content-type@2.0.0 OK for: body-parser@2.3.0 want: ^2.0.0
770 silly placeDep ROOT iconv-lite@0.7.3 OK for: body-parser@2.3.0 want: ^0.7.2
771 silly placeDep ROOT raw-body@3.0.2 OK for: body-parser@2.3.0 want: ^3.0.2
772 silly fetch manifest safer-buffer@>= 2.1.2 < 3.0.0
773 silly packumentCache full:https://registry.npmjs.org/safer-buffer cache-miss
774 silly fetch manifest unpipe@~1.0.0
775 silly packumentCache full:https://registry.npmjs.org/unpipe cache-miss
776 http cache https://registry.npmjs.org/safer-buffer 4ms (cache hit)
777 silly packumentCache full:https://registry.npmjs.org/safer-buffer set size:18521 disposed:false
778 http cache https://registry.npmjs.org/unpipe 5ms (cache hit)
779 silly packumentCache full:https://registry.npmjs.org/unpipe set size:3609 disposed:false
780 silly placeDep ROOT setprototypeof@1.2.0 OK for: http-errors@2.0.1 want: ~1.2.0
781 silly placeDep ROOT toidentifier@1.0.1 OK for: http-errors@2.0.1 want: ~1.0.1
782 silly placeDep ROOT safer-buffer@2.1.2 OK for: iconv-lite@0.7.3 want: >= 2.1.2 < 3.0.0
783 silly placeDep ROOT @next/env@16.2.12 OK for: next@16.2.12 want: 16.2.12
784 silly placeDep ROOT @next/swc-darwin-arm64@16.2.12 OK for: next@16.2.12 want: 16.2.12
785 silly placeDep ROOT @next/swc-darwin-x64@16.2.12 OK for: next@16.2.12 want: 16.2.12
786 silly placeDep ROOT @next/swc-linux-arm64-gnu@16.2.12 OK for: next@16.2.12 want: 16.2.12
787 silly placeDep ROOT @next/swc-linux-arm64-musl@16.2.12 OK for: next@16.2.12 want: 16.2.12
788 silly placeDep ROOT @next/swc-linux-x64-gnu@16.2.12 OK for: next@16.2.12 want: 16.2.12
789 silly placeDep ROOT @next/swc-linux-x64-musl@16.2.12 OK for: next@16.2.12 want: 16.2.12
790 silly placeDep ROOT @next/swc-win32-arm64-msvc@16.2.12 OK for: next@16.2.12 want: 16.2.12
791 silly placeDep ROOT @next/swc-win32-x64-msvc@16.2.12 OK for: next@16.2.12 want: 16.2.12
792 silly placeDep ROOT baseline-browser-mapping@2.11.11 OK for: next@16.2.12 want: ^2.9.19
793 silly placeDep ROOT ee-first@1.1.1 OK for: on-finished@2.4.1 want: 1.1.1
794 silly placeDep ROOT forwarded@0.2.0 OK for: proxy-addr@2.0.7 want: 0.2.0
795 silly placeDep ROOT ipaddr.js@1.9.1 OK for: proxy-addr@2.0.7 want: 1.9.1
796 silly placeDep ROOT side-channel@1.1.1 OK for: qs@6.15.3 want: ^1.1.1
797 silly fetch manifest object-inspect@^1.13.4
798 silly packumentCache full:https://registry.npmjs.org/object-inspect cache-miss
799 silly fetch manifest side-channel-list@^1.0.1
800 silly packumentCache full:https://registry.npmjs.org/side-channel-list cache-miss
801 silly fetch manifest side-channel-map@^1.0.1
802 silly packumentCache full:https://registry.npmjs.org/side-channel-map cache-miss
803 silly fetch manifest side-channel-weakmap@^1.0.2
804 silly packumentCache full:https://registry.npmjs.org/side-channel-weakmap cache-miss
805 http cache https://registry.npmjs.org/side-channel-weakmap 6ms (cache hit)
806 silly packumentCache full:https://registry.npmjs.org/side-channel-weakmap set size:12620 disposed:false
807 http cache https://registry.npmjs.org/object-inspect 8ms (cache hit)
808 silly packumentCache full:https://registry.npmjs.org/object-inspect set size:101927 disposed:false
809 http cache https://registry.npmjs.org/side-channel-list 9ms (cache hit)
810 silly packumentCache full:https://registry.npmjs.org/side-channel-list set size:9021 disposed:false
811 http cache https://registry.npmjs.org/side-channel-map 9ms (cache hit)
812 silly packumentCache full:https://registry.npmjs.org/side-channel-map set size:9126 disposed:false
813 silly placeDep ROOT unpipe@1.0.0 OK for: raw-body@3.0.2 want: ~1.0.0
814 silly placeDep ROOT glob@10.5.0 OK for: rimraf@5.0.10 want: ^10.3.7
815 silly fetch manifest minipass@^7.1.2
816 silly packumentCache full:https://registry.npmjs.org/minipass cache-miss
817 silly fetch manifest jackspeak@^3.1.2
818 silly packumentCache full:https://registry.npmjs.org/jackspeak cache-miss
819 silly fetch manifest minimatch@^9.0.4
820 silly packumentCache full:https://registry.npmjs.org/minimatch cache-miss
821 silly fetch manifest path-scurry@^1.11.1
822 silly packumentCache full:https://registry.npmjs.org/path-scurry cache-miss
823 silly fetch manifest foreground-child@^3.1.0
824 silly packumentCache full:https://registry.npmjs.org/foreground-child cache-miss
825 silly fetch manifest package-json-from-dist@^1.0.0
826 silly packumentCache full:https://registry.npmjs.org/package-json-from-dist cache-miss
827 http fetch GET 200 https://registry.npmjs.org/minipass 33ms (cache miss)
828 silly packumentCache full:https://registry.npmjs.org/minipass set size:undefined disposed:false
829 http fetch GET 200 https://registry.npmjs.org/path-scurry 44ms (cache miss)
830 silly packumentCache full:https://registry.npmjs.org/path-scurry set size:undefined disposed:false
831 http fetch GET 200 https://registry.npmjs.org/minimatch 59ms (cache miss)
832 silly packumentCache full:https://registry.npmjs.org/minimatch set size:undefined disposed:false
833 http fetch GET 200 https://registry.npmjs.org/foreground-child 274ms (cache miss)
834 silly packumentCache full:https://registry.npmjs.org/foreground-child set size:undefined disposed:false
835 http fetch GET 200 https://registry.npmjs.org/jackspeak 278ms (cache miss)
836 silly packumentCache full:https://registry.npmjs.org/jackspeak set size:undefined disposed:false
837 http fetch GET 200 https://registry.npmjs.org/package-json-from-dist 585ms (cache miss)
838 silly packumentCache full:https://registry.npmjs.org/package-json-from-dist set size:undefined disposed:false
839 silly placeDep ROOT foreground-child@3.3.1 OK for: glob@10.5.0 want: ^3.1.0
840 silly placeDep ROOT jackspeak@3.4.3 OK for: glob@10.5.0 want: ^3.1.2
841 silly placeDep ROOT minimatch@9.0.9 OK for: glob@10.5.0 want: ^9.0.4
842 silly placeDep ROOT minipass@7.1.3 OK for: glob@10.5.0 want: ^7.1.2
843 silly placeDep ROOT package-json-from-dist@1.0.1 OK for: glob@10.5.0 want: ^1.0.0
844 silly placeDep ROOT path-scurry@1.11.1 OK for: glob@10.5.0 want: ^1.11.1
845 silly fetch manifest cross-spawn@^7.0.6
846 silly packumentCache full:https://registry.npmjs.org/cross-spawn cache-miss
847 silly fetch manifest signal-exit@^4.0.1
848 silly packumentCache full:https://registry.npmjs.org/signal-exit cache-miss
849 silly fetch manifest @isaacs/cliui@^8.0.2
850 silly packumentCache full:https://registry.npmjs.org/@isaacs%2fcliui cache-miss
851 silly fetch manifest @pkgjs/parseargs@^0.11.0
852 silly packumentCache full:https://registry.npmjs.org/@pkgjs%2fparseargs cache-miss
853 silly fetch manifest brace-expansion@^2.0.2
854 silly packumentCache full:https://registry.npmjs.org/brace-expansion cache-miss
855 silly fetch manifest lru-cache@^10.2.0
856 silly packumentCache full:https://registry.npmjs.org/lru-cache cache-hit
857 http fetch GET 200 https://registry.npmjs.org/signal-exit 22ms (cache miss)
858 silly packumentCache full:https://registry.npmjs.org/signal-exit set size:undefined disposed:false
859 http fetch GET 200 https://registry.npmjs.org/brace-expansion 23ms (cache miss)
860 silly packumentCache full:https://registry.npmjs.org/brace-expansion set size:undefined disposed:false
861 http fetch GET 200 https://registry.npmjs.org/cross-spawn 26ms (cache miss)
862 silly packumentCache full:https://registry.npmjs.org/cross-spawn set size:undefined disposed:false
863 http fetch GET 200 https://registry.npmjs.org/@isaacs%2fcliui 32ms (cache miss)
864 silly packumentCache full:https://registry.npmjs.org/@isaacs%2fcliui set size:undefined disposed:false
865 http fetch GET 200 https://registry.npmjs.org/@pkgjs%2fparseargs 34ms (cache miss)
866 silly packumentCache full:https://registry.npmjs.org/@pkgjs%2fparseargs set size:undefined disposed:false
867 silly placeDep ROOT cross-spawn@7.0.6 OK for: foreground-child@3.3.1 want: ^7.0.6
868 silly placeDep ROOT signal-exit@4.1.0 OK for: foreground-child@3.3.1 want: ^4.0.1
869 silly fetch manifest which@^2.0.1
870 silly packumentCache full:https://registry.npmjs.org/which cache-miss
871 silly fetch manifest path-key@^3.1.0
872 silly packumentCache full:https://registry.npmjs.org/path-key cache-miss
873 silly fetch manifest shebang-command@^2.0.0
874 silly packumentCache full:https://registry.npmjs.org/shebang-command cache-miss
875 http fetch GET 200 https://registry.npmjs.org/path-key 20ms (cache miss)
876 silly packumentCache full:https://registry.npmjs.org/path-key set size:undefined disposed:false
877 http fetch GET 200 https://registry.npmjs.org/shebang-command 21ms (cache miss)
878 silly packumentCache full:https://registry.npmjs.org/shebang-command set size:undefined disposed:false
879 http fetch GET 200 https://registry.npmjs.org/which 22ms (cache miss)
880 silly packumentCache full:https://registry.npmjs.org/which set size:undefined disposed:false
881 silly placeDep ROOT path-key@3.1.1 OK for: cross-spawn@7.0.6 want: ^3.1.0
882 silly placeDep ROOT shebang-command@2.0.0 OK for: cross-spawn@7.0.6 want: ^2.0.0
883 silly placeDep ROOT which@2.0.2 OK for: cross-spawn@7.0.6 want: ^2.0.1
884 silly fetch manifest shebang-regex@^3.0.0
885 silly packumentCache full:https://registry.npmjs.org/shebang-regex cache-miss
886 silly fetch manifest isexe@^2.0.0
887 silly packumentCache full:https://registry.npmjs.org/isexe cache-miss
888 http fetch GET 200 https://registry.npmjs.org/isexe 22ms (cache miss)
889 silly packumentCache full:https://registry.npmjs.org/isexe set size:undefined disposed:false
890 http fetch GET 200 https://registry.npmjs.org/shebang-regex 242ms (cache miss)
891 silly packumentCache full:https://registry.npmjs.org/shebang-regex set size:undefined disposed:false
892 silly placeDep ROOT @isaacs/cliui@8.0.2 OK for: jackspeak@3.4.3 want: ^8.0.2
893 silly placeDep ROOT @pkgjs/parseargs@0.11.0 OK for: jackspeak@3.4.3 want: ^0.11.0
894 silly fetch manifest wrap-ansi@^8.1.0
895 silly packumentCache full:https://registry.npmjs.org/wrap-ansi cache-miss
896 silly fetch manifest strip-ansi@^7.0.1
897 silly packumentCache full:https://registry.npmjs.org/strip-ansi cache-miss
898 silly fetch manifest string-width@^5.1.2
899 silly packumentCache full:https://registry.npmjs.org/string-width cache-miss
900 silly fetch manifest wrap-ansi-cjs@npm:wrap-ansi@^7.0.0
901 silly packumentCache full:https://registry.npmjs.org/wrap-ansi cache-miss
902 silly fetch manifest strip-ansi-cjs@npm:strip-ansi@^6.0.1
903 silly packumentCache full:https://registry.npmjs.org/strip-ansi cache-miss
904 silly fetch manifest string-width-cjs@npm:string-width@^4.2.0
905 silly packumentCache full:https://registry.npmjs.org/string-width cache-miss
906 http cache https://registry.npmjs.org/string-width 8ms (cache hit)
907 silly packumentCache full:https://registry.npmjs.org/string-width set size:72458 disposed:false
908 http cache https://registry.npmjs.org/wrap-ansi 9ms (cache hit)
909 silly packumentCache full:https://registry.npmjs.org/wrap-ansi set size:55299 disposed:false
910 http cache https://registry.npmjs.org/wrap-ansi 9ms (cache hit)
911 silly packumentCache full:https://registry.npmjs.org/wrap-ansi set size:55299 disposed:false
912 silly packumentCache full:https://registry.npmjs.org/wrap-ansi dispose
913 http cache https://registry.npmjs.org/strip-ansi 11ms (cache hit)
914 silly packumentCache full:https://registry.npmjs.org/strip-ansi set size:44998 disposed:false
915 http cache https://registry.npmjs.org/string-width 10ms (cache hit)
916 silly packumentCache full:https://registry.npmjs.org/string-width set size:72458 disposed:false
917 silly packumentCache full:https://registry.npmjs.org/string-width dispose
918 http cache https://registry.npmjs.org/strip-ansi 12ms (cache hit)
919 silly packumentCache full:https://registry.npmjs.org/strip-ansi set size:44998 disposed:false
920 silly packumentCache full:https://registry.npmjs.org/strip-ansi dispose
921 silly placeDep node_modules/@isaacs/cliui string-width@5.1.2 OK for: @isaacs/cliui@8.0.2 want: ^5.1.2
922 silly placeDep ROOT string-width-cjs@4.2.3 OK for: @isaacs/cliui@8.0.2 want: npm:string-width@^4.2.0
923 silly placeDep node_modules/@isaacs/cliui strip-ansi@7.2.0 OK for: @isaacs/cliui@8.0.2 want: ^7.0.1
924 silly placeDep ROOT strip-ansi-cjs@6.0.1 OK for: @isaacs/cliui@8.0.2 want: npm:strip-ansi@^6.0.1
925 silly placeDep node_modules/@isaacs/cliui wrap-ansi@8.1.0 OK for: @isaacs/cliui@8.0.2 want: ^8.1.0
926 silly placeDep ROOT wrap-ansi-cjs@7.0.0 OK for: @isaacs/cliui@8.0.2 want: npm:wrap-ansi@^7.0.0
927 silly fetch manifest emoji-regex@^9.2.2
928 silly packumentCache full:https://registry.npmjs.org/emoji-regex cache-miss
929 silly fetch manifest eastasianwidth@^0.2.0
930 silly packumentCache full:https://registry.npmjs.org/eastasianwidth cache-miss
931 silly fetch manifest ansi-regex@^6.2.2
932 silly packumentCache full:https://registry.npmjs.org/ansi-regex cache-miss
933 silly fetch manifest ansi-styles@^6.1.0
934 silly packumentCache full:https://registry.npmjs.org/ansi-styles cache-miss
935 http cache https://registry.npmjs.org/ansi-regex 6ms (cache hit)
936 silly packumentCache full:https://registry.npmjs.org/ansi-regex set size:43572 disposed:false
937 http cache https://registry.npmjs.org/emoji-regex 7ms (cache hit)
938 silly packumentCache full:https://registry.npmjs.org/emoji-regex set size:89064 disposed:false
939 http cache https://registry.npmjs.org/ansi-styles 8ms (cache hit)
940 silly packumentCache full:https://registry.npmjs.org/ansi-styles set size:71772 disposed:false
941 http fetch GET 200 https://registry.npmjs.org/eastasianwidth 237ms (cache miss)
942 silly packumentCache full:https://registry.npmjs.org/eastasianwidth set size:undefined disposed:false
943 silly placeDep ROOT brace-expansion@2.1.4 OK for: minimatch@9.0.9 want: ^2.0.2
944 silly fetch manifest balanced-match@^1.0.0
945 silly packumentCache full:https://registry.npmjs.org/balanced-match cache-miss
946 http fetch GET 200 https://registry.npmjs.org/balanced-match 20ms (cache miss)
947 silly packumentCache full:https://registry.npmjs.org/balanced-match set size:undefined disposed:false
948 silly placeDep ROOT balanced-match@1.0.2 OK for: brace-expansion@2.1.4 want: ^1.0.0
949 silly placeDep node_modules/path-scurry lru-cache@10.4.3 OK for: path-scurry@1.11.1 want: ^10.2.0
950 silly placeDep ROOT is-promise@4.0.0 OK for: router@2.2.0 want: ^4.0.0
951 silly placeDep ROOT path-to-regexp@8.4.2 OK for: router@2.2.0 want: ^8.0.0
952 silly placeDep node_modules/send mime-types@3.0.2 OK for: send@1.2.1 want: ^3.0.2
953 silly placeDep ROOT shebang-regex@3.0.0 OK for: shebang-command@2.0.0 want: ^3.0.0
954 silly placeDep ROOT object-inspect@1.13.4 OK for: side-channel@1.1.1 want: ^1.13.4
955 silly placeDep ROOT side-channel-list@1.0.1 OK for: side-channel@1.1.1 want: ^1.0.1
956 silly placeDep ROOT side-channel-map@1.0.1 OK for: side-channel@1.1.1 want: ^1.0.1
957 silly placeDep ROOT side-channel-weakmap@1.0.2 OK for: side-channel@1.1.1 want: ^1.0.2
958 silly fetch manifest call-bound@^1.0.2
959 silly packumentCache full:https://registry.npmjs.org/call-bound cache-miss
960 silly fetch manifest call-bound@^1.0.2
961 silly packumentCache full:https://registry.npmjs.org/call-bound cache-miss
962 http cache https://registry.npmjs.org/call-bound 4ms (cache hit)
963 silly packumentCache full:https://registry.npmjs.org/call-bound set size:15317 disposed:false
964 http cache https://registry.npmjs.org/call-bound 5ms (cache hit)
965 silly packumentCache full:https://registry.npmjs.org/call-bound set size:15317 disposed:false
966 silly packumentCache full:https://registry.npmjs.org/call-bound dispose
967 silly placeDep ROOT call-bound@1.0.4 OK for: side-channel-map@1.0.1 want: ^1.0.2
968 silly placeDep node_modules/type-is content-type@2.0.0 OK for: type-is@2.1.0 want: ^2.0.0
969 silly placeDep ROOT media-typer@1.1.1 OK for: type-is@2.1.0 want: ^1.1.0
970 silly placeDep node_modules/type-is mime-types@3.0.2 OK for: type-is@2.1.0 want: ^3.0.0
971 silly placeDep ROOT http-parser-js@0.5.10 OK for: websocket-driver@0.7.5 want: >=0.5.1
972 silly placeDep ROOT websocket-extensions@0.1.4 OK for: websocket-driver@0.7.5 want: >=0.1.1
973 silly placeDep ROOT isexe@2.0.0 OK for: which@2.0.2 want: ^2.0.0
974 silly placeDep functions gaxios@7.3.0 OK for: google-auth-library@10.5.0 want: ^7.0.0
975 silly placeDep functions gtoken@8.0.0 OK for: google-auth-library@10.5.0 want: ^8.0.0
976 silly placeDep ROOT eastasianwidth@0.2.0 OK for: string-width@5.1.2 want: ^0.2.0
977 silly placeDep node_modules/@isaacs/cliui emoji-regex@9.2.2 OK for: string-width@5.1.2 want: ^9.2.2
978 silly placeDep node_modules/@isaacs/cliui ansi-regex@6.2.2 OK for: strip-ansi@7.2.0 want: ^6.2.2
979 silly placeDep node_modules/@isaacs/cliui ansi-styles@6.2.3 OK for: wrap-ansi@8.1.0 want: ^6.1.0
980 silly placeDep node_modules/accepts mime-db@1.54.0 OK for: mime-types@3.0.2 want: ^1.54.0
981 silly placeDep node_modules/express mime-db@1.54.0 OK for: mime-types@3.0.2 want: ^1.54.0
982 silly placeDep node_modules/send mime-db@1.54.0 OK for: mime-types@3.0.2 want: ^1.54.0
983 silly placeDep node_modules/type-is mime-db@1.54.0 OK for: mime-types@3.0.2 want: ^1.54.0
984 warn EBADENGINE Unsupported engine {
984 warn EBADENGINE   package: '@mba/functions@1.0.0',
984 warn EBADENGINE   required: { node: '20' },
984 warn EBADENGINE   current: { node: 'v24.13.0', npm: '11.6.2' }
984 warn EBADENGINE }
985 warn EBADENGINE Unsupported engine {
985 warn EBADENGINE   package: '@mba/functions@1.0.0',
985 warn EBADENGINE   required: { node: '20' },
985 warn EBADENGINE   current: { node: 'v24.13.0', npm: '11.6.2' }
985 warn EBADENGINE }
986 silly reify mark retired [ 'C:\\Users\\vedsp\\Desktop\\MBA dashboard\\node_modules\\accepts' ]
987 silly reify mark retired [
987 silly reify   'C:\\Users\\vedsp\\Desktop\\MBA dashboard\\node_modules\\array-flatten'
987 silly reify ]
988 silly reify mark retired [
988 silly reify   'C:\\Users\\vedsp\\Desktop\\MBA dashboard\\node_modules\\body-parser'
988 silly reify ]
989 silly reify mark retired [
989 silly reify   'C:\\Users\\vedsp\\Desktop\\MBA dashboard\\node_modules\\content-disposition'
989 silly reify ]
990 silly reify mark retired [
990 silly reify   'C:\\Users\\vedsp\\Desktop\\MBA dashboard\\node_modules\\cookie-signature'
990 silly reify ]
991 silly reify mark retired [ 'C:\\Users\\vedsp\\Desktop\\MBA dashboard\\node_modules\\debug' ]
992 silly reify mark retired [ 'C:\\Users\\vedsp\\Desktop\\MBA dashboard\\node_modules\\destroy' ]
993 silly reify mark retired [ 'C:\\Users\\vedsp\\Desktop\\MBA dashboard\\node_modules\\express' ]
994 silly reify mark retired [
994 silly reify   'C:\\Users\\vedsp\\Desktop\\MBA dashboard\\node_modules\\finalhandler'
994 silly reify ]
995 silly reify mark retired [ 'C:\\Users\\vedsp\\Desktop\\MBA dashboard\\node_modules\\firebase' ]
996 silly reify mark retired [
996 silly reify   'C:\\Users\\vedsp\\Desktop\\MBA dashboard\\node_modules\\firebase-functions',
996 silly reify   'C:\\Users\\vedsp\\Desktop\\MBA dashboard\\node_modules\\.bin\\firebase-functions',
996 silly reify   'C:\\Users\\vedsp\\Desktop\\MBA dashboard\\node_modules\\.bin\\firebase-functions.cmd',
996 silly reify   'C:\\Users\\vedsp\\Desktop\\MBA dashboard\\node_modules\\.bin\\firebase-functions.ps1'
996 silly reify ]
997 silly reify mark retired [ 'C:\\Users\\vedsp\\Desktop\\MBA dashboard\\node_modules\\fresh' ]
998 silly reify mark retired [
998 silly reify   'C:\\Users\\vedsp\\Desktop\\MBA dashboard\\node_modules\\google-gax\\node_modules\\@grpc\\grpc-js'
998 silly reify ]
999 silly reify mark retired [
999 silly reify   'C:\\Users\\vedsp\\Desktop\\MBA dashboard\\node_modules\\http-proxy-agent\\node_modules\\ms'
999 silly reify ]
1000 silly reify mark retired [
1000 silly reify   'C:\\Users\\vedsp\\Desktop\\MBA dashboard\\node_modules\\http-proxy-agent\\node_modules\\debug'
1000 silly reify ]
1001 silly reify mark retired [
1001 silly reify   'C:\\Users\\vedsp\\Desktop\\MBA dashboard\\node_modules\\https-proxy-agent\\node_modules\\debug'
1001 silly reify ]
1002 silly reify mark retired [
1002 silly reify   'C:\\Users\\vedsp\\Desktop\\MBA dashboard\\node_modules\\https-proxy-agent\\node_modules\\ms'
1002 silly reify ]
1003 silly reify mark retired [
1003 silly reify   'C:\\Users\\vedsp\\Desktop\\MBA dashboard\\node_modules\\iconv-lite'
1003 silly reify ]
1004 silly reify mark retired [
1004 silly reify   'C:\\Users\\vedsp\\Desktop\\MBA dashboard\\node_modules\\jsonwebtoken\\node_modules\\ms'
1004 silly reify ]
1005 silly reify mark retired [
1005 silly reify   'C:\\Users\\vedsp\\Desktop\\MBA dashboard\\node_modules\\jwks-rsa\\node_modules\\debug'
1005 silly reify ]
1006 silly reify mark retired [
1006 silly reify   'C:\\Users\\vedsp\\Desktop\\MBA dashboard\\node_modules\\jwks-rsa\\node_modules\\ms'
1006 silly reify ]
1007 silly reify mark retired [
1007 silly reify   'C:\\Users\\vedsp\\Desktop\\MBA dashboard\\node_modules\\media-typer'
1007 silly reify ]
1008 silly reify mark retired [
1008 silly reify   'C:\\Users\\vedsp\\Desktop\\MBA dashboard\\node_modules\\merge-descriptors'
1008 silly reify ]
1009 silly reify mark retired [ 'C:\\Users\\vedsp\\Desktop\\MBA dashboard\\node_modules\\methods' ]
1010 silly reify mark retired [ 'C:\\Users\\vedsp\\Desktop\\MBA dashboard\\node_modules\\ms' ]
1011 silly reify mark retired [
1011 silly reify   'C:\\Users\\vedsp\\Desktop\\MBA dashboard\\node_modules\\negotiator'
1011 silly reify ]
1012 silly reify mark retired [
1012 silly reify   'C:\\Users\\vedsp\\Desktop\\MBA dashboard\\node_modules\\next',
1012 silly reify   'C:\\Users\\vedsp\\Desktop\\MBA dashboard\\node_modules\\.bin\\next',
1012 silly reify   'C:\\Users\\vedsp\\Desktop\\MBA dashboard\\node_modules\\.bin\\next.cmd',
1012 silly reify   'C:\\Users\\vedsp\\Desktop\\MBA dashboard\\node_modules\\.bin\\next.ps1'
1012 silly reify ]
1013 silly reify mark retired [
1013 silly reify   'C:\\Users\\vedsp\\Desktop\\MBA dashboard\\node_modules\\path-to-regexp'
1013 silly reify ]
1014 silly reify mark retired [
1014 silly reify   'C:\\Users\\vedsp\\Desktop\\MBA dashboard\\node_modules\\range-parser'
1014 silly reify ]
1015 silly reify mark retired [ 'C:\\Users\\vedsp\\Desktop\\MBA dashboard\\node_modules\\raw-body' ]
1016 silly reify mark retired [ 'C:\\Users\\vedsp\\Desktop\\MBA dashboard\\node_modules\\send' ]
1017 silly reify mark retired [
1017 silly reify   'C:\\Users\\vedsp\\Desktop\\MBA dashboard\\node_modules\\serve-static'
1017 silly reify ]
1018 silly reify mark retired [
1018 silly reify   'C:\\Users\\vedsp\\Desktop\\MBA dashboard\\node_modules\\teeny-request\\node_modules\\debug'
1018 silly reify ]
1019 silly reify mark retired [
1019 silly reify   'C:\\Users\\vedsp\\Desktop\\MBA dashboard\\node_modules\\teeny-request\\node_modules\\ms'
1019 silly reify ]
1020 silly reify mark retired [ 'C:\\Users\\vedsp\\Desktop\\MBA dashboard\\node_modules\\type-is' ]
1021 silly reify mark retired [
1021 silly reify   'C:\\Users\\vedsp\\Desktop\\MBA dashboard\\node_modules\\utils-merge'
1021 silly reify ]
1022 silly reify mark retired [
1022 silly reify   'C:\\Users\\vedsp\\Desktop\\MBA dashboard\\node_modules\\vite-node\\node_modules\\ms'
1022 silly reify ]
1023 silly reify mark retired [
1023 silly reify   'C:\\Users\\vedsp\\Desktop\\MBA dashboard\\node_modules\\vite-node\\node_modules\\debug'
1023 silly reify ]
1024 silly reify mark retired [
1024 silly reify   'C:\\Users\\vedsp\\Desktop\\MBA dashboard\\node_modules\\vitest\\node_modules\\debug'
1024 silly reify ]
1025 silly reify mark retired [
1025 silly reify   'C:\\Users\\vedsp\\Desktop\\MBA dashboard\\node_modules\\vitest\\node_modules\\ms'
1025 silly reify ]
1026 silly reify mark retired [
1026 silly reify   'C:\\Users\\vedsp\\Desktop\\MBA dashboard\\node_modules\\@firebase\\ai'
1026 silly reify ]
1027 silly reify mark retired [
1027 silly reify   'C:\\Users\\vedsp\\Desktop\\MBA dashboard\\node_modules\\@firebase\\analytics'
1027 silly reify ]
1028 silly reify mark retired [
1028 silly reify   'C:\\Users\\vedsp\\Desktop\\MBA dashboard\\node_modules\\@firebase\\analytics-compat'
1028 silly reify ]
1029 silly reify mark retired [
1029 silly reify   'C:\\Users\\vedsp\\Desktop\\MBA dashboard\\node_modules\\@firebase\\analytics-types'
1029 silly reify ]
1030 silly reify mark retired [
1030 silly reify   'C:\\Users\\vedsp\\Desktop\\MBA dashboard\\node_modules\\@firebase\\app'
1030 silly reify ]
1031 silly reify mark retired [
1031 silly reify   'C:\\Users\\vedsp\\Desktop\\MBA dashboard\\node_modules\\@firebase\\app-check'
1031 silly reify ]
1032 silly reify mark retired [
1032 silly reify   'C:\\Users\\vedsp\\Desktop\\MBA dashboard\\node_modules\\@firebase\\app-check-compat'
1032 silly reify ]
1033 silly reify mark retired [
1033 silly reify   'C:\\Users\\vedsp\\Desktop\\MBA dashboard\\node_modules\\@firebase\\app-check-interop-types'
1033 silly reify ]
1034 silly reify mark retired [
1034 silly reify   'C:\\Users\\vedsp\\Desktop\\MBA dashboard\\node_modules\\@firebase\\app-check-types'
1034 silly reify ]
1035 silly reify mark retired [
1035 silly reify   'C:\\Users\\vedsp\\Desktop\\MBA dashboard\\node_modules\\@firebase\\app-compat'
1035 silly reify ]
1036 silly reify mark retired [
1036 silly reify   'C:\\Users\\vedsp\\Desktop\\MBA dashboard\\node_modules\\@firebase\\app-types'
1036 silly reify ]
1037 silly reify mark retired [
1037 silly reify   'C:\\Users\\vedsp\\Desktop\\MBA dashboard\\node_modules\\@firebase\\auth'
1037 silly reify ]
1038 silly reify mark retired [
1038 silly reify   'C:\\Users\\vedsp\\Desktop\\MBA dashboard\\node_modules\\@firebase\\auth-interop-types'
1038 silly reify ]
1039 silly reify mark retired [
1039 silly reify   'C:\\Users\\vedsp\\Desktop\\MBA dashboard\\node_modules\\@firebase\\auth-compat'
1039 silly reify ]
1040 silly reify mark retired [
1040 silly reify   'C:\\Users\\vedsp\\Desktop\\MBA dashboard\\node_modules\\@firebase\\auth-types'
1040 silly reify ]
1041 silly reify mark retired [
1041 silly reify   'C:\\Users\\vedsp\\Desktop\\MBA dashboard\\node_modules\\@firebase\\component'
1041 silly reify ]
1042 silly reify mark retired [
1042 silly reify   'C:\\Users\\vedsp\\Desktop\\MBA dashboard\\node_modules\\@firebase\\data-connect'
1042 silly reify ]
1043 silly reify mark retired [
1043 silly reify   'C:\\Users\\vedsp\\Desktop\\MBA dashboard\\node_modules\\@firebase\\database'
1043 silly reify ]
1044 silly reify mark retired [
1044 silly reify   'C:\\Users\\vedsp\\Desktop\\MBA dashboard\\node_modules\\@firebase\\database-compat'
1044 silly reify ]
1045 silly reify mark retired [
1045 silly reify   'C:\\Users\\vedsp\\Desktop\\MBA dashboard\\node_modules\\@firebase\\database-types'
1045 silly reify ]
1046 silly reify mark retired [
1046 silly reify   'C:\\Users\\vedsp\\Desktop\\MBA dashboard\\node_modules\\@firebase\\firestore'
1046 silly reify ]
1047 silly reify mark retired [
1047 silly reify   'C:\\Users\\vedsp\\Desktop\\MBA dashboard\\node_modules\\@firebase\\firestore-compat'
1047 silly reify ]
1048 silly reify mark retired [
1048 silly reify   'C:\\Users\\vedsp\\Desktop\\MBA dashboard\\node_modules\\@firebase\\firestore-types'
1048 silly reify ]
1049 silly reify mark retired [
1049 silly reify   'C:\\Users\\vedsp\\Desktop\\MBA dashboard\\node_modules\\@firebase\\functions'
1049 silly reify ]
1050 silly reify mark retired [
1050 silly reify   'C:\\Users\\vedsp\\Desktop\\MBA dashboard\\node_modules\\@firebase\\functions-types'
1050 silly reify ]
1051 silly reify mark retired [
1051 silly reify   'C:\\Users\\vedsp\\Desktop\\MBA dashboard\\node_modules\\@firebase\\installations'
1051 silly reify ]
1052 silly reify mark retired [
1052 silly reify   'C:\\Users\\vedsp\\Desktop\\MBA dashboard\\node_modules\\@firebase\\functions-compat'
1052 silly reify ]
1053 silly reify mark retired [
1053 silly reify   'C:\\Users\\vedsp\\Desktop\\MBA dashboard\\node_modules\\@firebase\\installations-types'
1053 silly reify ]
1054 silly reify mark retired [
1054 silly reify   'C:\\Users\\vedsp\\Desktop\\MBA dashboard\\node_modules\\@firebase\\installations-compat'
1054 silly reify ]
1055 silly reify mark retired [
1055 silly reify   'C:\\Users\\vedsp\\Desktop\\MBA dashboard\\node_modules\\@firebase\\logger'
1055 silly reify ]
1056 silly reify mark retired [
1056 silly reify   'C:\\Users\\vedsp\\Desktop\\MBA dashboard\\node_modules\\@firebase\\messaging-compat'
1056 silly reify ]
1057 silly reify mark retired [
1057 silly reify   'C:\\Users\\vedsp\\Desktop\\MBA dashboard\\node_modules\\@firebase\\performance'
1057 silly reify ]
1058 silly reify mark retired [
1058 silly reify   'C:\\Users\\vedsp\\Desktop\\MBA dashboard\\node_modules\\@firebase\\messaging'
1058 silly reify ]
1059 silly reify mark retired [
1059 silly reify   'C:\\Users\\vedsp\\Desktop\\MBA dashboard\\node_modules\\@firebase\\messaging-interop-types'
1059 silly reify ]
1060 silly reify mark retired [
1060 silly reify   'C:\\Users\\vedsp\\Desktop\\MBA dashboard\\node_modules\\@firebase\\performance-compat'
1060 silly reify ]
1061 silly reify mark retired [
1061 silly reify   'C:\\Users\\vedsp\\Desktop\\MBA dashboard\\node_modules\\@firebase\\performance-types'
1061 silly reify ]
1062 silly reify mark retired [
1062 silly reify   'C:\\Users\\vedsp\\Desktop\\MBA dashboard\\node_modules\\@firebase\\remote-config'
1062 silly reify ]
1063 silly reify mark retired [
1063 silly reify   'C:\\Users\\vedsp\\Desktop\\MBA dashboard\\node_modules\\@firebase\\remote-config-compat'
1063 silly reify ]
1064 silly reify mark retired [
1064 silly reify   'C:\\Users\\vedsp\\Desktop\\MBA dashboard\\node_modules\\@firebase\\storage'
1064 silly reify ]
1065 silly reify mark retired [
1065 silly reify   'C:\\Users\\vedsp\\Desktop\\MBA dashboard\\node_modules\\@firebase\\remote-config-types'
1065 silly reify ]
1066 silly reify mark retired [
1066 silly reify   'C:\\Users\\vedsp\\Desktop\\MBA dashboard\\node_modules\\@firebase\\storage-compat'
1066 silly reify ]
1067 silly reify mark retired [
1067 silly reify   'C:\\Users\\vedsp\\Desktop\\MBA dashboard\\node_modules\\@firebase\\storage-types'
1067 silly reify ]
1068 silly reify mark retired [
1068 silly reify   'C:\\Users\\vedsp\\Desktop\\MBA dashboard\\node_modules\\@firebase\\webchannel-wrapper'
1068 silly reify ]
1069 silly reify mark retired [
1069 silly reify   'C:\\Users\\vedsp\\Desktop\\MBA dashboard\\node_modules\\@firebase\\util'
1069 silly reify ]
1070 silly reify mark retired [
1070 silly reify   'C:\\Users\\vedsp\\Desktop\\MBA dashboard\\node_modules\\@grpc\\grpc-js'
1070 silly reify ]
1071 silly reify mark retired [
1071 silly reify   'C:\\Users\\vedsp\\Desktop\\MBA dashboard\\node_modules\\@next\\swc-win32-x64-msvc'
1071 silly reify ]
1072 silly reify mark retired [
1072 silly reify   'C:\\Users\\vedsp\\Desktop\\MBA dashboard\\node_modules\\@next\\env'
1072 silly reify ]
1073 silly reify mark retired [
1073 silly reify   'C:\\Users\\vedsp\\Desktop\\MBA dashboard\\node_modules\\@opentelemetry\\api'
1073 silly reify ]
1074 silly reify mark retired [
1074 silly reify   'C:\\Users\\vedsp\\Desktop\\MBA dashboard\\node_modules\\@types\\express'
1074 silly reify ]
1075 silly reify mark retired [
1075 silly reify   'C:\\Users\\vedsp\\Desktop\\MBA dashboard\\node_modules\\@types\\express-serve-static-core'
1075 silly reify ]
1076 silly reify mark retired [
1076 silly reify   'C:\\Users\\vedsp\\Desktop\\MBA dashboard\\node_modules\\@types\\mime'
1076 silly reify ]
1077 silly reify mark retired [
1077 silly reify   'C:\\Users\\vedsp\\Desktop\\MBA dashboard\\node_modules\\@types\\serve-static'
1077 silly reify ]
1078 silly reify moves {
1078 silly reify   'C:\\Users\\vedsp\\Desktop\\MBA dashboard\\node_modules\\accepts': 'C:\\Users\\vedsp\\Desktop\\MBA dashboard\\node_modules\\.accepts-JytCLXEz',
1078 silly reify   'C:\\Users\\vedsp\\Desktop\\MBA dashboard\\node_modules\\array-flatten': 'C:\\Users\\vedsp\\Desktop\\MBA dashboard\\node_modules\\.array-flatten-tvczGM8D',
1078 silly reify   'C:\\Users\\vedsp\\Desktop\\MBA dashboard\\node_modules\\body-parser': 'C:\\Users\\vedsp\\Desktop\\MBA dashboard\\node_modules\\.body-parser-gzvKFOnh',
1078 silly reify   'C:\\Users\\vedsp\\Desktop\\MBA dashboard\\node_modules\\content-disposition': 'C:\\Users\\vedsp\\Desktop\\MBA dashboard\\node_modules\\.content-disposition-FO46ZSS4',
1078 silly reify   'C:\\Users\\vedsp\\Desktop\\MBA dashboard\\node_modules\\cookie-signature': 'C:\\Users\\vedsp\\Desktop\\MBA dashboard\\node_modules\\.cookie-signature-F3gybAP8',
1078 silly reify   'C:\\Users\\vedsp\\Desktop\\MBA dashboard\\node_modules\\debug': 'C:\\Users\\vedsp\\Desktop\\MBA dashboard\\node_modules\\.debug-5NuNC7Dw',
1078 silly reify   'C:\\Users\\vedsp\\Desktop\\MBA dashboard\\node_modules\\destroy': 'C:\\Users\\vedsp\\Desktop\\MBA dashboard\\node_modules\\.destroy-aMVY2R8H',
1078 silly reify   'C:\\Users\\vedsp\\Desktop\\MBA dashboard\\node_modules\\express': 'C:\\Users\\vedsp\\Desktop\\MBA dashboard\\node_modules\\.express-YYrQUxpK',
1078 silly reify   'C:\\Users\\vedsp\\Desktop\\MBA dashboard\\node_modules\\finalhandler': 'C:\\Users\\vedsp\\Desktop\\MBA dashboard\\node_modules\\.finalhandler-2lmZk2Dt',
1078 silly reify   'C:\\Users\\vedsp\\Desktop\\MBA dashboard\\node_modules\\firebase': 'C:\\Users\\vedsp\\Desktop\\MBA dashboard\\node_modules\\.firebase-enhLjRii',
1078 silly reify   'C:\\Users\\vedsp\\Desktop\\MBA dashboard\\node_modules\\firebase-functions': 'C:\\Users\\vedsp\\Desktop\\MBA dashboard\\node_modules\\.firebase-functions-JGsyfGOw',
1078 silly reify   'C:\\Users\\vedsp\\Desktop\\MBA dashboard\\node_modules\\.bin\\firebase-functions': 'C:\\Users\\vedsp\\Desktop\\MBA dashboard\\node_modules\\.bin\\.firebase-functions-dZfLq8s4',
1078 silly reify   'C:\\Users\\vedsp\\Desktop\\MBA dashboard\\node_modules\\.bin\\firebase-functions.cmd': 'C:\\Users\\vedsp\\Desktop\\MBA dashboard\\node_modules\\.bin\\.firebase-functions.cmd-oy4T14x3',
1078 silly reify   'C:\\Users\\vedsp\\Desktop\\MBA dashboard\\node_modules\\.bin\\firebase-functions.ps1': 'C:\\Users\\vedsp\\Desktop\\MBA dashboard\\node_modules\\.bin\\.firebase-functions.ps1-1Ws3TxPD',
1078 silly reify   'C:\\Users\\vedsp\\Desktop\\MBA dashboard\\node_modules\\fresh': 'C:\\Users\\vedsp\\Desktop\\MBA dashboard\\node_modules\\.fresh-BhLxSTQE',
1078 silly reify   'C:\\Users\\vedsp\\Desktop\\MBA dashboard\\node_modules\\google-gax\\node_modules\\@grpc\\grpc-js': 'C:\\Users\\vedsp\\Desktop\\MBA dashboard\\node_modules\\google-gax\\node_modules\\@grpc\\.grpc-js-0r7yFfbE',
1078 silly reify   'C:\\Users\\vedsp\\Desktop\\MBA dashboard\\node_modules\\http-proxy-agent\\node_modules\\ms': 'C:\\Users\\vedsp\\Desktop\\MBA dashboard\\node_modules\\http-proxy-agent\\node_modules\\.ms-Uo9jMSBA',
1078 silly reify   'C:\\Users\\vedsp\\Desktop\\MBA dashboard\\node_modules\\http-proxy-agent\\node_modules\\debug': 'C:\\Users\\vedsp\\Desktop\\MBA dashboard\\node_modules\\http-proxy-agent\\node_modules\\.debug-iWRTeexB',
1078 silly reify   'C:\\Users\\vedsp\\Desktop\\MBA dashboard\\node_modules\\https-proxy-agent\\node_modules\\debug': 'C:\\Users\\vedsp\\Desktop\\MBA dashboard\\node_modules\\https-proxy-agent\\node_modules\\.debug-t0FeQt5D',
1078 silly reify   'C:\\Users\\vedsp\\Desktop\\MBA dashboard\\node_modules\\https-proxy-agent\\node_modules\\ms': 'C:\\Users\\vedsp\\Desktop\\MBA dashboard\\node_modules\\https-proxy-agent\\node_modules\\.ms-nfXpSEx5',
1078 silly reify   'C:\\Users\\vedsp\\Desktop\\MBA dashboard\\node_modules\\iconv-lite': 'C:\\Users\\vedsp\\Desktop\\MBA dashboard\\node_modules\\.iconv-lite-KklvjNyl',
1078 silly reify   'C:\\Users\\vedsp\\Desktop\\MBA dashboard\\node_modules\\jsonwebtoken\\node_modules\\ms': 'C:\\Users\\vedsp\\Desktop\\MBA dashboard\\node_modules\\jsonwebtoken\\node_modules\\.ms-ijni6CkL',
1078 silly reify   'C:\\Users\\vedsp\\Desktop\\MBA dashboard\\node_modules\\jwks-rsa\\node_modules\\debug': 'C:\\Users\\vedsp\\Desktop\\MBA dashboard\\node_modules\\jwks-rsa\\node_modules\\.debug-xAxFIn2m',
1078 silly reify   'C:\\Users\\vedsp\\Desktop\\MBA dashboard\\node_modules\\jwks-rsa\\node_modules\\ms': 'C:\\Users\\vedsp\\Desktop\\MBA dashboard\\node_modules\\jwks-rsa\\node_modules\\.ms-NT6wo6Ei',
1078 silly reify   'C:\\Users\\vedsp\\Desktop\\MBA dashboard\\node_modules\\media-typer': 'C:\\Users\\vedsp\\Desktop\\MBA dashboard\\node_modules\\.media-typer-6WrMJ4nv',
1078 silly reify   'C:\\Users\\vedsp\\Desktop\\MBA dashboard\\node_modules\\merge-descriptors': 'C:\\Users\\vedsp\\Desktop\\MBA dashboard\\node_modules\\.merge-descriptors-w7x9DNHk',
1078 silly reify   'C:\\Users\\vedsp\\Desktop\\MBA dashboard\\node_modules\\methods': 'C:\\Users\\vedsp\\Desktop\\MBA dashboard\\node_modules\\.methods-e3bgby6G',
1078 silly reify   'C:\\Users\\vedsp\\Desktop\\MBA dashboard\\node_modules\\ms': 'C:\\Users\\vedsp\\Desktop\\MBA dashboard\\node_modules\\.ms-nTf1gI2w',
1078 silly reify   'C:\\Users\\vedsp\\Desktop\\MBA dashboard\\node_modules\\negotiator': 'C:\\Users\\vedsp\\Desktop\\MBA dashboard\\node_modules\\.negotiator-F0SEUklS',
1078 silly reify   'C:\\Users\\vedsp\\Desktop\\MBA dashboard\\node_modules\\next': 'C:\\Users\\vedsp\\Desktop\\MBA dashboard\\node_modules\\.next-29deiimo',
1078 silly reify   'C:\\Users\\vedsp\\Desktop\\MBA dashboard\\node_modules\\.bin\\next': 'C:\\Users\\vedsp\\Desktop\\MBA dashboard\\node_modules\\.bin\\.next-pEvrXc2N',
1078 silly reify   'C:\\Users\\vedsp\\Desktop\\MBA dashboard\\node_modules\\.bin\\next.cmd': 'C:\\Users\\vedsp\\Desktop\\MBA dashboard\\node_modules\\.bin\\.next.cmd-U4I7GiPF',
1078 silly reify   'C:\\Users\\vedsp\\Desktop\\MBA dashboard\\node_modules\\.bin\\next.ps1': 'C:\\Users\\vedsp\\Desktop\\MBA dashboard\\node_modules\\.bin\\.next.ps1-zLxC5EUf',
1078 silly reify   'C:\\Users\\vedsp\\Desktop\\MBA dashboard\\node_modules\\path-to-regexp': 'C:\\Users\\vedsp\\Desktop\\MBA dashboard\\node_modules\\.path-to-regexp-J9Ho7brR',
1078 silly reify   'C:\\Users\\vedsp\\Desktop\\MBA dashboard\\node_modules\\range-parser': 'C:\\Users\\vedsp\\Desktop\\MBA dashboard\\node_modules\\.range-parser-v2tCuB8x',
1078 silly reify   'C:\\Users\\vedsp\\Desktop\\MBA dashboard\\node_modules\\raw-body': 'C:\\Users\\vedsp\\Desktop\\MBA dashboard\\node_modules\\.raw-body-6vQauydb',
1078 silly reify   'C:\\Users\\vedsp\\Desktop\\MBA dashboard\\node_modules\\send': 'C:\\Users\\vedsp\\Desktop\\MBA dashboard\\node_modules\\.send-5HZOy4Ol',
1078 silly reify   'C:\\Users\\vedsp\\Desktop\\MBA dashboard\\node_modules\\serve-static': 'C:\\Users\\vedsp\\Desktop\\MBA dashboard\\node_modules\\.serve-static-M83iz4NA',
1078 silly reify   'C:\\Users\\vedsp\\Desktop\\MBA dashboard\\node_modules\\teeny-request\\node_modules\\debug': 'C:\\Users\\vedsp\\Desktop\\MBA dashboard\\node_modules\\teeny-request\\node_modules\\.debug-PcSSEE6R',
1078 silly reify   'C:\\Users\\vedsp\\Desktop\\MBA dashboard\\node_modules\\teeny-request\\node_modules\\ms': 'C:\\Users\\vedsp\\Desktop\\MBA dashboard\\node_modules\\teeny-request\\node_modules\\.ms-M7EpFKKu',
1078 silly reify   'C:\\Users\\vedsp\\Desktop\\MBA dashboard\\node_modules\\type-is': 'C:\\Users\\vedsp\\Desktop\\MBA dashboard\\node_modules\\.type-is-fN84w7bh',
1078 silly reify   'C:\\Users\\vedsp\\Desktop\\MBA dashboard\\node_modules\\utils-merge': 'C:\\Users\\vedsp\\Desktop\\MBA dashboard\\node_modules\\.utils-merge-9igA2m60',
1078 silly reify   'C:\\Users\\vedsp\\Desktop\\MBA dashboard\\node_modules\\vite-node\\node_modules\\ms': 'C:\\Users\\vedsp\\Desktop\\MBA dashboard\\node_modules\\vite-node\\node_modules\\.ms-0EKFGKFS',
1078 silly reify   'C:\\Users\\vedsp\\Desktop\\MBA dashboard\\node_modules\\vite-node\\node_modules\\debug': 'C:\\Users\\vedsp\\Desktop\\MBA dashboard\\node_modules\\vite-node\\node_modules\\.debug-ovcaSnxD',
1078 silly reify   'C:\\Users\\vedsp\\Desktop\\MBA dashboard\\node_modules\\vitest\\node_modules\\debug': 'C:\\Users\\vedsp\\Desktop\\MBA dashboard\\node_modules\\vitest\\node_modules\\.debug-04UskndX',
1078 silly reify   'C:\\Users\\vedsp\\Desktop\\MBA dashboard\\node_modules\\vitest\\node_modules\\ms': 'C:\\Users\\vedsp\\Desktop\\MBA dashboard\\node_modules\\vitest\\node_modules\\.ms-FBkjyfox',
1078 silly reify   'C:\\Users\\vedsp\\Desktop\\MBA dashboard\\node_modules\\@firebase\\ai': 'C:\\Users\\vedsp\\Desktop\\MBA dashboard\\node_modules\\@firebase\\.ai-QhtDhUND',
1078 silly reify   'C:\\Users\\vedsp\\Desktop\\MBA dashboard\\node_modules\\@firebase\\analytics': 'C:\\Users\\vedsp\\Desktop\\MBA dashboard\\node_modules\\@firebase\\.analytics-wwyZpRCH',
1078 silly reify   'C:\\Users\\vedsp\\Desktop\\MBA dashboard\\node_modules\\@firebase\\analytics-compat': 'C:\\Users\\vedsp\\Desktop\\MBA dashboard\\node_modules\\@firebase\\.analytics-compat-A9jsY0xG',
1078 silly reify   'C:\\Users\\vedsp\\Desktop\\MBA dashboard\\node_modules\\@firebase\\analytics-types': 'C:\\Users\\vedsp\\Desktop\\MBA dashboard\\node_modules\\@firebase\\.analytics-types-4mHE53As',
1078 silly reify   'C:\\Users\\vedsp\\Desktop\\MBA dashboard\\node_modules\\@firebase\\app': 'C:\\Users\\vedsp\\Desktop\\MBA dashboard\\node_modules\\@firebase\\.app-wqXhiu8j',
1078 silly reify   'C:\\Users\\vedsp\\Desktop\\MBA dashboard\\node_modules\\@firebase\\app-check': 'C:\\Users\\vedsp\\Desktop\\MBA dashboard\\node_modules\\@firebase\\.app-check-GxUWfWP0',
1078 silly reify   'C:\\Users\\vedsp\\Desktop\\MBA dashboard\\node_modules\\@firebase\\app-check-compat': 'C:\\Users\\vedsp\\Desktop\\MBA dashboard\\node_modules\\@firebase\\.app-check-compat-neCkg3QP',
1078 silly reify   'C:\\Users\\vedsp\\Desktop\\MBA dashboard\\node_modules\\@firebase\\app-check-interop-types': 'C:\\Users\\vedsp\\Desktop\\MBA dashboard\\node_modules\\@firebase\\.app-check-interop-types-i5Zge7dn',
1078 silly reify   'C:\\Users\\vedsp\\Desktop\\MBA dashboard\\node_modules\\@firebase\\app-check-types': 'C:\\Users\\vedsp\\Desktop\\MBA dashboard\\node_modules\\@firebase\\.app-check-types-aKCQxoYy',
1078 silly reify   'C:\\Users\\vedsp\\Desktop\\MBA dashboard\\node_modules\\@firebase\\app-compat': 'C:\\Users\\vedsp\\Desktop\\MBA dashboard\\node_modules\\@firebase\\.app-compat-ifmkva3M',
1078 silly reify   'C:\\Users\\vedsp\\Desktop\\MBA dashboard\\node_modules\\@firebase\\app-types': 'C:\\Users\\vedsp\\Desktop\\MBA dashboard\\node_modules\\@firebase\\.app-types-Cy2xYvWf',
1078 silly reify   'C:\\Users\\vedsp\\Desktop\\MBA dashboard\\node_modules\\@firebase\\auth': 'C:\\Users\\vedsp\\Desktop\\MBA dashboard\\node_modules\\@firebase\\.auth-8SoEUyd0',
1078 silly reify   'C:\\Users\\vedsp\\Desktop\\MBA dashboard\\node_modules\\@firebase\\auth-interop-types': 'C:\\Users\\vedsp\\Desktop\\MBA dashboard\\node_modules\\@firebase\\.auth-interop-types-ECdOapO2',
1078 silly reify   'C:\\Users\\vedsp\\Desktop\\MBA dashboard\\node_modules\\@firebase\\auth-compat': 'C:\\Users\\vedsp\\Desktop\\MBA dashboard\\node_modules\\@firebase\\.auth-compat-btNInd7u',
1078 silly reify   'C:\\Users\\vedsp\\Desktop\\MBA dashboard\\node_modules\\@firebase\\auth-types': 'C:\\Users\\vedsp\\Desktop\\MBA dashboard\\node_modules\\@firebase\\.auth-types-jO8UvGBm',
1078 silly reify   'C:\\Users\\vedsp\\Desktop\\MBA dashboard\\node_modules\\@firebase\\component': 'C:\\Users\\vedsp\\Desktop\\MBA dashboard\\node_modules\\@firebase\\.component-PNWava6U',
1078 silly reify   'C:\\Users\\vedsp\\Desktop\\MBA dashboard\\node_modules\\@firebase\\data-connect': 'C:\\Users\\vedsp\\Desktop\\MBA dashboard\\node_modules\\@firebase\\.data-connect-0I5wkDuB',
1078 silly reify   'C:\\Users\\vedsp\\Desktop\\MBA dashboard\\node_modules\\@firebase\\database': 'C:\\Users\\vedsp\\Desktop\\MBA dashboard\\node_modules\\@firebase\\.database-AqS5zofH',
1078 silly reify   'C:\\Users\\vedsp\\Desktop\\MBA dashboard\\node_modules\\@firebase\\database-compat': 'C:\\Users\\vedsp\\Desktop\\MBA dashboard\\node_modules\\@firebase\\.database-compat-QLgf3b3e',
1078 silly reify   'C:\\Users\\vedsp\\Desktop\\MBA dashboard\\node_modules\\@firebase\\database-types': 'C:\\Users\\vedsp\\Desktop\\MBA dashboard\\node_modules\\@firebase\\.database-types-aSp77i6K',
1078 silly reify   'C:\\Users\\vedsp\\Desktop\\MBA dashboard\\node_modules\\@firebase\\firestore': 'C:\\Users\\vedsp\\Desktop\\MBA dashboard\\node_modules\\@firebase\\.firestore-wGD6Ms8s',
1078 silly reify   'C:\\Users\\vedsp\\Desktop\\MBA dashboard\\node_modules\\@firebase\\firestore-compat': 'C:\\Users\\vedsp\\Desktop\\MBA dashboard\\node_modules\\@firebase\\.firestore-compat-fPqDvBy7',
1078 silly reify   'C:\\Users\\vedsp\\Desktop\\MBA dashboard\\node_modules\\@firebase\\firestore-types': 'C:\\Users\\vedsp\\Desktop\\MBA dashboard\\node_modules\\@firebase\\.firestore-types-k2qSLHUw',
1078 silly reify   'C:\\Users\\vedsp\\Desktop\\MBA dashboard\\node_modules\\@firebase\\functions': 'C:\\Users\\vedsp\\Desktop\\MBA dashboard\\node_modules\\@firebase\\.functions-vHdaRBu0',
1078 silly reify   'C:\\Users\\vedsp\\Desktop\\MBA dashboard\\node_modules\\@firebase\\functions-types': 'C:\\Users\\vedsp\\Desktop\\MBA dashboard\\node_modules\\@firebase\\.functions-types-fUwn3iul',
1078 silly reify   'C:\\Users\\vedsp\\Desktop\\MBA dashboard\\node_modules\\@firebase\\installations': 'C:\\Users\\vedsp\\Desktop\\MBA dashboard\\node_modules\\@firebase\\.installations-NCE1LAv8',
1078 silly reify   'C:\\Users\\vedsp\\Desktop\\MBA dashboard\\node_modules\\@firebase\\functions-compat': 'C:\\Users\\vedsp\\Desktop\\MBA dashboard\\node_modules\\@firebase\\.functions-compat-KJ3AGwuR',
1078 silly reify   'C:\\Users\\vedsp\\Desktop\\MBA dashboard\\node_modules\\@firebase\\installations-types': 'C:\\Users\\vedsp\\Desktop\\MBA dashboard\\node_modules\\@firebase\\.installations-types-RjyicrRm',
1078 silly reify   'C:\\Users\\vedsp\\Desktop\\MBA dashboard\\node_modules\\@firebase\\installations-compat': 'C:\\Users\\vedsp\\Desktop\\MBA dashboard\\node_modules\\@firebase\\.installations-compat-mWf3uAGn',
1078 silly reify   'C:\\Users\\vedsp\\Desktop\\MBA dashboard\\node_modules\\@firebase\\logger': 'C:\\Users\\vedsp\\Desktop\\MBA dashboard\\node_modules\\@firebase\\.logger-XZcI5BGh',
1078 silly reify   'C:\\Users\\vedsp\\Desktop\\MBA dashboard\\node_modules\\@firebase\\messaging-compat': 'C:\\Users\\vedsp\\Desktop\\MBA dashboard\\node_modules\\@firebase\\.messaging-compat-BXfdGiII',
1078 silly reify   'C:\\Users\\vedsp\\Desktop\\MBA dashboard\\node_modules\\@firebase\\performance': 'C:\\Users\\vedsp\\Desktop\\MBA dashboard\\node_modules\\@firebase\\.performance-XoP154mB',
1078 silly reify   'C:\\Users\\vedsp\\Desktop\\MBA dashboard\\node_modules\\@firebase\\messaging': 'C:\\Users\\vedsp\\Desktop\\MBA dashboard\\node_modules\\@firebase\\.messaging-wKK3UA5u',
1078 silly reify   'C:\\Users\\vedsp\\Desktop\\MBA dashboard\\node_modules\\@firebase\\messaging-interop-types': 'C:\\Users\\vedsp\\Desktop\\MBA dashboard\\node_modules\\@firebase\\.messaging-interop-types-EnQxPkvK',
1078 silly reify   'C:\\Users\\vedsp\\Desktop\\MBA dashboard\\node_modules\\@firebase\\performance-compat': 'C:\\Users\\vedsp\\Desktop\\MBA dashboard\\node_modules\\@firebase\\.performance-compat-2NFwgNh2',
1078 silly reify   'C:\\Users\\vedsp\\Desktop\\MBA dashboard\\node_modules\\@firebase\\performance-types': 'C:\\Users\\vedsp\\Desktop\\MBA dashboard\\node_modules\\@firebase\\.performance-types-zdTePfHf',
1078 silly reify   'C:\\Users\\vedsp\\Desktop\\MBA dashboard\\node_modules\\@firebase\\remote-config': 'C:\\Users\\vedsp\\Desktop\\MBA dashboard\\node_modules\\@firebase\\.remote-config-jxDsHfyo',
1078 silly reify   'C:\\Users\\vedsp\\Desktop\\MBA dashboard\\node_modules\\@firebase\\remote-config-compat': 'C:\\Users\\vedsp\\Desktop\\MBA dashboard\\node_modules\\@firebase\\.remote-config-compat-yRqHwydn',
1078 silly reify   'C:\\Users\\vedsp\\Desktop\\MBA dashboard\\node_modules\\@firebase\\storage': 'C:\\Users\\vedsp\\Desktop\\MBA dashboard\\node_modules\\@firebase\\.storage-FICWFeFw',
1078 silly reify   'C:\\Users\\vedsp\\Desktop\\MBA dashboard\\node_modules\\@firebase\\remote-config-types': 'C:\\Users\\vedsp\\Desktop\\MBA dashboard\\node_modules\\@firebase\\.remote-config-types-LgywU7mu',
1078 silly reify   'C:\\Users\\vedsp\\Desktop\\MBA dashboard\\node_modules\\@firebase\\storage-compat': 'C:\\Users\\vedsp\\Desktop\\MBA dashboard\\node_modules\\@firebase\\.storage-compat-g65DBpR2',
1078 silly reify   'C:\\Users\\vedsp\\Desktop\\MBA dashboard\\node_modules\\@firebase\\storage-types': 'C:\\Users\\vedsp\\Desktop\\MBA dashboard\\node_modules\\@firebase\\.storage-types-ZtQ1xC7A',
1078 silly reify   'C:\\Users\\vedsp\\Desktop\\MBA dashboard\\node_modules\\@firebase\\webchannel-wrapper': 'C:\\Users\\vedsp\\Desktop\\MBA dashboard\\node_modules\\@firebase\\.webchannel-wrapper-osE4d8LT',
1078 silly reify   'C:\\Users\\vedsp\\Desktop\\MBA dashboard\\node_modules\\@firebase\\util': 'C:\\Users\\vedsp\\Desktop\\MBA dashboard\\node_modules\\@firebase\\.util-fHzpNlNc',
1078 silly reify   'C:\\Users\\vedsp\\Desktop\\MBA dashboard\\node_modules\\@grpc\\grpc-js': 'C:\\Users\\vedsp\\Desktop\\MBA dashboard\\node_modules\\@grpc\\.grpc-js-RplRoaj6',
1078 silly reify   'C:\\Users\\vedsp\\Desktop\\MBA dashboard\\node_modules\\@next\\swc-win32-x64-msvc': 'C:\\Users\\vedsp\\Desktop\\MBA dashboard\\node_modules\\@next\\.swc-win32-x64-msvc-wj5d7YU3',
1078 silly reify   'C:\\Users\\vedsp\\Desktop\\MBA dashboard\\node_modules\\@next\\env': 'C:\\Users\\vedsp\\Desktop\\MBA dashboard\\node_modules\\@next\\.env-IUZUOU8C',
1078 silly reify   'C:\\Users\\vedsp\\Desktop\\MBA dashboard\\node_modules\\@opentelemetry\\api': 'C:\\Users\\vedsp\\Desktop\\MBA dashboard\\node_modules\\@opentelemetry\\.api-YJfPxHXq',
1078 silly reify   'C:\\Users\\vedsp\\Desktop\\MBA dashboard\\node_modules\\@types\\express': 'C:\\Users\\vedsp\\Desktop\\MBA dashboard\\node_modules\\@types\\.express-9O2SU8Qu',
1078 silly reify   'C:\\Users\\vedsp\\Desktop\\MBA dashboard\\node_modules\\@types\\express-serve-static-core': 'C:\\Users\\vedsp\\Desktop\\MBA dashboard\\node_modules\\@types\\.express-serve-static-core-ambCfWMJ',
1078 silly reify   'C:\\Users\\vedsp\\Desktop\\MBA dashboard\\node_modules\\@types\\mime': 'C:\\Users\\vedsp\\Desktop\\MBA dashboard\\node_modules\\@types\\.mime-Ww6bZkKI',
1078 silly reify   'C:\\Users\\vedsp\\Desktop\\MBA dashboard\\node_modules\\@types\\serve-static': 'C:\\Users\\vedsp\\Desktop\\MBA dashboard\\node_modules\\@types\\.serve-static-hjbeIvFZ'
1078 silly reify }
1079 silly audit bulk request {
1079 silly audit   '@mba/web': [ '1.0.0' ],
1079 silly audit   '@mba/functions': [ '1.0.0' ],
1079 silly audit   '@emnapi/runtime': [ '1.11.3' ],
1079 silly audit   '@esbuild/aix-ppc64': [ '0.21.5' ],
1079 silly audit   '@esbuild/android-arm': [ '0.21.5' ],
1079 silly audit   '@esbuild/android-arm64': [ '0.21.5' ],
1079 silly audit   '@esbuild/android-x64': [ '0.21.5' ],
1079 silly audit   '@esbuild/darwin-arm64': [ '0.21.5' ],
1079 silly audit   '@esbuild/darwin-x64': [ '0.21.5' ],
1079 silly audit   '@esbuild/freebsd-arm64': [ '0.21.5' ],
1079 silly audit   '@esbuild/freebsd-x64': [ '0.21.5' ],
1079 silly audit   '@esbuild/linux-arm': [ '0.21.5' ],
1079 silly audit   '@esbuild/linux-arm64': [ '0.21.5' ],
1079 silly audit   '@esbuild/linux-ia32': [ '0.21.5' ],
1079 silly audit   '@esbuild/linux-loong64': [ '0.21.5' ],
1079 silly audit   '@esbuild/linux-mips64el': [ '0.21.5' ],
1079 silly audit   '@esbuild/linux-ppc64': [ '0.21.5' ],
1079 silly audit   '@esbuild/linux-riscv64': [ '0.21.5' ],
1079 silly audit   '@esbuild/linux-s390x': [ '0.21.5' ],
1079 silly audit   '@esbuild/linux-x64': [ '0.21.5' ],
1079 silly audit   '@esbuild/netbsd-x64': [ '0.21.5' ],
1079 silly audit   '@esbuild/openbsd-x64': [ '0.21.5' ],
1079 silly audit   '@esbuild/sunos-x64': [ '0.21.5' ],
1079 silly audit   '@esbuild/win32-arm64': [ '0.21.5' ],
1079 silly audit   '@esbuild/win32-ia32': [ '0.21.5' ],
1079 silly audit   '@esbuild/win32-x64': [ '0.21.5' ],
1079 silly audit   '@fastify/busboy': [ '3.2.0' ],
1079 silly audit   '@google-cloud/firestore': [ '7.11.6', '8.7.0' ],
1079 silly audit   '@google-cloud/paginator': [ '5.0.2' ],
1079 silly audit   '@google-cloud/projectify': [ '4.0.0' ],
1079 silly audit   '@google-cloud/promisify': [ '4.0.0' ],
1079 silly audit   '@google-cloud/storage': [ '7.21.0' ],
1079 silly audit   'gcp-metadata': [ '6.1.1', '8.1.2' ],
1079 silly audit   'google-auth-library': [ '9.15.1', '10.9.1', '10.5.0' ],
1079 silly audit   'google-logging-utils': [ '0.0.2', '1.1.3' ],
1079 silly audit   '@grpc/grpc-js': [ '1.14.4', '1.9.16' ],
1079 silly audit   '@grpc/proto-loader': [ '0.7.15', '0.8.1' ],
1079 silly audit   '@img/colour': [ '1.1.0' ],
1079 silly audit   '@img/sharp-darwin-arm64': [ '0.34.5' ],
1079 silly audit   '@img/sharp-darwin-x64': [ '0.34.5' ],
1079 silly audit   '@img/sharp-libvips-darwin-arm64': [ '1.2.4' ],
1079 silly audit   '@img/sharp-libvips-darwin-x64': [ '1.2.4' ],
1079 silly audit   '@img/sharp-libvips-linux-arm': [ '1.2.4' ],
1079 silly audit   '@img/sharp-libvips-linux-arm64': [ '1.2.4' ],
1079 silly audit   '@img/sharp-libvips-linux-ppc64': [ '1.2.4' ],
1079 silly audit   '@img/sharp-libvips-linux-riscv64': [ '1.2.4' ],
1079 silly audit   '@img/sharp-libvips-linux-s390x': [ '1.2.4' ],
1079 silly audit   '@img/sharp-libvips-linux-x64': [ '1.2.4' ],
1079 silly audit   '@img/sharp-libvips-linuxmusl-arm64': [ '1.2.4' ],
1079 silly audit   '@img/sharp-libvips-linuxmusl-x64': [ '1.2.4' ],
1079 silly audit   '@img/sharp-linux-arm': [ '0.34.5' ],
1079 silly audit   '@img/sharp-linux-arm64': [ '0.34.5' ],
1079 silly audit   '@img/sharp-linux-ppc64': [ '0.34.5' ],
1079 silly audit   '@img/sharp-linux-riscv64': [ '0.34.5' ],
1079 silly audit   '@img/sharp-linux-s390x': [ '0.34.5' ],
1079 silly audit   '@img/sharp-linux-x64': [ '0.34.5' ],
1079 silly audit   '@img/sharp-linuxmusl-arm64': [ '0.34.5' ],
1079 silly audit   '@img/sharp-linuxmusl-x64': [ '0.34.5' ],
1079 silly audit   '@img/sharp-wasm32': [ '0.34.5' ],
1079 silly audit   '@img/sharp-win32-arm64': [ '0.34.5' ],
1079 silly audit   '@img/sharp-win32-ia32': [ '0.34.5' ],
1079 silly audit   '@img/sharp-win32-x64': [ '0.34.5' ],
1079 silly audit   '@jridgewell/sourcemap-codec': [ '1.5.5' ],
1079 silly audit   '@js-sdsl/ordered-map': [ '4.4.2' ],
1079 silly audit   '@napi-rs/lzma-linux-x64-gnu': [ '1.5.1' ],
1079 silly audit   '@nodable/entities': [ '3.0.0' ],
1079 silly audit   '@protobufjs/aspromise': [ '1.1.2' ],
1079 silly audit   '@protobufjs/base64': [ '1.1.2' ],
1079 silly audit   '@protobufjs/codegen': [ '2.0.5' ],
1079 silly audit   '@protobufjs/eventemitter': [ '1.1.1' ],
1079 silly audit   '@protobufjs/fetch': [ '1.1.1' ],
1079 silly audit   '@protobufjs/float': [ '1.0.2' ],
1079 silly audit   '@protobufjs/path': [ '1.1.2' ],
1079 silly audit   '@protobufjs/pool': [ '1.1.0' ],
1079 silly audit   '@protobufjs/utf8': [ '1.1.2' ],
1079 silly audit   '@rollup/rollup-android-arm-eabi': [ '4.62.4' ],
1079 silly audit   '@rollup/rollup-android-arm64': [ '4.62.4' ],
1079 silly audit   '@rollup/rollup-darwin-arm64': [ '4.62.4' ],
1079 silly audit   '@rollup/rollup-darwin-x64': [ '4.62.4' ],
1079 silly audit   '@rollup/rollup-freebsd-arm64': [ '4.62.4' ],
1079 silly audit   '@rollup/rollup-freebsd-x64': [ '4.62.4' ],
1079 silly audit   '@rollup/rollup-linux-arm-gnueabihf': [ '4.62.4' ],
1079 silly audit   '@rollup/rollup-linux-arm-musleabihf': [ '4.62.4' ],
1079 silly audit   '@rollup/rollup-linux-arm64-gnu': [ '4.62.4' ],
1079 silly audit   '@rollup/rollup-linux-arm64-musl': [ '4.62.4' ],
1079 silly audit   '@rollup/rollup-linux-loong64-gnu': [ '4.62.4' ],
1079 silly audit   '@rollup/rollup-linux-loong64-musl': [ '4.62.4' ],
1079 silly audit   '@rollup/rollup-linux-ppc64-gnu': [ '4.62.4' ],
1079 silly audit   '@rollup/rollup-linux-ppc64-musl': [ '4.62.4' ],
1079 silly audit   '@rollup/rollup-linux-riscv64-gnu': [ '4.62.4' ],
1079 silly audit   '@rollup/rollup-linux-riscv64-musl': [ '4.62.4' ],
1079 silly audit   '@rollup/rollup-linux-s390x-gnu': [ '4.62.4' ],
1079 silly audit   '@rollup/rollup-linux-x64-gnu': [ '4.62.4' ],
1079 silly audit   '@rollup/rollup-linux-x64-musl': [ '4.62.4' ],
1079 silly audit   '@rollup/rollup-openbsd-x64': [ '4.62.4' ],
1079 silly audit   '@rollup/rollup-openharmony-arm64': [ '4.62.4' ],
1079 silly audit   '@rollup/rollup-win32-arm64-msvc': [ '4.62.4' ],
1079 silly audit   '@rollup/rollup-win32-ia32-msvc': [ '4.62.4' ],
1079 silly audit   '@rollup/rollup-win32-x64-gnu': [ '4.62.4' ],
1079 silly audit   '@rollup/rollup-win32-x64-msvc': [ '4.62.4' ],
1079 silly audit   '@swc/helpers': [ '0.5.15' ],
1079 silly audit   '@tootallnate/once': [ '2.0.1' ],
1079 silly audit   '@types/caseless': [ '0.12.5' ],
1079 silly audit   '@types/cors': [ '2.8.19' ],
1079 silly audit   '@types/estree': [ '1.0.9' ],
1079 silly audit   '@types/jsonwebtoken': [ '9.0.10' ],
1079 silly audit   '@types/long': [ '4.0.2' ],
1079 silly audit   '@types/ms': [ '2.1.0' ],
1079 silly audit   '@types/node': [ '22.20.1' ],
1079 silly audit   '@types/react': [ '19.2.18' ],
1079 silly audit   '@types/react-dom': [ '19.2.4' ],
1079 silly audit   '@types/request': [ '2.48.13' ],
1079 silly audit   '@types/tough-cookie': [ '4.0.5' ],
1079 silly audit   '@vitest/expect': [ '2.1.9' ],
1079 silly audit   '@vitest/mocker': [ '2.1.9' ],
1079 silly audit   '@vitest/pretty-format': [ '2.1.9' ],
1079 silly audit   '@vitest/runner': [ '2.1.9' ],
1079 silly audit   '@vitest/snapshot': [ '2.1.9' ],
1079 silly audit   '@vitest/spy': [ '2.1.9' ],
1079 silly audit   '@vitest/utils': [ '2.1.9' ],
1079 silly audit   'abort-controller': [ '3.0.0' ],
1079 silly audit   'agent-base': [ '7.1.4', '6.0.2' ],
1079 silly audit   'ansi-regex': [ '5.0.1', '6.2.2' ],
1079 silly audit   'ansi-styles': [ '4.3.0', '6.2.3' ],
1079 silly audit   anynum: [ '1.0.1' ],
1079 silly audit   arrify: [ '2.0.1' ],
1079 silly audit   'assertion-error': [ '2.0.1' ],
1079 silly audit   'async-retry': [ '1.3.3' ],
1079 silly audit   asynckit: [ '0.4.0' ],
1079 silly audit   'base64-js': [ '1.5.1' ],
1079 silly audit   'bignumber.js': [ '9.3.1' ],
1079 silly audit   'buffer-equal-constant-time': [ '1.0.1' ],
1079 silly audit   cac: [ '6.7.14' ],
1079 silly audit   'call-bind-apply-helpers': [ '1.0.2' ],
1079 silly audit   'caniuse-lite': [ '1.0.30001806' ],
1079 silly audit   chai: [ '5.3.3' ],
1079 silly audit   'check-error': [ '2.1.3' ],
1079 silly audit   'client-only': [ '0.0.1' ],
1079 silly audit   cliui: [ '8.0.1' ],
1079 silly audit   'color-convert': [ '2.0.1' ],
1079 silly audit   'color-name': [ '1.1.4' ],
1079 silly audit   'combined-stream': [ '1.0.8' ],
1079 silly audit   cors: [ '2.8.6' ],
1079 silly audit   csstype: [ '3.2.3' ],
1079 silly audit   'data-uri-to-buffer': [ '4.0.1' ],
1079 silly audit   debug: [ '4.4.3' ],
1079 silly audit   'deep-eql': [ '5.0.2' ],
1079 silly audit   'delayed-stream': [ '1.0.0' ],
1079 silly audit   'detect-libc': [ '2.1.2' ],
1079 silly audit   'dunder-proto': [ '1.0.1' ],
1079 silly audit   duplexify: [ '4.1.3' ],
1079 silly audit   'ecdsa-sig-formatter': [ '1.0.11' ],
1079 silly audit   'emoji-regex': [ '8.0.0', '9.2.2' ],
1079 silly audit   'end-of-stream': [ '1.4.5' ],
1079 silly audit   'es-define-property': [ '1.0.1' ],
1079 silly audit   'es-errors': [ '1.3.0' ],
1079 silly audit   'es-module-lexer': [ '1.7.0' ],
1079 silly audit   'es-object-atoms': [ '1.1.2' ],
1079 silly audit   'es-set-tostringtag': [ '2.1.0' ],
1079 silly audit   esbuild: [ '0.21.5' ],
1079 silly audit   escalade: [ '3.2.0' ],
1079 silly audit   'estree-walker': [ '3.0.3' ],
1079 silly audit   'event-target-shim': [ '5.0.1' ],
1079 silly audit   'expect-type': [ '1.4.0' ],
1079 silly audit   extend: [ '3.0.2' ],
1079 silly audit   'farmhash-modern': [ '1.1.0' ],
1079 silly audit   'fast-deep-equal': [ '3.1.3' ],
1079 silly audit   'fast-xml-builder': [ '1.3.0' ],
1079 silly audit   'fast-xml-parser': [ '5.10.1' ],
1079 silly audit   'fetch-blob': [ '3.2.0' ],
1079 silly audit   'firebase-admin': [ '13.10.0', '14.2.0' ],
1079 silly audit   'form-data': [ '2.5.6' ],
1079 silly audit   'formdata-polyfill': [ '4.0.10' ],
1079 silly audit   fsevents: [ '2.3.3' ],
1079 silly audit   'function-bind': [ '1.1.2' ],
1079 silly audit   'functional-red-black-tree': [ '1.0.1' ],
1079 silly audit   gaxios: [ '6.7.1', '7.3.0' ],
1079 silly audit   'node-fetch': [ '3.3.2', '2.7.0' ],
1079 silly audit   'get-caller-file': [ '2.0.5' ],
1079 silly audit   'get-intrinsic': [ '1.3.0' ],
1079 silly audit   'get-proto': [ '1.0.1' ],
1079 silly audit   'google-gax': [ '4.6.1', '5.0.8' ],
1079 silly audit   gopd: [ '1.2.0' ],
1079 silly audit   gtoken: [ '7.1.0', '8.0.0' ],
1079 silly audit   'has-symbols': [ '1.1.0' ],
1079 silly audit   'has-tostringtag': [ '1.0.2' ],
1079 silly audit   hasown: [ '2.0.4' ],
1079 silly audit   'html-entities': [ '2.6.0' ],
1079 silly audit   'http-proxy-agent': [ '5.0.0', '7.0.2' ],
1079 silly audit   ms: [ '2.1.3' ],
1079 silly audit   'https-proxy-agent': [ '7.0.6', '5.0.1' ],
1079 silly audit   inherits: [ '2.0.4' ],
1079 silly audit   'is-fullwidth-code-point': [ '3.0.0' ],
1079 silly audit   'is-stream': [ '2.0.1' ],
1079 silly audit   'is-unsafe': [ '2.0.0' ],
1079 silly audit   jose: [ '4.15.9', '6.2.7' ],
1079 silly audit   'json-bigint': [ '1.0.0' ],
1079 silly audit   jsonwebtoken: [ '9.0.3' ],
1079 silly audit   jwa: [ '2.0.1' ],
1079 silly audit   'jwks-rsa': [ '3.2.2', '4.1.0' ],
1079 silly audit   jws: [ '4.0.1' ],
1079 silly audit   limiter: [ '1.1.5' ],
1079 silly audit   'lodash.camelcase': [ '4.3.0' ],
1079 silly audit   'lodash.clonedeep': [ '4.5.0' ],
1079 silly audit   'lodash.includes': [ '4.3.0' ],
1079 silly audit   'lodash.isboolean': [ '3.0.3' ],
1079 silly audit   'lodash.isinteger': [ '4.0.4' ],
1079 silly audit   'lodash.isnumber': [ '3.0.3' ],
1079 silly audit   'lodash.isplainobject': [ '4.0.6' ],
1079 silly audit   'lodash.isstring': [ '4.0.1' ],
1079 silly audit   'lodash.once': [ '4.1.1' ],
1079 silly audit   long: [ '5.3.2' ],
1079 silly audit   loupe: [ '3.2.1' ],
1079 silly audit   'lru-cache': [ '6.0.0', '11.5.2', '10.4.3' ],
1079 silly audit   'lru-memoizer': [ '2.3.0', '3.0.0' ],
1079 silly audit   'magic-string': [ '0.30.21' ],
1079 silly audit   'math-intrinsics': [ '1.1.0' ],
1079 silly audit   mime: [ '3.0.0' ],
1079 silly audit   'mime-db': [ '1.52.0', '1.54.0' ],
1079 silly audit   'mime-types': [ '2.1.35', '3.0.2' ],
1079 silly audit   nanoid: [ '3.3.16' ],
1079 silly audit   'node-domexception': [ '1.0.0' ],
1079 silly audit   'object-assign': [ '4.1.1' ],
1079 silly audit   'object-hash': [ '3.0.0' ],
1079 silly audit   once: [ '1.4.0' ],
1079 silly audit   'p-limit': [ '3.1.0' ],
1079 silly audit   'path-expression-matcher': [ '1.6.2' ],
1079 silly audit   pathe: [ '1.1.2' ],
1079 silly audit   pathval: [ '2.0.1' ],
1079 silly audit   picocolors: [ '1.1.1' ],
1079 silly audit   postcss: [ '8.4.31', '8.5.25' ],
1079 silly audit   'proto3-json-serializer': [ '2.0.2', '3.0.4' ],
1079 silly audit   protobufjs: [ '7.6.5' ],
1079 silly audit   react: [ '19.2.8' ],
1079 silly audit   'react-dom': [ '19.2.8' ],
1079 silly audit   'readable-stream': [ '3.6.2' ],
1079 silly audit   'require-directory': [ '2.1.1' ],
1079 silly audit   retry: [ '0.13.1' ],
1079 silly audit   'retry-request': [ '7.0.2', '8.0.4' ],
1079 silly audit   rollup: [ '4.62.4' ],
1079 silly audit   'safe-buffer': [ '5.2.1' ],
1079 silly audit   scheduler: [ '0.27.0' ],
1079 silly audit   semver: [ '7.8.5' ],
1079 silly audit   sharp: [ '0.34.5' ],
1079 silly audit   siginfo: [ '2.0.0' ],
1079 silly audit   'source-map-js': [ '1.2.1' ],
1079 silly audit   stackback: [ '0.0.2' ],
1079 silly audit   'std-env': [ '3.10.0' ],
1079 silly audit   'stream-events': [ '1.0.5' ],
1079 silly audit   'stream-shift': [ '1.0.3' ],
1079 silly audit   string_decoder: [ '1.3.0' ],
1079 silly audit   'string-width': [ '4.2.3', '5.1.2' ],
1079 silly audit   'strip-ansi': [ '6.0.1', '7.2.0' ],
1079 silly audit   strnum: [ '2.4.1' ],
1079 silly audit   stubs: [ '3.0.0' ],
1079 silly audit   'styled-jsx': [ '5.1.6' ],
1079 silly audit   'teeny-request': [ '9.0.0', '10.1.4' ],
1079 silly audit   tinybench: [ '2.9.0' ],
1079 silly audit   tinyexec: [ '0.3.2' ],
1079 silly audit   tinypool: [ '1.1.1' ],
1079 silly audit   tinyrainbow: [ '1.2.0' ],
1079 silly audit   tinyspy: [ '3.0.2' ],
1079 silly audit   tr46: [ '0.0.3' ],
1079 silly audit   tslib: [ '2.8.1' ],
1079 silly audit   typescript: [ '5.9.3' ],
1079 silly audit   'undici-types': [ '6.21.0' ],
1079 silly audit   'util-deprecate': [ '1.0.2' ],
1079 silly audit   uuid: [ '9.0.1' ],
1079 silly audit   vary: [ '1.1.2' ],
1079 silly audit   vite: [ '5.4.21' ],
1079 silly audit   'vite-node': [ '2.1.9' ],
1079 silly audit   vitest: [ '2.1.9' ],
1079 silly audit   'web-streams-polyfill': [ '3.3.3' ],
1079 silly audit   'webidl-conversions': [ '3.0.1' ],
1079 silly audit   'whatwg-url': [ '5.0.0' ],
1079 silly audit   'why-is-node-running': [ '2.3.0' ],
1079 silly audit   'wrap-ansi': [ '7.0.0', '8.1.0' ],
1079 silly audit   wrappy: [ '1.0.2' ],
1079 silly audit   'xml-naming': [ '0.3.0' ],
1079 silly audit   y18n: [ '5.0.8' ],
1079 silly audit   yallist: [ '4.0.0' ],
1079 silly audit   yargs: [ '17.7.3' ],
1079 silly audit   'yargs-parser': [ '21.1.1' ],
1079 silly audit   'yocto-queue': [ '0.1.0' ],
1079 silly audit   zod: [ '3.25.76' ],
1079 silly audit   '@mba/domain': [ '1.0.0' ],
1079 silly audit   firebase: [ '12.17.0' ],
1079 silly audit   next: [ '16.2.12' ],
1079 silly audit   'firebase-functions': [ '7.3.2' ],
1079 silly audit   '@firebase/database-compat': [ '2.1.5' ],
1079 silly audit   '@firebase/database-types': [ '1.0.21' ],
1079 silly audit   rimraf: [ '5.0.10' ],
1079 silly audit   '@firebase/component': [ '0.7.4' ],
1079 silly audit   '@firebase/database': [ '1.1.4' ],
1079 silly audit   '@firebase/logger': [ '0.5.1' ],
1079 silly audit   '@firebase/util': [ '1.15.2' ],
1079 silly audit   '@firebase/app-check-interop-types': [ '0.3.4' ],
1079 silly audit   '@firebase/auth-interop-types': [ '0.2.5' ],
1079 silly audit   'faye-websocket': [ '0.11.4' ],
1079 silly audit   '@firebase/app-types': [ '0.9.5' ],
1079 silly audit   'websocket-driver': [ '0.7.5' ],
1079 silly audit   '@firebase/ai': [ '2.14.0' ],
1079 silly audit   '@firebase/app': [ '0.16.0' ],
1079 silly audit   '@firebase/analytics': [ '0.10.23' ],
1079 silly audit   '@firebase/analytics-compat': [ '0.2.29' ],
1079 silly audit   '@firebase/app-compat': [ '0.5.16' ],
1079 silly audit   '@firebase/app-check': [ '0.13.0' ],
1079 silly audit   '@firebase/app-check-compat': [ '0.4.6' ],
1079 silly audit   '@firebase/auth': [ '1.13.4' ],
1079 silly audit   '@firebase/auth-compat': [ '0.6.9' ],
1079 silly audit   '@firebase/data-connect': [ '0.7.2' ],
1079 silly audit   '@firebase/firestore': [ '4.17.0' ],
1079 silly audit   '@firebase/firestore-compat': [ '0.4.12' ],
1079 silly audit   '@firebase/functions': [ '0.13.6' ],
1079 silly audit   '@firebase/functions-compat': [ '0.4.6' ],
1079 silly audit   '@firebase/installations': [ '0.6.23' ],
1079 silly audit   '@firebase/installations-compat': [ '0.2.23' ],
1079 silly audit   '@firebase/messaging': [ '0.13.1' ],
1079 silly audit   '@firebase/messaging-compat': [ '0.2.28' ],
1079 silly audit   '@firebase/performance': [ '0.7.13' ],
1079 silly audit   '@firebase/performance-compat': [ '0.2.26' ],
1079 silly audit   '@firebase/remote-config': [ '0.9.1' ],
1079 silly audit   '@firebase/remote-config-compat': [ '0.2.28' ],
1079 silly audit   '@firebase/storage': [ '0.14.4' ],
1079 silly audit   '@firebase/storage-compat': [ '0.4.4' ],
1079 silly audit   '@firebase/analytics-types': [ '0.8.4' ],
1079 silly audit   idb: [ '7.1.1' ],
1079 silly audit   '@firebase/app-check-types': [ '0.5.4' ],
1079 silly audit   '@firebase/auth-types': [ '0.13.1' ],
1079 silly audit   '@firebase/webchannel-wrapper': [ '1.0.6' ],
1079 silly audit   re2js: [ '2.8.6' ],
1079 silly audit   '@firebase/firestore-types': [ '3.0.4' ],
1079 silly audit   '@firebase/messaging-interop-types': [ '0.2.5' ],
1079 silly audit   '@firebase/functions-types': [ '0.6.4' ],
1079 silly audit   '@firebase/installations-types': [ '0.5.4' ],
1079 silly audit   'web-vitals': [ '4.2.4' ],
1079 silly audit   '@firebase/performance-types': [ '0.2.4' ],
1079 silly audit   '@firebase/remote-config-types': [ '0.5.1' ],
1079 silly audit   '@firebase/storage-types': [ '0.8.4' ],
1079 silly audit   '@types/express': [ '5.0.6' ],
1079 silly audit   express: [ '5.2.1' ],
1079 silly audit   '@types/body-parser': [ '1.19.6' ],
1079 silly audit   '@types/express-serve-static-core': [ '5.1.3' ],
1079 silly audit   '@types/serve-static': [ '2.2.0' ],
1079 silly audit   '@types/connect': [ '3.4.38' ],
1079 silly audit   '@types/qs': [ '6.15.1' ],
1079 silly audit   '@types/range-parser': [ '1.2.7' ],
1079 silly audit   '@types/send': [ '1.2.1' ],
1079 silly audit   '@types/http-errors': [ '2.0.5' ],
1079 silly audit   accepts: [ '2.0.0' ],
1079 silly audit   'body-parser': [ '2.3.0' ],
1079 silly audit   'content-disposition': [ '1.1.0' ],
1079 silly audit   'content-type': [ '1.0.5', '2.0.0' ],
1079 silly audit   cookie: [ '0.7.2' ],
1079 silly audit   'cookie-signature': [ '1.2.2' ],
1079 silly audit   depd: [ '2.0.0' ],
1079 silly audit   encodeurl: [ '2.0.0' ],
1079 silly audit   'escape-html': [ '1.0.3' ],
1079 silly audit   etag: [ '1.8.1' ],
1079 silly audit   finalhandler: [ '2.1.1' ],
1079 silly audit   fresh: [ '2.0.0' ],
1079 silly audit   'http-errors': [ '2.0.1' ],
1079 silly audit   'merge-descriptors': [ '2.0.0' ],
1079 silly audit   'on-finished': [ '2.4.1' ],
1079 silly audit   parseurl: [ '1.3.3' ],
1079 silly audit   'proxy-addr': [ '2.0.7' ],
1079 silly audit   qs: [ '6.15.3' ],
1079 silly audit   'range-parser': [ '1.3.0' ],
1079 silly audit   router: [ '2.2.0' ],
1079 silly audit   send: [ '1.2.1' ],
1079 silly audit   'serve-static': [ '2.2.1' ],
1079 silly audit   statuses: [ '2.0.2' ],
1079 silly audit   'type-is': [ '2.1.0' ],
1079 silly audit   negotiator: [ '1.0.0' ],
1079 silly audit   bytes: [ '3.1.2' ],
1079 silly audit   'iconv-lite': [ '0.7.3' ],
1079 silly audit   'raw-body': [ '3.0.2' ],
1079 silly audit   setprototypeof: [ '1.2.0' ],
1079 silly audit   toidentifier: [ '1.0.1' ],
1079 silly audit   'safer-buffer': [ '2.1.2' ],
1079 silly audit   '@next/env': [ '16.2.12' ],
1079 silly audit   '@next/swc-darwin-arm64': [ '16.2.12' ],
1079 silly audit   '@next/swc-darwin-x64': [ '16.2.12' ],
1079 silly audit   '@next/swc-linux-arm64-gnu': [ '16.2.12' ],
1079 silly audit   '@next/swc-linux-arm64-musl': [ '16.2.12' ],
1079 silly audit   '@next/swc-linux-x64-gnu': [ '16.2.12' ],
1079 silly audit   '@next/swc-linux-x64-musl': [ '16.2.12' ],
1079 silly audit   '@next/swc-win32-arm64-msvc': [ '16.2.12' ],
1079 silly audit   '@next/swc-win32-x64-msvc': [ '16.2.12' ],
1079 silly audit   'baseline-browser-mapping': [ '2.11.11' ],
1079 silly audit   'ee-first': [ '1.1.1' ],
1079 silly audit   forwarded: [ '0.2.0' ],
1079 silly audit   'ipaddr.js': [ '1.9.1' ],
1079 silly audit   'side-channel': [ '1.1.1' ],
1079 silly audit   unpipe: [ '1.0.0' ],
1079 silly audit   glob: [ '10.5.0' ],
1079 silly audit   'foreground-child': [ '3.3.1' ],
1079 silly audit   jackspeak: [ '3.4.3' ],
1079 silly audit   minimatch: [ '9.0.9' ],
1079 silly audit   minipass: [ '7.1.3' ],
1079 silly audit   'package-json-from-dist': [ '1.0.1' ],
1079 silly audit   'path-scurry': [ '1.11.1' ],
1079 silly audit   'cross-spawn': [ '7.0.6' ],
1079 silly audit   'signal-exit': [ '4.1.0' ],
1079 silly audit   'path-key': [ '3.1.1' ],
1079 silly audit   'shebang-command': [ '2.0.0' ],
1079 silly audit   which: [ '2.0.2' ],
1079 silly audit   '@isaacs/cliui': [ '8.0.2' ],
1079 silly audit   '@pkgjs/parseargs': [ '0.11.0' ],
1079 silly audit   'brace-expansion': [ '2.1.4' ],
1079 silly audit   'balanced-match': [ '1.0.2' ],
1079 silly audit   'is-promise': [ '4.0.0' ],
1079 silly audit   'path-to-regexp': [ '8.4.2' ],
1079 silly audit   'shebang-regex': [ '3.0.0' ],
1079 silly audit   'object-inspect': [ '1.13.4' ],
1079 silly audit   'side-channel-list': [ '1.0.1' ],
1079 silly audit   'side-channel-map': [ '1.0.1' ],
1079 silly audit   'side-channel-weakmap': [ '1.0.2' ],
1079 silly audit   'call-bound': [ '1.0.4' ],
1079 silly audit   'media-typer': [ '1.1.1' ],
1079 silly audit   'http-parser-js': [ '0.5.10' ],
1079 silly audit   'websocket-extensions': [ '0.1.4' ],
1079 silly audit   isexe: [ '2.0.0' ],
1079 silly audit   eastasianwidth: [ '0.2.0' ]
1079 silly audit }
1080 http cache @types/serve-static@https://registry.npmjs.org/@types/serve-static/-/serve-static-2.2.0.tgz 0ms (cache hit)
1081 http cache eastasianwidth@https://registry.npmjs.org/eastasianwidth/-/eastasianwidth-0.2.0.tgz 0ms (cache hit)
1082 http cache isexe@https://registry.npmjs.org/isexe/-/isexe-2.0.0.tgz 0ms (cache hit)
1083 http cache is-promise@https://registry.npmjs.org/is-promise/-/is-promise-4.0.0.tgz 0ms (cache hit)
1084 http cache shebang-regex@https://registry.npmjs.org/shebang-regex/-/shebang-regex-3.0.0.tgz 0ms (cache hit)
1085 http cache brace-expansion@https://registry.npmjs.org/brace-expansion/-/brace-expansion-2.1.4.tgz 0ms (cache hit)
1086 http cache balanced-match@https://registry.npmjs.org/balanced-match/-/balanced-match-1.0.2.tgz 0ms (cache hit)
1087 http cache wrap-ansi-cjs@https://registry.npmjs.org/wrap-ansi/-/wrap-ansi-7.0.0.tgz 0ms (cache hit)
1088 http cache string-width-cjs@https://registry.npmjs.org/string-width/-/string-width-4.2.3.tgz 0ms (cache hit)
1089 http cache @pkgjs/parseargs@https://registry.npmjs.org/@pkgjs/parseargs/-/parseargs-0.11.0.tgz 0ms (cache hit)
1090 http cache @isaacs/cliui@https://registry.npmjs.org/@isaacs/cliui/-/cliui-8.0.2.tgz 0ms (cache hit)
1091 http cache strip-ansi-cjs@https://registry.npmjs.org/strip-ansi/-/strip-ansi-6.0.1.tgz 0ms (cache hit)
1092 http cache which@https://registry.npmjs.org/which/-/which-2.0.2.tgz 0ms (cache hit)
1093 http cache shebang-command@https://registry.npmjs.org/shebang-command/-/shebang-command-2.0.0.tgz 0ms (cache hit)
1094 http cache signal-exit@https://registry.npmjs.org/signal-exit/-/signal-exit-4.1.0.tgz 0ms (cache hit)
1095 http cache path-key@https://registry.npmjs.org/path-key/-/path-key-3.1.1.tgz 0ms (cache hit)
1096 http cache cross-spawn@https://registry.npmjs.org/cross-spawn/-/cross-spawn-7.0.6.tgz 0ms (cache hit)
1097 http cache path-scurry@https://registry.npmjs.org/path-scurry/-/path-scurry-1.11.1.tgz 0ms (cache hit)
1098 http cache package-json-from-dist@https://registry.npmjs.org/package-json-from-dist/-/package-json-from-dist-1.0.1.tgz 0ms (cache hit)
1099 http cache jackspeak@https://registry.npmjs.org/jackspeak/-/jackspeak-3.4.3.tgz 0ms (cache hit)
1100 http cache minimatch@https://registry.npmjs.org/minimatch/-/minimatch-9.0.9.tgz 0ms (cache hit)
1101 http cache minipass@https://registry.npmjs.org/minipass/-/minipass-7.1.3.tgz 0ms (cache hit)
1102 http cache glob@https://registry.npmjs.org/glob/-/glob-10.5.0.tgz 0ms (cache hit)
1103 http cache foreground-child@https://registry.npmjs.org/foreground-child/-/foreground-child-3.3.1.tgz 0ms (cache hit)
1104 http cache baseline-browser-mapping@https://registry.npmjs.org/baseline-browser-mapping/-/baseline-browser-mapping-2.11.11.tgz 0ms (cache hit)
1105 http cache re2js@https://registry.npmjs.org/re2js/-/re2js-2.8.6.tgz 0ms (cache hit)
1106 http cache router@https://registry.npmjs.org/router/-/router-2.2.0.tgz 0ms (cache hit)
1107 http cache @next/env@https://registry.npmjs.org/@next/env/-/env-16.2.12.tgz 0ms (cache hit)
1108 http cache rimraf@https://registry.npmjs.org/rimraf/-/rimraf-5.0.10.tgz 0ms (cache hit)
1109 http cache @next/swc-win32-x64-msvc@https://registry.npmjs.org/@next/swc-win32-x64-msvc/-/swc-win32-x64-msvc-16.2.12.tgz 0ms (cache hit)
1110 http cache @grpc/grpc-js@https://registry.npmjs.org/@grpc/grpc-js/-/grpc-js-1.14.4.tgz 0ms (cache hit)
1111 http cache @types/express-serve-static-core@https://registry.npmjs.org/@types/express-serve-static-core/-/express-serve-static-core-5.1.3.tgz 0ms (cache hit)
1112 http cache @types/express@https://registry.npmjs.org/@types/express/-/express-5.0.6.tgz 0ms (cache hit)
1113 http cache @firebase/util@https://registry.npmjs.org/@firebase/util/-/util-1.15.2.tgz 0ms (cache hit)
1114 http cache @firebase/storage-types@https://registry.npmjs.org/@firebase/storage-types/-/storage-types-0.8.4.tgz 0ms (cache hit)
1115 silly tarball no local data for @types/serve-static@https://registry.npmjs.org/@types/serve-static/-/serve-static-2.2.0.tgz. Extracting by manifest.
1116 http cache @firebase/webchannel-wrapper@https://registry.npmjs.org/@firebase/webchannel-wrapper/-/webchannel-wrapper-1.0.6.tgz 0ms (cache hit)
1117 http cache @firebase/storage-compat@https://registry.npmjs.org/@firebase/storage-compat/-/storage-compat-0.4.4.tgz 0ms (cache hit)
1118 http cache @firebase/remote-config-types@https://registry.npmjs.org/@firebase/remote-config-types/-/remote-config-types-0.5.1.tgz 0ms (cache hit)
1119 http cache @firebase/remote-config-compat@https://registry.npmjs.org/@firebase/remote-config-compat/-/remote-config-compat-0.2.28.tgz 0ms (cache hit)
1120 http cache @firebase/remote-config@https://registry.npmjs.org/@firebase/remote-config/-/remote-config-0.9.1.tgz 0ms (cache hit)
1121 http cache @firebase/storage@https://registry.npmjs.org/@firebase/storage/-/storage-0.14.4.tgz 0ms (cache hit)
1122 http cache @firebase/performance-types@https://registry.npmjs.org/@firebase/performance-types/-/performance-types-0.2.4.tgz 0ms (cache hit)
1123 http cache @firebase/performance-compat@https://registry.npmjs.org/@firebase/performance-compat/-/performance-compat-0.2.26.tgz 0ms (cache hit)
1124 http cache @firebase/messaging-interop-types@https://registry.npmjs.org/@firebase/messaging-interop-types/-/messaging-interop-types-0.2.5.tgz 0ms (cache hit)
1125 http cache @firebase/performance@https://registry.npmjs.org/@firebase/performance/-/performance-0.7.13.tgz 0ms (cache hit)
1126 http cache @firebase/messaging@https://registry.npmjs.org/@firebase/messaging/-/messaging-0.13.1.tgz 0ms (cache hit)
1127 http cache @firebase/logger@https://registry.npmjs.org/@firebase/logger/-/logger-0.5.1.tgz 0ms (cache hit)
1128 http cache @firebase/installations-compat@https://registry.npmjs.org/@firebase/installations-compat/-/installations-compat-0.2.23.tgz 0ms (cache hit)
1129 http cache @firebase/messaging-compat@https://registry.npmjs.org/@firebase/messaging-compat/-/messaging-compat-0.2.28.tgz 0ms (cache hit)
1130 http cache @firebase/functions-compat@https://registry.npmjs.org/@firebase/functions-compat/-/functions-compat-0.4.6.tgz 0ms (cache hit)
1131 http cache @firebase/installations-types@https://registry.npmjs.org/@firebase/installations-types/-/installations-types-0.5.4.tgz 0ms (cache hit)
1132 http cache @firebase/installations@https://registry.npmjs.org/@firebase/installations/-/installations-0.6.23.tgz 0ms (cache hit)
1133 http cache @firebase/functions-types@https://registry.npmjs.org/@firebase/functions-types/-/functions-types-0.6.4.tgz 0ms (cache hit)
1134 http cache @firebase/functions@https://registry.npmjs.org/@firebase/functions/-/functions-0.13.6.tgz 0ms (cache hit)
1135 http cache @firebase/firestore@https://registry.npmjs.org/@firebase/firestore/-/firestore-4.17.0.tgz 0ms (cache hit)
1136 http cache @firebase/firestore-types@https://registry.npmjs.org/@firebase/firestore-types/-/firestore-types-3.0.4.tgz 0ms (cache hit)
1137 http cache @firebase/firestore-compat@https://registry.npmjs.org/@firebase/firestore-compat/-/firestore-compat-0.4.12.tgz 0ms (cache hit)
1138 http cache @firebase/database-types@https://registry.npmjs.org/@firebase/database-types/-/database-types-1.0.21.tgz 0ms (cache hit)
1139 http cache @firebase/database-compat@https://registry.npmjs.org/@firebase/database-compat/-/database-compat-2.1.5.tgz 0ms (cache hit)
1140 http cache @firebase/database@https://registry.npmjs.org/@firebase/database/-/database-1.1.4.tgz 0ms (cache hit)
1141 http cache @firebase/data-connect@https://registry.npmjs.org/@firebase/data-connect/-/data-connect-0.7.2.tgz 0ms (cache hit)
1142 http cache @firebase/auth-compat@https://registry.npmjs.org/@firebase/auth-compat/-/auth-compat-0.6.9.tgz 0ms (cache hit)
1143 http cache @firebase/component@https://registry.npmjs.org/@firebase/component/-/component-0.7.4.tgz 0ms (cache hit)
1144 http cache @firebase/app-types@https://registry.npmjs.org/@firebase/app-types/-/app-types-0.9.5.tgz 0ms (cache hit)
1145 http cache @firebase/auth-interop-types@https://registry.npmjs.org/@firebase/auth-interop-types/-/auth-interop-types-0.2.5.tgz 0ms (cache hit)
1146 http cache @firebase/auth-types@https://registry.npmjs.org/@firebase/auth-types/-/auth-types-0.13.1.tgz 0ms (cache hit)
1147 http cache @firebase/auth@https://registry.npmjs.org/@firebase/auth/-/auth-1.13.4.tgz 0ms (cache hit)
1148 http cache @firebase/app-compat@https://registry.npmjs.org/@firebase/app-compat/-/app-compat-0.5.16.tgz 0ms (cache hit)
1149 http cache @firebase/app-check-types@https://registry.npmjs.org/@firebase/app-check-types/-/app-check-types-0.5.4.tgz 0ms (cache hit)
1150 http cache @firebase/app-check-interop-types@https://registry.npmjs.org/@firebase/app-check-interop-types/-/app-check-interop-types-0.3.4.tgz 0ms (cache hit)
1151 http cache @firebase/app-check@https://registry.npmjs.org/@firebase/app-check/-/app-check-0.13.0.tgz 0ms (cache hit)
1152 http cache serve-static@https://registry.npmjs.org/serve-static/-/serve-static-2.2.1.tgz 0ms (cache hit)
1153 http cache @firebase/app@https://registry.npmjs.org/@firebase/app/-/app-0.16.0.tgz 0ms (cache hit)
1154 http cache @firebase/analytics-types@https://registry.npmjs.org/@firebase/analytics-types/-/analytics-types-0.8.4.tgz 0ms (cache hit)
1155 http cache @firebase/analytics-compat@https://registry.npmjs.org/@firebase/analytics-compat/-/analytics-compat-0.2.29.tgz 0ms (cache hit)
1156 http cache type-is@https://registry.npmjs.org/type-is/-/type-is-2.1.0.tgz 0ms (cache hit)
1157 http cache @firebase/analytics@https://registry.npmjs.org/@firebase/analytics/-/analytics-0.10.23.tgz 0ms (cache hit)
1158 http cache @firebase/ai@https://registry.npmjs.org/@firebase/ai/-/ai-2.14.0.tgz 0ms (cache hit)
1159 http cache send@https://registry.npmjs.org/send/-/send-1.2.1.tgz 0ms (cache hit)
1160 http cache next@https://registry.npmjs.org/next/-/next-16.2.12.tgz 0ms (cache hit)
1161 http cache raw-body@https://registry.npmjs.org/raw-body/-/raw-body-3.0.2.tgz 0ms (cache hit)
1162 http cache range-parser@https://registry.npmjs.org/range-parser/-/range-parser-1.3.0.tgz 0ms (cache hit)
1163 http cache path-to-regexp@https://registry.npmjs.org/path-to-regexp/-/path-to-regexp-8.4.2.tgz 0ms (cache hit)
1164 http cache @firebase/app-check-compat@https://registry.npmjs.org/@firebase/app-check-compat/-/app-check-compat-0.4.6.tgz 0ms (cache hit)
1165 http cache media-typer@https://registry.npmjs.org/media-typer/-/media-typer-1.1.1.tgz 0ms (cache hit)
1166 http cache negotiator@https://registry.npmjs.org/negotiator/-/negotiator-1.0.0.tgz 0ms (cache hit)
1167 http cache ms@https://registry.npmjs.org/ms/-/ms-2.1.3.tgz 0ms (cache hit)
1168 http cache iconv-lite@https://registry.npmjs.org/iconv-lite/-/iconv-lite-0.7.3.tgz 0ms (cache hit)
1169 http cache merge-descriptors@https://registry.npmjs.org/merge-descriptors/-/merge-descriptors-2.0.0.tgz 0ms (cache hit)
1170 http cache fresh@https://registry.npmjs.org/fresh/-/fresh-2.0.0.tgz 0ms (cache hit)
1171 http cache firebase-functions@https://registry.npmjs.org/firebase-functions/-/firebase-functions-7.3.2.tgz 0ms (cache hit)
1172 http cache firebase@https://registry.npmjs.org/firebase/-/firebase-12.17.0.tgz 0ms (cache hit)
1173 http cache finalhandler@https://registry.npmjs.org/finalhandler/-/finalhandler-2.1.1.tgz 0ms (cache hit)
1174 http cache debug@https://registry.npmjs.org/debug/-/debug-4.4.3.tgz 0ms (cache hit)
1175 http cache express@https://registry.npmjs.org/express/-/express-5.2.1.tgz 0ms (cache hit)
1176 http cache content-disposition@https://registry.npmjs.org/content-disposition/-/content-disposition-1.1.0.tgz 0ms (cache hit)
1177 http cache accepts@https://registry.npmjs.org/accepts/-/accepts-2.0.0.tgz 0ms (cache hit)
1178 http cache gtoken@https://registry.npmjs.org/gtoken/-/gtoken-8.0.0.tgz 0ms (cache hit)
1179 http cache cookie-signature@https://registry.npmjs.org/cookie-signature/-/cookie-signature-1.2.2.tgz 0ms (cache hit)
1180 http cache body-parser@https://registry.npmjs.org/body-parser/-/body-parser-2.3.0.tgz 0ms (cache hit)
1181 http cache gaxios@https://registry.npmjs.org/gaxios/-/gaxios-7.3.0.tgz 0ms (cache hit)
1182 http cache http-proxy-agent@https://registry.npmjs.org/http-proxy-agent/-/http-proxy-agent-7.0.2.tgz 0ms (cache hit)
1183 http cache lru-memoizer@https://registry.npmjs.org/lru-memoizer/-/lru-memoizer-3.0.0.tgz 0ms (cache hit)
1184 http cache jose@https://registry.npmjs.org/jose/-/jose-6.2.7.tgz 0ms (cache hit)
1185 http cache lru-cache@https://registry.npmjs.org/lru-cache/-/lru-cache-11.5.2.tgz 0ms (cache hit)
1186 http cache proto3-json-serializer@https://registry.npmjs.org/proto3-json-serializer/-/proto3-json-serializer-3.0.4.tgz 1ms (cache hit)
1187 http cache @grpc/proto-loader@https://registry.npmjs.org/@grpc/proto-loader/-/proto-loader-0.8.1.tgz 0ms (cache hit)
1188 http cache teeny-request@https://registry.npmjs.org/teeny-request/-/teeny-request-10.1.4.tgz 0ms (cache hit)
1189 http cache retry-request@https://registry.npmjs.org/retry-request/-/retry-request-8.0.4.tgz 0ms (cache hit)
1190 http cache node-fetch@https://registry.npmjs.org/node-fetch/-/node-fetch-3.3.2.tgz 0ms (cache hit)
1191 http cache google-auth-library@https://registry.npmjs.org/google-auth-library/-/google-auth-library-10.5.0.tgz 0ms (cache hit)
1192 http cache google-gax@https://registry.npmjs.org/google-gax/-/google-gax-5.0.8.tgz 0ms (cache hit)
1193 http cache ansi-regex@https://registry.npmjs.org/ansi-regex/-/ansi-regex-6.2.2.tgz 0ms (cache hit)
1194 http cache @google-cloud/firestore@https://registry.npmjs.org/@google-cloud/firestore/-/firestore-8.7.0.tgz 0ms (cache hit)
1195 http cache jwks-rsa@https://registry.npmjs.org/jwks-rsa/-/jwks-rsa-4.1.0.tgz 0ms (cache hit)
1196 http cache firebase-admin@https://registry.npmjs.org/firebase-admin/-/firebase-admin-14.2.0.tgz 0ms (cache hit)
1197 http cache ansi-styles@https://registry.npmjs.org/ansi-styles/-/ansi-styles-6.2.3.tgz 0ms (cache hit)
1198 http cache wrap-ansi@https://registry.npmjs.org/wrap-ansi/-/wrap-ansi-8.1.0.tgz 0ms (cache hit)
1199 http cache strip-ansi@https://registry.npmjs.org/strip-ansi/-/strip-ansi-7.2.0.tgz 0ms (cache hit)
1200 http cache string-width@https://registry.npmjs.org/string-width/-/string-width-5.1.2.tgz 0ms (cache hit)
1201 http cache emoji-regex@https://registry.npmjs.org/emoji-regex/-/emoji-regex-9.2.2.tgz 0ms (cache hit)
1202 http cache @grpc/proto-loader@https://registry.npmjs.org/@grpc/proto-loader/-/proto-loader-0.8.1.tgz 0ms (cache hit)
1203 http cache lru-cache@https://registry.npmjs.org/lru-cache/-/lru-cache-10.4.3.tgz 0ms (cache hit)
1204 http cache @grpc/grpc-js@https://registry.npmjs.org/@grpc/grpc-js/-/grpc-js-1.9.16.tgz 0ms (cache hit)
1205 http cache mime-db@https://registry.npmjs.org/mime-db/-/mime-db-1.54.0.tgz 0ms (cache hit)
1206 http cache mime-types@https://registry.npmjs.org/mime-types/-/mime-types-3.0.2.tgz 0ms (cache hit)
1207 http cache mime-types@https://registry.npmjs.org/mime-types/-/mime-types-3.0.2.tgz 0ms (cache hit)
1208 http cache mime-db@https://registry.npmjs.org/mime-db/-/mime-db-1.54.0.tgz 0ms (cache hit)
1209 http cache mime-db@https://registry.npmjs.org/mime-db/-/mime-db-1.54.0.tgz 0ms (cache hit)
1210 http cache mime-types@https://registry.npmjs.org/mime-types/-/mime-types-3.0.2.tgz 0ms (cache hit)
1211 http cache content-type@https://registry.npmjs.org/content-type/-/content-type-2.0.0.tgz 0ms (cache hit)
1212 silly tarball no local data for eastasianwidth@https://registry.npmjs.org/eastasianwidth/-/eastasianwidth-0.2.0.tgz. Extracting by manifest.
1213 http cache content-type@https://registry.npmjs.org/content-type/-/content-type-2.0.0.tgz 0ms (cache hit)
1214 silly tarball no local data for isexe@https://registry.npmjs.org/isexe/-/isexe-2.0.0.tgz. Extracting by manifest.
1215 silly tarball no local data for is-promise@https://registry.npmjs.org/is-promise/-/is-promise-4.0.0.tgz. Extracting by manifest.
1216 silly tarball no local data for shebang-regex@https://registry.npmjs.org/shebang-regex/-/shebang-regex-3.0.0.tgz. Extracting by manifest.
1217 silly tarball no local data for brace-expansion@https://registry.npmjs.org/brace-expansion/-/brace-expansion-2.1.4.tgz. Extracting by manifest.
1218 silly tarball no local data for balanced-match@https://registry.npmjs.org/balanced-match/-/balanced-match-1.0.2.tgz. Extracting by manifest.
1219 silly tarball no local data for @pkgjs/parseargs@https://registry.npmjs.org/@pkgjs/parseargs/-/parseargs-0.11.0.tgz. Extracting by manifest.
1220 silly tarball no local data for @isaacs/cliui@https://registry.npmjs.org/@isaacs/cliui/-/cliui-8.0.2.tgz. Extracting by manifest.
1221 silly tarball no local data for which@https://registry.npmjs.org/which/-/which-2.0.2.tgz. Extracting by manifest.
1222 silly tarball no local data for shebang-command@https://registry.npmjs.org/shebang-command/-/shebang-command-2.0.0.tgz. Extracting by manifest.
1223 silly tarball no local data for signal-exit@https://registry.npmjs.org/signal-exit/-/signal-exit-4.1.0.tgz. Extracting by manifest.
1224 silly tarball no local data for path-key@https://registry.npmjs.org/path-key/-/path-key-3.1.1.tgz. Extracting by manifest.
1225 silly tarball no local data for cross-spawn@https://registry.npmjs.org/cross-spawn/-/cross-spawn-7.0.6.tgz. Extracting by manifest.
1226 silly tarball no local data for path-scurry@https://registry.npmjs.org/path-scurry/-/path-scurry-1.11.1.tgz. Extracting by manifest.
1227 silly tarball no local data for package-json-from-dist@https://registry.npmjs.org/package-json-from-dist/-/package-json-from-dist-1.0.1.tgz. Extracting by manifest.
1228 silly tarball no local data for jackspeak@https://registry.npmjs.org/jackspeak/-/jackspeak-3.4.3.tgz. Extracting by manifest.
1229 silly tarball no local data for minimatch@https://registry.npmjs.org/minimatch/-/minimatch-9.0.9.tgz. Extracting by manifest.
1230 silly tarball no local data for minipass@https://registry.npmjs.org/minipass/-/minipass-7.1.3.tgz. Extracting by manifest.
1231 silly tarball no local data for glob@https://registry.npmjs.org/glob/-/glob-10.5.0.tgz. Extracting by manifest.
1232 silly tarball no local data for foreground-child@https://registry.npmjs.org/foreground-child/-/foreground-child-3.3.1.tgz. Extracting by manifest.
1233 silly tarball no local data for baseline-browser-mapping@https://registry.npmjs.org/baseline-browser-mapping/-/baseline-browser-mapping-2.11.11.tgz. Extracting by manifest.
1234 http cache mime-db@https://registry.npmjs.org/mime-db/-/mime-db-1.54.0.tgz 0ms (cache hit)
1235 silly tarball no local data for re2js@https://registry.npmjs.org/re2js/-/re2js-2.8.6.tgz. Extracting by manifest.
1236 silly tarball no local data for router@https://registry.npmjs.org/router/-/router-2.2.0.tgz. Extracting by manifest.
1237 silly tarball no local data for @next/env@https://registry.npmjs.org/@next/env/-/env-16.2.12.tgz. Extracting by manifest.
1238 silly tarball no local data for rimraf@https://registry.npmjs.org/rimraf/-/rimraf-5.0.10.tgz. Extracting by manifest.
1239 silly tarball no local data for @next/swc-win32-x64-msvc@https://registry.npmjs.org/@next/swc-win32-x64-msvc/-/swc-win32-x64-msvc-16.2.12.tgz. Extracting by manifest.
1240 http cache mime-types@https://registry.npmjs.org/mime-types/-/mime-types-3.0.2.tgz 0ms (cache hit)
1241 silly tarball no local data for @types/express-serve-static-core@https://registry.npmjs.org/@types/express-serve-static-core/-/express-serve-static-core-5.1.3.tgz. Extracting by manifest.
1242 silly tarball no local data for @types/express@https://registry.npmjs.org/@types/express/-/express-5.0.6.tgz. Extracting by manifest.
1243 silly tarball no local data for @firebase/util@https://registry.npmjs.org/@firebase/util/-/util-1.15.2.tgz. Extracting by manifest.
1244 silly tarball no local data for @firebase/storage-types@https://registry.npmjs.org/@firebase/storage-types/-/storage-types-0.8.4.tgz. Extracting by manifest.
1245 silly tarball no local data for @firebase/webchannel-wrapper@https://registry.npmjs.org/@firebase/webchannel-wrapper/-/webchannel-wrapper-1.0.6.tgz. Extracting by manifest.
1246 silly tarball no local data for @firebase/storage-compat@https://registry.npmjs.org/@firebase/storage-compat/-/storage-compat-0.4.4.tgz. Extracting by manifest.
1247 silly tarball no local data for @firebase/remote-config-types@https://registry.npmjs.org/@firebase/remote-config-types/-/remote-config-types-0.5.1.tgz. Extracting by manifest.
1248 silly tarball no local data for @firebase/remote-config-compat@https://registry.npmjs.org/@firebase/remote-config-compat/-/remote-config-compat-0.2.28.tgz. Extracting by manifest.
1249 silly tarball no local data for @firebase/remote-config@https://registry.npmjs.org/@firebase/remote-config/-/remote-config-0.9.1.tgz. Extracting by manifest.
1250 silly tarball no local data for @firebase/storage@https://registry.npmjs.org/@firebase/storage/-/storage-0.14.4.tgz. Extracting by manifest.
1251 silly tarball no local data for @firebase/performance-types@https://registry.npmjs.org/@firebase/performance-types/-/performance-types-0.2.4.tgz. Extracting by manifest.
1252 silly tarball no local data for @firebase/performance-compat@https://registry.npmjs.org/@firebase/performance-compat/-/performance-compat-0.2.26.tgz. Extracting by manifest.
1253 silly tarball no local data for @firebase/messaging-interop-types@https://registry.npmjs.org/@firebase/messaging-interop-types/-/messaging-interop-types-0.2.5.tgz. Extracting by manifest.
1254 silly tarball no local data for @firebase/performance@https://registry.npmjs.org/@firebase/performance/-/performance-0.7.13.tgz. Extracting by manifest.
1255 silly tarball no local data for @firebase/messaging@https://registry.npmjs.org/@firebase/messaging/-/messaging-0.13.1.tgz. Extracting by manifest.
1256 silly tarball no local data for @firebase/logger@https://registry.npmjs.org/@firebase/logger/-/logger-0.5.1.tgz. Extracting by manifest.
1257 silly tarball no local data for @firebase/installations-compat@https://registry.npmjs.org/@firebase/installations-compat/-/installations-compat-0.2.23.tgz. Extracting by manifest.
1258 silly tarball no local data for @firebase/messaging-compat@https://registry.npmjs.org/@firebase/messaging-compat/-/messaging-compat-0.2.28.tgz. Extracting by manifest.
1259 silly tarball no local data for @firebase/functions-compat@https://registry.npmjs.org/@firebase/functions-compat/-/functions-compat-0.4.6.tgz. Extracting by manifest.
1260 silly tarball no local data for @firebase/installations-types@https://registry.npmjs.org/@firebase/installations-types/-/installations-types-0.5.4.tgz. Extracting by manifest.
1261 silly tarball no local data for @firebase/installations@https://registry.npmjs.org/@firebase/installations/-/installations-0.6.23.tgz. Extracting by manifest.
1262 silly tarball no local data for @firebase/functions-types@https://registry.npmjs.org/@firebase/functions-types/-/functions-types-0.6.4.tgz. Extracting by manifest.
1263 silly tarball no local data for @firebase/functions@https://registry.npmjs.org/@firebase/functions/-/functions-0.13.6.tgz. Extracting by manifest.
1264 silly tarball no local data for @firebase/firestore@https://registry.npmjs.org/@firebase/firestore/-/firestore-4.17.0.tgz. Extracting by manifest.
1265 silly tarball no local data for @firebase/firestore-types@https://registry.npmjs.org/@firebase/firestore-types/-/firestore-types-3.0.4.tgz. Extracting by manifest.
1266 silly tarball no local data for @firebase/firestore-compat@https://registry.npmjs.org/@firebase/firestore-compat/-/firestore-compat-0.4.12.tgz. Extracting by manifest.
1267 silly tarball no local data for @firebase/database-types@https://registry.npmjs.org/@firebase/database-types/-/database-types-1.0.21.tgz. Extracting by manifest.
1268 silly tarball no local data for @firebase/database-compat@https://registry.npmjs.org/@firebase/database-compat/-/database-compat-2.1.5.tgz. Extracting by manifest.
1269 silly tarball no local data for @firebase/database@https://registry.npmjs.org/@firebase/database/-/database-1.1.4.tgz. Extracting by manifest.
1270 silly tarball no local data for @firebase/data-connect@https://registry.npmjs.org/@firebase/data-connect/-/data-connect-0.7.2.tgz. Extracting by manifest.
1271 silly tarball no local data for @firebase/auth-compat@https://registry.npmjs.org/@firebase/auth-compat/-/auth-compat-0.6.9.tgz. Extracting by manifest.
1272 silly tarball no local data for @firebase/component@https://registry.npmjs.org/@firebase/component/-/component-0.7.4.tgz. Extracting by manifest.
1273 silly tarball no local data for @firebase/app-types@https://registry.npmjs.org/@firebase/app-types/-/app-types-0.9.5.tgz. Extracting by manifest.
1274 silly tarball no local data for @firebase/auth-interop-types@https://registry.npmjs.org/@firebase/auth-interop-types/-/auth-interop-types-0.2.5.tgz. Extracting by manifest.
1275 silly tarball no local data for @firebase/auth-types@https://registry.npmjs.org/@firebase/auth-types/-/auth-types-0.13.1.tgz. Extracting by manifest.
1276 silly tarball no local data for @firebase/auth@https://registry.npmjs.org/@firebase/auth/-/auth-1.13.4.tgz. Extracting by manifest.
1277 silly tarball no local data for @firebase/app-compat@https://registry.npmjs.org/@firebase/app-compat/-/app-compat-0.5.16.tgz. Extracting by manifest.
1278 silly tarball no local data for @firebase/app-check-types@https://registry.npmjs.org/@firebase/app-check-types/-/app-check-types-0.5.4.tgz. Extracting by manifest.
1279 silly tarball no local data for @firebase/app-check-interop-types@https://registry.npmjs.org/@firebase/app-check-interop-types/-/app-check-interop-types-0.3.4.tgz. Extracting by manifest.
1280 silly tarball no local data for @firebase/app-check@https://registry.npmjs.org/@firebase/app-check/-/app-check-0.13.0.tgz. Extracting by manifest.
1281 silly tarball no local data for serve-static@https://registry.npmjs.org/serve-static/-/serve-static-2.2.1.tgz. Extracting by manifest.
1282 silly tarball no local data for @firebase/app@https://registry.npmjs.org/@firebase/app/-/app-0.16.0.tgz. Extracting by manifest.
1283 silly tarball no local data for @firebase/analytics-types@https://registry.npmjs.org/@firebase/analytics-types/-/analytics-types-0.8.4.tgz. Extracting by manifest.
1284 silly tarball no local data for @firebase/analytics-compat@https://registry.npmjs.org/@firebase/analytics-compat/-/analytics-compat-0.2.29.tgz. Extracting by manifest.
1285 silly tarball no local data for type-is@https://registry.npmjs.org/type-is/-/type-is-2.1.0.tgz. Extracting by manifest.
1286 silly tarball no local data for @firebase/analytics@https://registry.npmjs.org/@firebase/analytics/-/analytics-0.10.23.tgz. Extracting by manifest.
1287 silly tarball no local data for @firebase/ai@https://registry.npmjs.org/@firebase/ai/-/ai-2.14.0.tgz. Extracting by manifest.
1288 silly tarball no local data for send@https://registry.npmjs.org/send/-/send-1.2.1.tgz. Extracting by manifest.
1289 silly tarball no local data for next@https://registry.npmjs.org/next/-/next-16.2.12.tgz. Extracting by manifest.
1290 silly tarball no local data for raw-body@https://registry.npmjs.org/raw-body/-/raw-body-3.0.2.tgz. Extracting by manifest.
1291 silly tarball no local data for range-parser@https://registry.npmjs.org/range-parser/-/range-parser-1.3.0.tgz. Extracting by manifest.
1292 silly tarball no local data for path-to-regexp@https://registry.npmjs.org/path-to-regexp/-/path-to-regexp-8.4.2.tgz. Extracting by manifest.
1293 silly tarball no local data for @firebase/app-check-compat@https://registry.npmjs.org/@firebase/app-check-compat/-/app-check-compat-0.4.6.tgz. Extracting by manifest.
1294 silly tarball no local data for media-typer@https://registry.npmjs.org/media-typer/-/media-typer-1.1.1.tgz. Extracting by manifest.
1295 silly tarball no local data for negotiator@https://registry.npmjs.org/negotiator/-/negotiator-1.0.0.tgz. Extracting by manifest.
1296 silly tarball no local data for iconv-lite@https://registry.npmjs.org/iconv-lite/-/iconv-lite-0.7.3.tgz. Extracting by manifest.
1297 silly tarball no local data for merge-descriptors@https://registry.npmjs.org/merge-descriptors/-/merge-descriptors-2.0.0.tgz. Extracting by manifest.
1298 silly tarball no local data for fresh@https://registry.npmjs.org/fresh/-/fresh-2.0.0.tgz. Extracting by manifest.
1299 silly tarball no local data for firebase-functions@https://registry.npmjs.org/firebase-functions/-/firebase-functions-7.3.2.tgz. Extracting by manifest.
1300 silly tarball no local data for firebase@https://registry.npmjs.org/firebase/-/firebase-12.17.0.tgz. Extracting by manifest.
1301 silly tarball no local data for finalhandler@https://registry.npmjs.org/finalhandler/-/finalhandler-2.1.1.tgz. Extracting by manifest.
1302 silly tarball no local data for express@https://registry.npmjs.org/express/-/express-5.2.1.tgz. Extracting by manifest.
1303 silly tarball no local data for content-disposition@https://registry.npmjs.org/content-disposition/-/content-disposition-1.1.0.tgz. Extracting by manifest.
1304 silly tarball no local data for accepts@https://registry.npmjs.org/accepts/-/accepts-2.0.0.tgz. Extracting by manifest.
1305 silly tarball no local data for gtoken@https://registry.npmjs.org/gtoken/-/gtoken-8.0.0.tgz. Extracting by manifest.
1306 silly tarball no local data for cookie-signature@https://registry.npmjs.org/cookie-signature/-/cookie-signature-1.2.2.tgz. Extracting by manifest.
1307 silly tarball no local data for body-parser@https://registry.npmjs.org/body-parser/-/body-parser-2.3.0.tgz. Extracting by manifest.
1308 silly tarball no local data for http-proxy-agent@https://registry.npmjs.org/http-proxy-agent/-/http-proxy-agent-7.0.2.tgz. Extracting by manifest.
1309 silly tarball no local data for lru-memoizer@https://registry.npmjs.org/lru-memoizer/-/lru-memoizer-3.0.0.tgz. Extracting by manifest.
1310 silly tarball no local data for jose@https://registry.npmjs.org/jose/-/jose-6.2.7.tgz. Extracting by manifest.
1311 silly tarball no local data for lru-cache@https://registry.npmjs.org/lru-cache/-/lru-cache-11.5.2.tgz. Extracting by manifest.
1312 silly tarball no local data for proto3-json-serializer@https://registry.npmjs.org/proto3-json-serializer/-/proto3-json-serializer-3.0.4.tgz. Extracting by manifest.
1313 silly tarball no local data for teeny-request@https://registry.npmjs.org/teeny-request/-/teeny-request-10.1.4.tgz. Extracting by manifest.
1314 silly tarball no local data for retry-request@https://registry.npmjs.org/retry-request/-/retry-request-8.0.4.tgz. Extracting by manifest.
1315 silly tarball no local data for google-auth-library@https://registry.npmjs.org/google-auth-library/-/google-auth-library-10.5.0.tgz. Extracting by manifest.
1316 silly tarball no local data for google-gax@https://registry.npmjs.org/google-gax/-/google-gax-5.0.8.tgz. Extracting by manifest.
1317 silly tarball no local data for ansi-regex@https://registry.npmjs.org/ansi-regex/-/ansi-regex-6.2.2.tgz. Extracting by manifest.
1318 silly tarball no local data for @google-cloud/firestore@https://registry.npmjs.org/@google-cloud/firestore/-/firestore-8.7.0.tgz. Extracting by manifest.
1319 silly tarball no local data for jwks-rsa@https://registry.npmjs.org/jwks-rsa/-/jwks-rsa-4.1.0.tgz. Extracting by manifest.
1320 silly tarball no local data for firebase-admin@https://registry.npmjs.org/firebase-admin/-/firebase-admin-14.2.0.tgz. Extracting by manifest.
1321 silly tarball no local data for ansi-styles@https://registry.npmjs.org/ansi-styles/-/ansi-styles-6.2.3.tgz. Extracting by manifest.
1322 silly tarball no local data for wrap-ansi@https://registry.npmjs.org/wrap-ansi/-/wrap-ansi-8.1.0.tgz. Extracting by manifest.
1323 silly tarball no local data for strip-ansi@https://registry.npmjs.org/strip-ansi/-/strip-ansi-7.2.0.tgz. Extracting by manifest.
1324 silly tarball no local data for string-width@https://registry.npmjs.org/string-width/-/string-width-5.1.2.tgz. Extracting by manifest.
1325 silly tarball no local data for emoji-regex@https://registry.npmjs.org/emoji-regex/-/emoji-regex-9.2.2.tgz. Extracting by manifest.
1326 silly tarball no local data for lru-cache@https://registry.npmjs.org/lru-cache/-/lru-cache-10.4.3.tgz. Extracting by manifest.
1327 silly tarball no local data for mime-db@https://registry.npmjs.org/mime-db/-/mime-db-1.54.0.tgz. Extracting by manifest.
1328 silly tarball no local data for mime-types@https://registry.npmjs.org/mime-types/-/mime-types-3.0.2.tgz. Extracting by manifest.
1329 silly tarball no local data for mime-types@https://registry.npmjs.org/mime-types/-/mime-types-3.0.2.tgz. Extracting by manifest.
1330 silly tarball no local data for mime-db@https://registry.npmjs.org/mime-db/-/mime-db-1.54.0.tgz. Extracting by manifest.
1331 silly tarball no local data for mime-db@https://registry.npmjs.org/mime-db/-/mime-db-1.54.0.tgz. Extracting by manifest.
1332 silly tarball no local data for mime-types@https://registry.npmjs.org/mime-types/-/mime-types-3.0.2.tgz. Extracting by manifest.
1333 silly tarball no local data for content-type@https://registry.npmjs.org/content-type/-/content-type-2.0.0.tgz. Extracting by manifest.
1334 silly tarball no local data for content-type@https://registry.npmjs.org/content-type/-/content-type-2.0.0.tgz. Extracting by manifest.
1335 silly tarball no local data for mime-db@https://registry.npmjs.org/mime-db/-/mime-db-1.54.0.tgz. Extracting by manifest.
1336 silly tarball no local data for mime-types@https://registry.npmjs.org/mime-types/-/mime-types-3.0.2.tgz. Extracting by manifest.
1337 http fetch GET 200 https://registry.npmjs.org/shebang-regex/-/shebang-regex-3.0.0.tgz 194ms (cache miss)
1338 http fetch GET 200 https://registry.npmjs.org/eastasianwidth/-/eastasianwidth-0.2.0.tgz 196ms (cache miss)
1339 http fetch GET 200 https://registry.npmjs.org/isexe/-/isexe-2.0.0.tgz 197ms (cache miss)
1340 http fetch GET 200 https://registry.npmjs.org/is-promise/-/is-promise-4.0.0.tgz 198ms (cache miss)
1341 http fetch GET 200 https://registry.npmjs.org/@types/serve-static/-/serve-static-2.2.0.tgz 217ms (cache miss)
1342 http fetch POST 200 https://registry.npmjs.org/-/npm/v1/security/advisories/bulk 262ms
1343 silly audit report {
1343 silly audit report   esbuild: [
1343 silly audit report     {
1343 silly audit report       id: 1102341,
1343 silly audit report       url: 'https://github.com/advisories/GHSA-67mh-4wv8-2f99',
1343 silly audit report       title: 'esbuild enables any website to send any requests to the development server and read the response',
1343 silly audit report       severity: 'moderate',
1343 silly audit report       vulnerable_versions: '<=0.24.2',
1343 silly audit report       cwe: [Array],
1343 silly audit report       cvss: [Object]
1343 silly audit report     }
1343 silly audit report   ],
1343 silly audit report   postcss: [
1343 silly audit report     {
1343 silly audit report       id: 1117015,
1343 silly audit report       url: 'https://github.com/advisories/GHSA-qx2v-qp2m-jg93',
1343 silly audit report       title: 'PostCSS has XSS via Unescaped </style> in its CSS Stringify Output',
1343 silly audit report       severity: 'moderate',
1343 silly audit report       vulnerable_versions: '<8.5.10',
1343 silly audit report       cwe: [Array],
1343 silly audit report       cvss: [Object]
1343 silly audit report     },
1343 silly audit report     {
1343 silly audit report       id: 1124252,
1343 silly audit report       url: 'https://github.com/advisories/GHSA-6g55-p6wh-862q',
1343 silly audit report       title: 'PostCSS: Arbitrary file read and information disclosure via attacker-controlled sourceMappingURL in CSS comments',
1343 silly audit report       severity: 'high',
1343 silly audit report       vulnerable_versions: '<=8.5.11',
1343 silly audit report       cwe: [Array],
1343 silly audit report       cvss: [Object]
1343 silly audit report     },
1343 silly audit report     {
1343 silly audit report       id: 1124288,
1343 silly audit report       url: 'https://github.com/advisories/GHSA-r28c-9q8g-f849',
1343 silly audit report       title: 'PostCSS: Path Traversal in Previous Source Map Auto-Loading (sourceMappingURL) leads to Arbitrary .map File Disclosure',
1343 silly audit report       severity: 'high',
1343 silly audit report       vulnerable_versions: '<=8.5.17',
1343 silly audit report       cwe: [Array],
1343 silly audit report       cvss: [Object]
1343 silly audit report     }
1343 silly audit report   ],
1343 silly audit report   sharp: [
1343 silly audit report     {
1343 silly audit report       id: 1124066,
1343 silly audit report       url: 'https://github.com/advisories/GHSA-f88m-g3jw-g9cj',
1343 silly audit report       title: 'sharp inherited vulnerabilities in libvips: CVE-2026-33327, CVE-2026-33328, CVE-2026-35590, CVE-2026-35591',
1343 silly audit report       severity: 'high',
1343 silly audit report       vulnerable_versions: '<0.35.0',
1343 silly audit report       cwe: [Array],
1343 silly audit report       cvss: [Object]
1343 silly audit report     }
1343 silly audit report   ],
1343 silly audit report   uuid: [
1343 silly audit report     {
1343 silly audit report       id: 1119441,
1343 silly audit report       url: 'https://github.com/advisories/GHSA-w5hq-g745-h8pq',
1343 silly audit report       title: 'uuid: Missing buffer bounds check in v3/v5/v6 when buf is provided',
1343 silly audit report       severity: 'moderate',
1343 silly audit report       vulnerable_versions: '<11.1.1',
1343 silly audit report       cwe: [Array],
1343 silly audit report       cvss: [Object]
1343 silly audit report     }
1343 silly audit report   ],
1343 silly audit report   vite: [
1343 silly audit report     {
1343 silly audit report       id: 1120784,
1343 silly audit report       url: 'https://github.com/advisories/GHSA-v6wh-96g9-6wx3',
1343 silly audit report       title: 'launch-editor: NTLMv2 hash disclosure via UNC path handling on Windows',
1343 silly audit report       severity: 'moderate',
1343 silly audit report       vulnerable_versions: '<=6.4.2',
1343 silly audit report       cwe: [Array],
1343 silly audit report       cvss: [Object]
1343 silly audit report     },
1343 silly audit report     {
1343 silly audit report       id: 1116229,
1343 silly audit report       url: 'https://github.com/advisories/GHSA-4w7w-66w2-5vf9',
1343 silly audit report       title: 'Vite Vulnerable to Path Traversal in Optimized Deps `.map` Handling',
1343 silly audit report       severity: 'moderate',
1343 silly audit report       vulnerable_versions: '<=6.4.1',
1343 silly audit report       cwe: [Array],
1343 silly audit report       cvss: [Object]
1343 silly audit report     },
1343 silly audit report     {
1343 silly audit report       id: 1123525,
1343 silly audit report       url: 'https://github.com/advisories/GHSA-fx2h-pf6j-xcff',
1343 silly audit report       title: 'vite: `server.fs.deny` bypass on Windows alternate paths',
1343 silly audit report       severity: 'high',
1343 silly audit report       vulnerable_versions: '<=6.4.2',
1343 silly audit report       cwe: [Array],
1343 silly audit report       cvss: [Object]
1343 silly audit report     }
1343 silly audit report   ],
1343 silly audit report   vitest: [
1343 silly audit report     {
1343 silly audit report       id: 1120126,
1343 silly audit report       url: 'https://github.com/advisories/GHSA-5xrq-8626-4rwp',
1343 silly audit report       title: 'When Vitest UI server is listening, arbitrary file can be read and executed',
1343 silly audit report       severity: 'critical',
1343 silly audit report       vulnerable_versions: '<3.2.6',
1343 silly audit report       cwe: [Array],
1343 silly audit report       cvss: [Object]
1343 silly audit report     }
1343 silly audit report   ]
1343 silly audit report }
1344 silly packumentCache corgi:https://registry.npmjs.org/esbuild cache-miss
1345 silly packumentCache corgi:https://registry.npmjs.org/postcss cache-miss
1346 silly packumentCache corgi:https://registry.npmjs.org/sharp cache-miss
1347 silly packumentCache corgi:https://registry.npmjs.org/uuid cache-miss
1348 silly packumentCache corgi:https://registry.npmjs.org/vite cache-miss
1349 silly packumentCache corgi:https://registry.npmjs.org/vitest cache-miss
1350 http fetch GET 200 https://registry.npmjs.org/balanced-match/-/balanced-match-1.0.2.tgz 225ms (cache miss)
1351 http fetch GET 200 https://registry.npmjs.org/shebang-command/-/shebang-command-2.0.0.tgz 224ms (cache miss)
1352 http fetch GET 200 https://registry.npmjs.org/path-key/-/path-key-3.1.1.tgz 225ms (cache miss)
1353 http fetch GET 200 https://registry.npmjs.org/brace-expansion/-/brace-expansion-2.1.4.tgz 230ms (cache miss)
1354 http fetch GET 200 https://registry.npmjs.org/@types/express/-/express-5.0.6.tgz 227ms (cache miss)
1355 http fetch GET 200 https://registry.npmjs.org/which/-/which-2.0.2.tgz 238ms (cache miss)
1356 http cache https://registry.npmjs.org/postcss 30ms (cache hit)
1357 silly packumentCache corgi:https://registry.npmjs.org/postcss set size:354683 disposed:false
1358 http cache https://registry.npmjs.org/uuid 34ms (cache hit)
1359 silly packumentCache corgi:https://registry.npmjs.org/uuid set size:82973 disposed:false
1360 http cache https://registry.npmjs.org/sharp 36ms (cache hit)
1361 silly packumentCache corgi:https://registry.npmjs.org/sharp set size:291503 disposed:false
1362 http cache https://registry.npmjs.org/esbuild 39ms (cache hit)
1363 silly packumentCache corgi:https://registry.npmjs.org/esbuild set size:887361 disposed:false
1364 http cache https://registry.npmjs.org/vitest 44ms (cache hit)
1365 silly packumentCache corgi:https://registry.npmjs.org/vitest set size:1264033 disposed:false
1366 http cache https://registry.npmjs.org/vite 53ms (cache hit)
1367 silly packumentCache corgi:https://registry.npmjs.org/vite set size:2291880 disposed:false
1368 http fetch GET 200 https://registry.npmjs.org/router/-/router-2.2.0.tgz 286ms (cache miss)
1369 http fetch GET 200 https://registry.npmjs.org/@isaacs/cliui/-/cliui-8.0.2.tgz 299ms (cache miss)
1370 silly packumentCache corgi:https://registry.npmjs.org/next cache-miss
1371 http fetch GET 200 https://registry.npmjs.org/baseline-browser-mapping/-/baseline-browser-mapping-2.11.11.tgz 308ms (cache miss)
1372 http fetch GET 200 https://registry.npmjs.org/cross-spawn/-/cross-spawn-7.0.6.tgz 318ms (cache miss)
1373 http cache https://registry.npmjs.org/next 60ms (cache hit)
1374 silly packumentCache corgi:https://registry.npmjs.org/next set size:25415748 disposed:false
1375 http fetch GET 200 https://registry.npmjs.org/package-json-from-dist/-/package-json-from-dist-1.0.1.tgz 623ms (cache miss)
1376 silly packumentCache corgi:https://registry.npmjs.org/gaxios cache-miss
1377 silly packumentCache corgi:https://registry.npmjs.org/google-gax cache-miss
1378 silly packumentCache corgi:https://registry.npmjs.org/teeny-request cache-miss
1379 http fetch GET 200 https://registry.npmjs.org/@types/express-serve-static-core/-/express-serve-static-core-5.1.3.tgz 675ms (cache miss)
1380 http fetch GET 200 https://registry.npmjs.org/@firebase/performance-compat/-/performance-compat-0.2.26.tgz 673ms (cache miss)
1381 http fetch GET 200 https://registry.npmjs.org/@next/env/-/env-16.2.12.tgz 680ms (cache miss)
1382 http fetch GET 200 https://registry.npmjs.org/@firebase/messaging-interop-types/-/messaging-interop-types-0.2.5.tgz 684ms (cache miss)
1383 http fetch GET 200 https://registry.npmjs.org/@firebase/logger/-/logger-0.5.1.tgz 683ms (cache miss)
1384 http fetch GET 200 https://registry.npmjs.org/@firebase/storage-types/-/storage-types-0.8.4.tgz 691ms (cache miss)
1385 http fetch GET 200 https://registry.npmjs.org/@firebase/remote-config-types/-/remote-config-types-0.5.1.tgz 689ms (cache miss)
1386 http cache https://registry.npmjs.org/gaxios 35ms (cache hit)
1387 silly packumentCache corgi:https://registry.npmjs.org/gaxios set size:202687 disposed:false
1388 http cache https://registry.npmjs.org/google-gax 38ms (cache hit)
1389 silly packumentCache corgi:https://registry.npmjs.org/google-gax set size:1002412 disposed:false
1390 http cache https://registry.npmjs.org/teeny-request 44ms (cache hit)
1391 silly packumentCache corgi:https://registry.npmjs.org/teeny-request set size:101034 disposed:false
1392 silly packumentCache corgi:https://registry.npmjs.org/@vitest%2fmocker cache-miss
1393 silly packumentCache corgi:https://registry.npmjs.org/vite-node cache-miss
1394 http fetch GET 200 https://registry.npmjs.org/re2js/-/re2js-2.8.6.tgz 706ms (cache miss)
1395 http fetch GET 200 https://registry.npmjs.org/minipass/-/minipass-7.1.3.tgz 709ms (cache miss)
1396 http fetch GET 200 https://registry.npmjs.org/@firebase/performance-types/-/performance-types-0.2.4.tgz 718ms (cache miss)
1397 http cache https://registry.npmjs.org/@vitest%2fmocker 23ms (cache hit)
1398 silly packumentCache corgi:https://registry.npmjs.org/@vitest%2fmocker set size:123096 disposed:false
1399 http cache https://registry.npmjs.org/vite-node 25ms (cache hit)
1400 silly packumentCache corgi:https://registry.npmjs.org/vite-node set size:453359 disposed:false
1401 silly packumentCache corgi:https://registry.npmjs.org/@google-cloud%2fstorage cache-miss
1402 silly packumentCache corgi:https://registry.npmjs.org/gcp-metadata cache-miss
1403 silly packumentCache corgi:https://registry.npmjs.org/google-auth-library cache-miss
1404 silly packumentCache corgi:https://registry.npmjs.org/gtoken cache-miss
1405 http fetch GET 200 https://registry.npmjs.org/path-scurry/-/path-scurry-1.11.1.tgz 819ms (cache miss)
1406 http cache https://registry.npmjs.org/gtoken 26ms (cache hit)
1407 silly packumentCache corgi:https://registry.npmjs.org/gtoken set size:74319 disposed:false
1408 http cache https://registry.npmjs.org/@google-cloud%2fstorage 29ms (cache hit)
1409 silly packumentCache corgi:https://registry.npmjs.org/@google-cloud%2fstorage set size:479910 disposed:false
1410 http cache https://registry.npmjs.org/gcp-metadata 34ms (cache hit)
1411 silly packumentCache corgi:https://registry.npmjs.org/gcp-metadata set size:90637 disposed:false
1412 http cache https://registry.npmjs.org/google-auth-library 36ms (cache hit)
1413 silly packumentCache corgi:https://registry.npmjs.org/google-auth-library set size:373596 disposed:false
1414 silly packumentCache corgi:https://registry.npmjs.org/@google-cloud%2ffirestore cache-miss
1415 http cache https://registry.npmjs.org/@google-cloud%2ffirestore 22ms (cache hit)
1416 silly packumentCache corgi:https://registry.npmjs.org/@google-cloud%2ffirestore set size:332066 disposed:false
1417 silly packumentCache corgi:https://registry.npmjs.org/retry-request cache-miss
1418 http fetch GET 200 https://registry.npmjs.org/jackspeak/-/jackspeak-3.4.3.tgz 864ms (cache miss)
1419 http cache https://registry.npmjs.org/retry-request 19ms (cache hit)
1420 silly packumentCache corgi:https://registry.npmjs.org/retry-request set size:43443 disposed:false
1421 http fetch GET 200 https://registry.npmjs.org/@pkgjs/parseargs/-/parseargs-0.11.0.tgz 888ms (cache miss)
1422 silly packumentCache corgi:https://registry.npmjs.org/firebase-admin cache-miss
1423 http fetch GET 200 https://registry.npmjs.org/@firebase/remote-config-compat/-/remote-config-compat-0.2.28.tgz 897ms (cache miss)
1424 http fetch GET 200 https://registry.npmjs.org/signal-exit/-/signal-exit-4.1.0.tgz 913ms (cache miss)
1425 http cache https://registry.npmjs.org/firebase-admin 12ms (cache hit)
1426 silly packumentCache corgi:https://registry.npmjs.org/firebase-admin set size:349635 disposed:false
1427 silly packumentCache corgi:https://registry.npmjs.org/firebase-functions cache-miss
1428 http cache https://registry.npmjs.org/firebase-functions 13ms (cache hit)
1429 silly packumentCache corgi:https://registry.npmjs.org/firebase-functions set size:318319 disposed:false
1430 http fetch GET 200 https://registry.npmjs.org/@firebase/webchannel-wrapper/-/webchannel-wrapper-1.0.6.tgz 949ms (cache miss)
1431 http fetch GET 200 https://registry.npmjs.org/foreground-child/-/foreground-child-3.3.1.tgz 964ms (cache miss)
1432 http fetch GET 200 https://registry.npmjs.org/@firebase/storage-compat/-/storage-compat-0.4.4.tgz 1029ms (cache miss)
1433 http fetch GET 200 https://registry.npmjs.org/minimatch/-/minimatch-9.0.9.tgz 1049ms (cache miss)
1434 http fetch GET 200 https://registry.npmjs.org/@firebase/database-types/-/database-types-1.0.21.tgz 1071ms (cache miss)
1435 http fetch GET 200 https://registry.npmjs.org/glob/-/glob-10.5.0.tgz 1148ms (cache miss)
1436 http fetch GET 200 https://registry.npmjs.org/@firebase/firestore-types/-/firestore-types-3.0.4.tgz 1139ms (cache miss)
1437 warn deprecated glob@10.5.0: Old versions of glob are not supported, and contain widely publicized security vulnerabilities, which have been fixed in the current version. Please update. Support for old versions may be purchased (at exorbitant rates) by contacting i@izs.me
1438 http fetch GET 200 https://registry.npmjs.org/@firebase/installations-compat/-/installations-compat-0.2.23.tgz 1160ms (cache miss)
1439 http fetch GET 200 https://registry.npmjs.org/@firebase/installations-types/-/installations-types-0.5.4.tgz 1162ms (cache miss)
1440 http fetch GET 200 https://registry.npmjs.org/@firebase/functions-compat/-/functions-compat-0.4.6.tgz 1166ms (cache miss)
1441 http fetch GET 200 https://registry.npmjs.org/@firebase/messaging-compat/-/messaging-compat-0.2.28.tgz 1181ms (cache miss)
1442 http fetch GET 200 https://registry.npmjs.org/@firebase/remote-config/-/remote-config-0.9.1.tgz 1194ms (cache miss)
1443 http fetch GET 200 https://registry.npmjs.org/@firebase/functions/-/functions-0.13.6.tgz 1268ms (cache miss)
1444 http fetch GET 200 https://registry.npmjs.org/@firebase/performance/-/performance-0.7.13.tgz 1381ms (cache miss)
1445 http fetch GET 200 https://registry.npmjs.org/rimraf/-/rimraf-5.0.10.tgz 1392ms (cache miss)
1446 http fetch GET 200 https://registry.npmjs.org/@firebase/util/-/util-1.15.2.tgz 1419ms (cache miss)
1447 http fetch GET 200 https://registry.npmjs.org/@firebase/installations/-/installations-0.6.23.tgz 1421ms (cache miss)
1448 http fetch GET 200 https://registry.npmjs.org/@firebase/functions-types/-/functions-types-0.6.4.tgz 1433ms (cache miss)
1449 http fetch GET 200 https://registry.npmjs.org/@firebase/storage/-/storage-0.14.4.tgz 1450ms (cache miss)
1450 http fetch GET 200 https://registry.npmjs.org/@firebase/app-types/-/app-types-0.9.5.tgz 1508ms (cache miss)
1451 http fetch GET 200 https://registry.npmjs.org/@firebase/auth-interop-types/-/auth-interop-types-0.2.5.tgz 1539ms (cache miss)
1452 http fetch GET 200 https://registry.npmjs.org/serve-static/-/serve-static-2.2.1.tgz 1540ms (cache miss)
1453 http fetch GET 200 https://registry.npmjs.org/@firebase/app-compat/-/app-compat-0.5.16.tgz 1544ms (cache miss)
1454 http fetch GET 200 https://registry.npmjs.org/@firebase/component/-/component-0.7.4.tgz 1576ms (cache miss)
1455 http fetch GET 200 https://registry.npmjs.org/@firebase/messaging/-/messaging-0.13.1.tgz 1658ms (cache miss)
1456 http fetch GET 200 https://registry.npmjs.org/type-is/-/type-is-2.1.0.tgz 1664ms (cache miss)
1457 http fetch GET 200 https://registry.npmjs.org/@firebase/firestore-compat/-/firestore-compat-0.4.12.tgz 1798ms (cache miss)
1458 http fetch GET 200 https://registry.npmjs.org/@firebase/auth-types/-/auth-types-0.13.1.tgz 1799ms (cache miss)
1459 http fetch GET 200 https://registry.npmjs.org/send/-/send-1.2.1.tgz 1828ms (cache miss)
1460 http fetch GET 200 https://registry.npmjs.org/raw-body/-/raw-body-3.0.2.tgz 1874ms (cache miss)
1461 http fetch GET 200 https://registry.npmjs.org/@firebase/app-check-interop-types/-/app-check-interop-types-0.3.4.tgz 1882ms (cache miss)
1462 http fetch GET 200 https://registry.npmjs.org/range-parser/-/range-parser-1.3.0.tgz 1879ms (cache miss)
1463 http fetch GET 200 https://registry.npmjs.org/@firebase/data-connect/-/data-connect-0.7.2.tgz 1918ms (cache miss)
1464 http fetch GET 200 https://registry.npmjs.org/media-typer/-/media-typer-1.1.1.tgz 1914ms (cache miss)
1465 http fetch GET 200 https://registry.npmjs.org/negotiator/-/negotiator-1.0.0.tgz 1915ms (cache miss)
1466 http fetch GET 200 https://registry.npmjs.org/path-to-regexp/-/path-to-regexp-8.4.2.tgz 1918ms (cache miss)
1467 http fetch GET 200 https://registry.npmjs.org/merge-descriptors/-/merge-descriptors-2.0.0.tgz 1948ms (cache miss)
1468 http fetch GET 200 https://registry.npmjs.org/fresh/-/fresh-2.0.0.tgz 1952ms (cache miss)
1469 http fetch GET 200 https://registry.npmjs.org/@firebase/auth-compat/-/auth-compat-0.6.9.tgz 2009ms (cache miss)
1470 http fetch GET 200 https://registry.npmjs.org/@firebase/database-compat/-/database-compat-2.1.5.tgz 2016ms (cache miss)
1471 http fetch GET 200 https://registry.npmjs.org/@firebase/app-check-types/-/app-check-types-0.5.4.tgz 2034ms (cache miss)
1472 http fetch GET 200 https://registry.npmjs.org/iconv-lite/-/iconv-lite-0.7.3.tgz 2036ms (cache miss)
1473 http fetch GET 200 https://registry.npmjs.org/@firebase/app-check/-/app-check-0.13.0.tgz 2054ms (cache miss)
1474 http fetch GET 200 https://registry.npmjs.org/finalhandler/-/finalhandler-2.1.1.tgz 2059ms (cache miss)
1475 http fetch GET 200 https://registry.npmjs.org/content-disposition/-/content-disposition-1.1.0.tgz 2089ms (cache miss)
1476 http fetch GET 200 https://registry.npmjs.org/accepts/-/accepts-2.0.0.tgz 2117ms (cache miss)
1477 http fetch GET 200 https://registry.npmjs.org/gtoken/-/gtoken-8.0.0.tgz 2120ms (cache miss)
1478 http fetch GET 200 https://registry.npmjs.org/cookie-signature/-/cookie-signature-1.2.2.tgz 2143ms (cache miss)
1479 http fetch GET 200 https://registry.npmjs.org/http-proxy-agent/-/http-proxy-agent-7.0.2.tgz 2203ms (cache miss)
1480 http fetch GET 200 https://registry.npmjs.org/body-parser/-/body-parser-2.3.0.tgz 2216ms (cache miss)
1481 http fetch GET 200 https://registry.npmjs.org/express/-/express-5.2.1.tgz 2245ms (cache miss)
1482 http fetch GET 200 https://registry.npmjs.org/retry-request/-/retry-request-8.0.4.tgz 2270ms (cache miss)
1483 http fetch GET 200 https://registry.npmjs.org/ansi-regex/-/ansi-regex-6.2.2.tgz 2304ms (cache miss)
1484 http fetch GET 200 https://registry.npmjs.org/@firebase/analytics-types/-/analytics-types-0.8.4.tgz 2317ms (cache miss)
1485 http fetch GET 200 https://registry.npmjs.org/@firebase/app/-/app-0.16.0.tgz 2330ms (cache miss)
1486 http fetch GET 200 https://registry.npmjs.org/teeny-request/-/teeny-request-10.1.4.tgz 2326ms (cache miss)
1487 http fetch GET 200 https://registry.npmjs.org/@firebase/analytics-compat/-/analytics-compat-0.2.29.tgz 2337ms (cache miss)
1488 http fetch GET 200 https://registry.npmjs.org/lru-memoizer/-/lru-memoizer-3.0.0.tgz 2371ms (cache miss)
1489 http fetch GET 200 https://registry.npmjs.org/ansi-styles/-/ansi-styles-6.2.3.tgz 2386ms (cache miss)
1490 http fetch GET 200 https://registry.npmjs.org/wrap-ansi/-/wrap-ansi-8.1.0.tgz 2434ms (cache miss)
1491 http fetch GET 200 https://registry.npmjs.org/jwks-rsa/-/jwks-rsa-4.1.0.tgz 2459ms (cache miss)
1492 http fetch GET 200 https://registry.npmjs.org/strip-ansi/-/strip-ansi-7.2.0.tgz 2472ms (cache miss)
1493 http fetch GET 200 https://registry.npmjs.org/string-width/-/string-width-5.1.2.tgz 2486ms (cache miss)
1494 http fetch GET 200 https://registry.npmjs.org/proto3-json-serializer/-/proto3-json-serializer-3.0.4.tgz 2524ms (cache miss)
1495 http fetch GET 200 https://registry.npmjs.org/mime-db/-/mime-db-1.54.0.tgz 2542ms (cache miss)
1496 http fetch GET 200 https://registry.npmjs.org/mime-types/-/mime-types-3.0.2.tgz 2545ms (cache miss)
1497 http fetch GET 200 https://registry.npmjs.org/mime-types/-/mime-types-3.0.2.tgz 2565ms (cache miss)
1498 http fetch GET 200 https://registry.npmjs.org/emoji-regex/-/emoji-regex-9.2.2.tgz 2583ms (cache miss)
1499 http fetch GET 200 https://registry.npmjs.org/@firebase/app-check-compat/-/app-check-compat-0.4.6.tgz 2595ms (cache miss)
1500 http fetch GET 200 https://registry.npmjs.org/mime-types/-/mime-types-3.0.2.tgz 2591ms (cache miss)
1501 http fetch GET 200 https://registry.npmjs.org/mime-db/-/mime-db-1.54.0.tgz 2593ms (cache miss)
1502 http fetch GET 200 https://registry.npmjs.org/content-type/-/content-type-2.0.0.tgz 2612ms (cache miss)
1503 http fetch GET 200 https://registry.npmjs.org/content-type/-/content-type-2.0.0.tgz 2613ms (cache miss)
1504 http fetch GET 200 https://registry.npmjs.org/mime-types/-/mime-types-3.0.2.tgz 2620ms (cache miss)
1505 http fetch GET 200 https://registry.npmjs.org/mime-db/-/mime-db-1.54.0.tgz 2631ms (cache miss)
1506 http fetch GET 200 https://registry.npmjs.org/lru-cache/-/lru-cache-10.4.3.tgz 2694ms (cache miss)
1507 http fetch GET 200 https://registry.npmjs.org/mime-db/-/mime-db-1.54.0.tgz 2754ms (cache miss)
1508 http fetch GET 200 https://registry.npmjs.org/@firebase/analytics/-/analytics-0.10.23.tgz 2889ms (cache miss)
1509 http fetch GET 200 https://registry.npmjs.org/google-auth-library/-/google-auth-library-10.5.0.tgz 2909ms (cache miss)
1510 http fetch GET 200 https://registry.npmjs.org/jose/-/jose-6.2.7.tgz 2920ms (cache miss)
1511 http fetch GET 200 https://registry.npmjs.org/lru-cache/-/lru-cache-11.5.2.tgz 3094ms (cache miss)
1512 http fetch GET 200 https://registry.npmjs.org/@firebase/ai/-/ai-2.14.0.tgz 3221ms (cache miss)
1513 http fetch GET 200 https://registry.npmjs.org/firebase-functions/-/firebase-functions-7.3.2.tgz 3448ms (cache miss)
1514 http fetch GET 200 https://registry.npmjs.org/firebase-admin/-/firebase-admin-14.2.0.tgz 3615ms (cache miss)
1515 http fetch GET 200 https://registry.npmjs.org/@google-cloud/firestore/-/firestore-8.7.0.tgz 3673ms (cache miss)
1516 http fetch GET 200 https://registry.npmjs.org/@firebase/database/-/database-1.1.4.tgz 3739ms (cache miss)
1517 http fetch GET 200 https://registry.npmjs.org/google-gax/-/google-gax-5.0.8.tgz 3866ms (cache miss)
1518 http fetch GET 200 https://registry.npmjs.org/@firebase/auth/-/auth-1.13.4.tgz 7526ms (cache miss)
1519 http fetch GET 200 https://registry.npmjs.org/@next/swc-win32-x64-msvc/-/swc-win32-x64-msvc-16.2.12.tgz 8443ms (cache miss)
1520 http fetch GET 200 https://registry.npmjs.org/@firebase/firestore/-/firestore-4.17.0.tgz 9914ms (cache miss)
1521 http fetch GET 200 https://registry.npmjs.org/firebase/-/firebase-12.17.0.tgz 11325ms (cache miss)
1522 http fetch GET 200 https://registry.npmjs.org/next/-/next-16.2.12.tgz 21843ms (cache miss)
1523 info run @firebase/util@1.15.2 postinstall node_modules/@firebase/util node ./postinstall.js
1524 info run @firebase/util@1.15.2 postinstall { code: 0, signal: null }
1525 silly ADD functions/node_modules/gtoken
1526 silly ADD functions/node_modules/gaxios
1527 silly ADD functions/node_modules/http-proxy-agent
1528 silly ADD functions/node_modules/teeny-request
1529 silly ADD functions/node_modules/lru-memoizer
1530 silly ADD functions/node_modules/lru-cache
1531 silly ADD functions/node_modules/jose
1532 silly ADD functions/node_modules/retry-request
1533 silly ADD functions/node_modules/proto3-json-serializer
1534 silly ADD functions/node_modules/node-fetch
1535 silly ADD functions/node_modules/@grpc/proto-loader
1536 silly ADD functions/node_modules/google-gax
1537 silly ADD functions/node_modules/google-gax/node_modules/google-auth-library
1538 silly ADD functions/node_modules/jwks-rsa
1539 silly ADD functions/node_modules/@google-cloud/firestore
1540 silly ADD functions/node_modules/firebase-admin
1541 silly ADD node_modules/eastasianwidth
1542 silly ADD node_modules/isexe
1543 silly ADD node_modules/shebang-regex
1544 silly ADD node_modules/is-promise
1545 silly ADD node_modules/balanced-match
1546 silly ADD node_modules/brace-expansion
1547 silly ADD node_modules/wrap-ansi-cjs
1548 silly ADD node_modules/strip-ansi-cjs
1549 silly ADD node_modules/string-width-cjs
1550 silly ADD node_modules/@pkgjs/parseargs
1551 silly ADD node_modules/@isaacs/cliui
1552 silly ADD node_modules/@isaacs/cliui/node_modules/ansi-styles
1553 silly ADD node_modules/@isaacs/cliui/node_modules/ansi-regex
1554 silly ADD node_modules/@isaacs/cliui/node_modules/emoji-regex
1555 silly ADD node_modules/@isaacs/cliui/node_modules/wrap-ansi
1556 silly ADD node_modules/@isaacs/cliui/node_modules/strip-ansi
1557 silly ADD node_modules/@isaacs/cliui/node_modules/string-width
1558 silly ADD node_modules/which
1559 silly ADD node_modules/shebang-command
1560 silly ADD node_modules/path-key
1561 silly ADD node_modules/signal-exit
1562 silly ADD node_modules/cross-spawn
1563 silly ADD node_modules/path-scurry
1564 silly ADD node_modules/path-scurry/node_modules/lru-cache
1565 silly ADD node_modules/package-json-from-dist
1566 silly ADD node_modules/minipass
1567 silly ADD node_modules/minimatch
1568 silly ADD node_modules/jackspeak
1569 silly ADD node_modules/foreground-child
1570 silly ADD node_modules/glob
1571 silly ADD node_modules/baseline-browser-mapping
1572 silly ADD node_modules/router
1573 silly ADD node_modules/re2js
1574 silly ADD node_modules/rimraf
1575 silly CHANGE node_modules/@types/serve-static
1576 silly REMOVE node_modules/@types/serve-static/node_modules/@types/send
1577 silly REMOVE node_modules/@types/mime
1578 silly CHANGE node_modules/@types/express-serve-static-core
1579 silly CHANGE node_modules/@types/express
1580 silly REMOVE node_modules/@opentelemetry/api
1581 silly CHANGE node_modules/@next/env
1582 silly CHANGE node_modules/@next/swc-win32-x64-msvc
1583 silly CHANGE node_modules/@grpc/grpc-js
1584 silly ADD node_modules/@grpc/grpc-js/node_modules/@grpc/proto-loader
1585 silly CHANGE node_modules/@firebase/util
1586 silly CHANGE node_modules/@firebase/webchannel-wrapper
1587 silly CHANGE node_modules/@firebase/storage-types
1588 silly CHANGE node_modules/@firebase/storage-compat
1589 silly CHANGE node_modules/@firebase/remote-config-types
1590 silly CHANGE node_modules/@firebase/storage
1591 silly CHANGE node_modules/@firebase/remote-config-compat
1592 silly CHANGE node_modules/@firebase/remote-config
1593 silly CHANGE node_modules/@firebase/performance-types
1594 silly CHANGE node_modules/@firebase/performance-compat
1595 silly CHANGE node_modules/@firebase/messaging-interop-types
1596 silly CHANGE node_modules/@firebase/messaging
1597 silly CHANGE node_modules/@firebase/performance
1598 silly CHANGE node_modules/@firebase/messaging-compat
1599 silly CHANGE node_modules/@firebase/logger
1600 silly CHANGE node_modules/@firebase/installations-compat
1601 silly CHANGE node_modules/@firebase/installations-types
1602 silly CHANGE node_modules/@firebase/functions-compat
1603 silly CHANGE node_modules/@firebase/installations
1604 silly CHANGE node_modules/@firebase/functions-types
1605 silly CHANGE node_modules/@firebase/functions
1606 silly CHANGE node_modules/@firebase/firestore-types
1607 silly CHANGE node_modules/@firebase/firestore-compat
1608 silly CHANGE node_modules/@firebase/firestore
1609 silly ADD node_modules/@firebase/firestore/node_modules/@grpc/grpc-js
1610 silly CHANGE node_modules/@firebase/database-types
1611 silly CHANGE node_modules/@firebase/database-compat
1612 silly CHANGE node_modules/@firebase/database
1613 silly CHANGE node_modules/@firebase/data-connect
1614 silly CHANGE node_modules/@firebase/component
1615 silly CHANGE node_modules/@firebase/auth-types
1616 silly CHANGE node_modules/@firebase/auth-compat
1617 silly CHANGE node_modules/@firebase/auth-interop-types
1618 silly CHANGE node_modules/@firebase/auth
1619 silly CHANGE node_modules/@firebase/app-types
1620 silly CHANGE node_modules/@firebase/app-compat
1621 silly CHANGE node_modules/@firebase/app-check-types
1622 silly CHANGE node_modules/@firebase/app-check-interop-types
1623 silly CHANGE node_modules/@firebase/app-check-compat
1624 silly CHANGE node_modules/@firebase/app-check
1625 silly CHANGE node_modules/@firebase/app
1626 silly CHANGE node_modules/@firebase/analytics-types
1627 silly CHANGE node_modules/@firebase/analytics-compat
1628 silly CHANGE node_modules/@firebase/analytics
1629 silly CHANGE node_modules/@firebase/ai
1630 silly REMOVE node_modules/vitest/node_modules/ms
1631 silly REMOVE node_modules/vitest/node_modules/debug
1632 silly REMOVE node_modules/vite-node/node_modules/debug
1633 silly REMOVE node_modules/vite-node/node_modules/ms
1634 silly REMOVE node_modules/utils-merge
1635 silly CHANGE node_modules/type-is
1636 silly ADD node_modules/type-is/node_modules/mime-db
1637 silly ADD node_modules/type-is/node_modules/mime-types
1638 silly ADD node_modules/type-is/node_modules/content-type
1639 silly REMOVE node_modules/teeny-request/node_modules/ms
1640 silly REMOVE node_modules/teeny-request/node_modules/debug
1641 silly CHANGE node_modules/serve-static
1642 silly CHANGE node_modules/send
1643 silly ADD node_modules/send/node_modules/mime-db
1644 silly ADD node_modules/send/node_modules/mime-types
1645 silly REMOVE node_modules/send/node_modules/ms
1646 silly REMOVE node_modules/send/node_modules/mime
1647 silly CHANGE node_modules/raw-body
1648 silly CHANGE node_modules/range-parser
1649 silly CHANGE node_modules/path-to-regexp
1650 silly CHANGE node_modules/next
1651 silly CHANGE node_modules/negotiator
1652 silly CHANGE node_modules/ms
1653 silly REMOVE node_modules/methods
1654 silly CHANGE node_modules/merge-descriptors
1655 silly CHANGE node_modules/media-typer
1656 silly REMOVE node_modules/jwks-rsa/node_modules/ms
1657 silly REMOVE node_modules/jwks-rsa/node_modules/debug
1658 silly REMOVE node_modules/jsonwebtoken/node_modules/ms
1659 silly CHANGE node_modules/iconv-lite
1660 silly REMOVE node_modules/https-proxy-agent/node_modules/ms
1661 silly REMOVE node_modules/https-proxy-agent/node_modules/debug
1662 silly REMOVE node_modules/http-proxy-agent/node_modules/debug
1663 silly REMOVE node_modules/http-proxy-agent/node_modules/ms
1664 silly REMOVE node_modules/google-gax/node_modules/@grpc/grpc-js
1665 silly REMOVE node_modules/google-gax/node_modules/@grpc/grpc-js/node_modules/@grpc/proto-loader
1666 silly CHANGE node_modules/fresh
1667 silly CHANGE node_modules/firebase-functions
1668 silly CHANGE node_modules/firebase
1669 silly CHANGE node_modules/finalhandler
1670 silly CHANGE node_modules/express
1671 silly ADD node_modules/express/node_modules/mime-db
1672 silly ADD node_modules/express/node_modules/mime-types
1673 silly REMOVE node_modules/destroy
1674 silly CHANGE node_modules/debug
1675 silly CHANGE node_modules/cookie-signature
1676 silly CHANGE node_modules/content-disposition
1677 silly CHANGE node_modules/body-parser
1678 silly ADD node_modules/body-parser/node_modules/content-type
1679 silly REMOVE node_modules/array-flatten
1680 silly CHANGE node_modules/accepts
1681 silly ADD node_modules/accepts/node_modules/mime-db
1682 silly ADD node_modules/accepts/node_modules/mime-types
1683 verbose cwd C:\Users\vedsp\Desktop\MBA dashboard
1684 verbose os Windows_NT 10.0.26200
1685 verbose node v24.13.0
1686 verbose npm  v11.6.2
1687 verbose exit 0
1688 info ok
