0 verbose cli C:\Program Files\nodejs\node.exe C:\Program Files\nodejs\node_modules\npm\bin\npm-cli.js
1 info using npm@11.6.2
2 info using node@v24.13.0
3 silly config load:file:C:\Program Files\nodejs\node_modules\npm\npmrc
4 silly config load:file:C:\Users\vedsp\Desktop\MBA dashboard\.npmrc
5 silly config load:file:C:\Users\vedsp\.npmrc
6 silly config load:file:C:\Users\vedsp\AppData\Roaming\npm\etc\npmrc
7 verbose title npm install
8 verbose argv "install" "--cache" ".npm-cache" "--loglevel" "warn"
9 verbose logfile logs-max:10 dir:C:\Users\vedsp\Desktop\MBA dashboard\.npm-cache\_logs\2026-08-02T20_27_22_966Z-
10 verbose logfile C:\Users\vedsp\Desktop\MBA dashboard\.npm-cache\_logs\2026-08-02T20_27_22_966Z-debug-0.log
11 silly logfile done cleaning log files
12 silly packumentCache heap:4496293888 maxSize:1124073472 maxEntrySize:562036736
13 verbose shrinkwrap failed to load node_modules/.package-lock.json out of date, updated: functions
14 silly idealTree buildDeps
15 silly fetch manifest firebase-tools@^15.25.1
16 silly packumentCache full:https://registry.npmjs.org/firebase-tools cache-miss
17 http fetch GET 200 https://registry.npmjs.org/firebase-tools 381ms (cache miss)
18 silly packumentCache full:https://registry.npmjs.org/firebase-tools set size:undefined disposed:false
19 silly placeDep ROOT firebase-tools@15.25.1 OK for: mba-deadline-command-center@1.0.0 want: ^15.25.1
20 silly fetch manifest pg@^8.11.3
21 silly packumentCache full:https://registry.npmjs.org/pg cache-miss
22 silly fetch manifest ws@^8.21.1
23 silly packumentCache full:https://registry.npmjs.org/ws cache-miss
24 silly fetch manifest ajv@^8.17.1
25 silly packumentCache full:https://registry.npmjs.org/ajv cache-miss
26 silly fetch manifest ora@^5.4.1
27 silly packumentCache full:https://registry.npmjs.org/ora cache-miss
28 silly fetch manifest tar@^7.5.11
29 silly packumentCache full:https://registry.npmjs.org/tar cache-miss
30 silly fetch manifest tmp@^0.2.3
31 silly packumentCache full:https://registry.npmjs.org/tmp cache-miss
32 silly fetch manifest zod@^4.0.0
33 silly packumentCache full:https://registry.npmjs.org/zod cache-miss
34 silly fetch manifest mime@^2.5.2
35 silly packumentCache full:https://registry.npmjs.org/mime cache-miss
36 silly fetch manifest open@^6.3.0
37 silly packumentCache full:https://registry.npmjs.org/open cache-miss
38 silly fetch manifest yaml@^2.8.3
39 silly packumentCache full:https://registry.npmjs.org/yaml cache-miss
40 silly fetch manifest cjson@^0.3.1
41 silly packumentCache full:https://registry.npmjs.org/cjson cache-miss
42 silly fetch manifest fuzzy@^0.1.3
43 silly packumentCache full:https://registry.npmjs.org/fuzzy cache-miss
44 silly fetch manifest lsofi@^2.0.0
45 silly packumentCache full:https://registry.npmjs.org/lsofi cache-miss
46 silly fetch manifest ignore@^7.0.4
47 silly packumentCache full:https://registry.npmjs.org/ignore cache-miss
48 silly fetch manifest lodash@^4.18.0
49 silly packumentCache full:https://registry.npmjs.org/lodash cache-miss
50 http cache https://registry.npmjs.org/zod 58ms (cache hit)
51 silly packumentCache full:https://registry.npmjs.org/zod set size:3552562 disposed:false
52 silly fetch manifest marked@^13.0.2
53 silly packumentCache full:https://registry.npmjs.org/marked cache-miss
54 http fetch GET 200 https://registry.npmjs.org/pg 85ms (cache miss)
55 silly packumentCache full:https://registry.npmjs.org/pg set size:undefined disposed:false
56 silly fetch manifest morgan@^1.10.0
57 silly packumentCache full:https://registry.npmjs.org/morgan cache-miss
58 http fetch GET 200 https://registry.npmjs.org/ora 101ms (cache miss)
59 silly packumentCache full:https://registry.npmjs.org/ora set size:undefined disposed:false
60 silly fetch manifest undici@^6.19.0
61 silly packumentCache full:https://registry.npmjs.org/undici cache-miss
62 http fetch GET 200 https://registry.npmjs.org/open 102ms (cache miss)
63 silly packumentCache full:https://registry.npmjs.org/open set size:undefined disposed:false
64 silly fetch manifest express@^4.16.4
65 silly packumentCache full:https://registry.npmjs.org/express cache-miss
66 http fetch GET 200 https://registry.npmjs.org/ignore 106ms (cache miss)
67 silly packumentCache full:https://registry.npmjs.org/ignore set size:undefined disposed:false
68 silly fetch manifest js-yaml@^4.2.0
69 silly packumentCache full:https://registry.npmjs.org/js-yaml cache-miss
70 http fetch GET 200 https://registry.npmjs.org/yaml 113ms (cache miss)
71 silly packumentCache full:https://registry.npmjs.org/yaml set size:undefined disposed:false
72 silly fetch manifest winston@^3.0.0
73 silly packumentCache full:https://registry.npmjs.org/winston cache-miss
74 http fetch GET 200 https://registry.npmjs.org/tar 118ms (cache miss)
75 silly packumentCache full:https://registry.npmjs.org/tar set size:undefined disposed:false
76 silly fetch manifest archiver@^7.0.0
77 silly packumentCache full:https://registry.npmjs.org/archiver cache-miss
78 http fetch GET 200 https://registry.npmjs.org/ajv 128ms (cache miss)
79 silly packumentCache full:https://registry.npmjs.org/ajv set size:undefined disposed:false
80 silly fetch manifest chokidar@^3.6.0
81 silly packumentCache full:https://registry.npmjs.org/chokidar cache-miss
82 http fetch GET 200 https://registry.npmjs.org/express 38ms (cache revalidated)
83 silly packumentCache full:https://registry.npmjs.org/express set size:804956 disposed:false
84 silly fetch manifest exegesis@^4.2.0
85 silly packumentCache full:https://registry.npmjs.org/exegesis cache-miss
86 http fetch GET 200 https://registry.npmjs.org/js-yaml 43ms (cache miss)
87 silly packumentCache full:https://registry.npmjs.org/js-yaml set size:undefined disposed:false
88 silly fetch manifest fs-extra@^10.1.0
89 silly packumentCache full:https://registry.npmjs.org/fs-extra cache-miss
90 http fetch GET 200 https://registry.npmjs.org/chokidar 37ms (cache miss)
91 silly packumentCache full:https://registry.npmjs.org/chokidar set size:undefined disposed:false
92 silly fetch manifest pglite-2@npm:@electric-sql/pglite@0.2.17
93 silly packumentCache full:https://registry.npmjs.org/@electric-sql%2fpglite cache-miss
94 http fetch GET 200 https://registry.npmjs.org/fs-extra 40ms (cache miss)
95 silly packumentCache full:https://registry.npmjs.org/fs-extra set size:undefined disposed:false
96 silly fetch manifest progress@^2.0.3
97 silly packumentCache full:https://registry.npmjs.org/progress cache-miss
98 http fetch GET 200 https://registry.npmjs.org/@electric-sql%2fpglite 37ms (cache miss)
99 silly packumentCache full:https://registry.npmjs.org/@electric-sql%2fpglite set size:undefined disposed:false
100 silly fetch manifest colorette@^2.0.19
101 silly packumentCache full:https://registry.npmjs.org/colorette cache-miss
102 http fetch GET 200 https://registry.npmjs.org/colorette 22ms (cache miss)
103 silly packumentCache full:https://registry.npmjs.org/colorette set size:undefined disposed:false
104 silly fetch manifest commander@^5.1.0
105 silly packumentCache full:https://registry.npmjs.org/commander cache-miss
106 http fetch GET 200 https://registry.npmjs.org/commander 40ms (cache miss)
107 silly packumentCache full:https://registry.npmjs.org/commander set size:undefined disposed:false
108 silly fetch manifest cross-env@^7.0.3
109 silly packumentCache full:https://registry.npmjs.org/cross-env cache-miss
110 http fetch GET 200 https://registry.npmjs.org/mime 288ms (cache revalidated)
111 silly packumentCache full:https://registry.npmjs.org/mime set size:119236 disposed:false
112 silly fetch manifest csv-parse@^5.0.4
113 silly packumentCache full:https://registry.npmjs.org/csv-parse cache-miss
114 http fetch GET 200 https://registry.npmjs.org/fuzzy 292ms (cache miss)
115 silly packumentCache full:https://registry.npmjs.org/fuzzy set size:undefined disposed:false
116 silly fetch manifest form-data@^4.0.1
117 silly packumentCache full:https://registry.npmjs.org/form-data cache-miss
118 http fetch GET 200 https://registry.npmjs.org/lsofi 299ms (cache miss)
119 silly packumentCache full:https://registry.npmjs.org/lsofi set size:undefined disposed:false
120 silly fetch manifest minimatch@^3.0.4
121 silly packumentCache full:https://registry.npmjs.org/minimatch cache-miss
122 http fetch GET 200 https://registry.npmjs.org/tmp 302ms (cache miss)
123 silly packumentCache full:https://registry.npmjs.org/tmp set size:undefined disposed:false
124 silly fetch manifest async-lock@1.4.1
125 silly packumentCache full:https://registry.npmjs.org/async-lock cache-miss
126 http fetch GET 200 https://registry.npmjs.org/ws 308ms (cache miss)
127 silly packumentCache full:https://registry.npmjs.org/ws set size:undefined disposed:false
128 silly fetch manifest cli-table3@0.6.5
129 silly packumentCache full:https://registry.npmjs.org/cli-table3 cache-miss
130 http fetch GET 200 https://registry.npmjs.org/form-data 22ms (cache revalidated)
131 silly packumentCache full:https://registry.npmjs.org/form-data set size:153174 disposed:false
132 silly fetch manifest pg-gateway@^0.3.0-beta.4
133 silly packumentCache full:https://registry.npmjs.org/pg-gateway cache-miss
134 http cache https://registry.npmjs.org/minimatch 17ms (cache hit)
135 silly packumentCache full:https://registry.npmjs.org/minimatch set size:377924 disposed:false
136 silly fetch manifest portfinder@^1.0.32
137 silly packumentCache full:https://registry.npmjs.org/portfinder cache-miss
138 http fetch GET 200 https://registry.npmjs.org/cross-env 45ms (cache miss)
139 silly packumentCache full:https://registry.npmjs.org/cross-env set size:undefined disposed:false
140 silly fetch manifest ajv-formats@3.0.1
141 silly packumentCache full:https://registry.npmjs.org/ajv-formats cache-miss
142 http fetch GET 200 https://registry.npmjs.org/lodash 327ms (cache miss)
143 silly packumentCache full:https://registry.npmjs.org/lodash set size:undefined disposed:false
144 silly fetch manifest body-parser@^1.19.0
145 silly packumentCache full:https://registry.npmjs.org/body-parser cache-miss
146 http fetch GET 200 https://registry.npmjs.org/cli-table3 24ms (cache miss)
147 silly packumentCache full:https://registry.npmjs.org/cli-table3 set size:undefined disposed:false
148 silly fetch manifest configstore@^5.0.1
149 silly packumentCache full:https://registry.npmjs.org/configstore cache-miss
150 http fetch GET 200 https://registry.npmjs.org/morgan 252ms (cache miss)
151 silly packumentCache full:https://registry.npmjs.org/morgan set size:undefined disposed:false
152 silly fetch manifest proxy-agent@^6.3.0
153 silly packumentCache full:https://registry.npmjs.org/proxy-agent cache-miss
154 http fetch GET 200 https://registry.npmjs.org/pg-gateway 26ms (cache miss)
155 silly packumentCache full:https://registry.npmjs.org/pg-gateway set size:undefined disposed:false
156 silly fetch manifest stream-json@^1.7.3
157 silly packumentCache full:https://registry.npmjs.org/stream-json cache-miss
158 http fetch GET 200 https://registry.npmjs.org/ajv-formats 24ms (cache miss)
159 silly packumentCache full:https://registry.npmjs.org/ajv-formats set size:undefined disposed:false
160 silly fetch manifest superstatic@^10.0.0
161 silly packumentCache full:https://registry.npmjs.org/superstatic cache-miss
162 http fetch GET 200 https://registry.npmjs.org/body-parser 24ms (cache revalidated)
163 silly packumentCache full:https://registry.npmjs.org/body-parser set size:204559 disposed:false
164 silly fetch manifest triple-beam@^1.3.0
165 silly packumentCache full:https://registry.npmjs.org/triple-beam cache-miss
166 http fetch GET 200 https://registry.npmjs.org/configstore 23ms (cache miss)
167 silly packumentCache full:https://registry.npmjs.org/configstore set size:undefined disposed:false
168 silly fetch manifest stream-chain@^2.2.4
169 silly packumentCache full:https://registry.npmjs.org/stream-chain cache-miss
170 http fetch GET 200 https://registry.npmjs.org/triple-beam 24ms (cache miss)
171 silly packumentCache full:https://registry.npmjs.org/triple-beam set size:undefined disposed:false
172 silly fetch manifest sql-formatter@^15.3.0
173 silly packumentCache full:https://registry.npmjs.org/sql-formatter cache-miss
174 http fetch GET 200 https://registry.npmjs.org/stream-json 38ms (cache miss)
175 silly packumentCache full:https://registry.npmjs.org/stream-json set size:undefined disposed:false
176 silly fetch manifest tcp-port-used@^1.0.2
177 silly packumentCache full:https://registry.npmjs.org/tcp-port-used cache-miss
178 http fetch GET 200 https://registry.npmjs.org/winston 274ms (cache miss)
179 silly packumentCache full:https://registry.npmjs.org/winston set size:undefined disposed:false
180 silly fetch manifest marked-terminal@^7.0.0
181 silly packumentCache full:https://registry.npmjs.org/marked-terminal cache-miss
182 http fetch GET 200 https://registry.npmjs.org/undici 295ms (cache miss)
183 silly packumentCache full:https://registry.npmjs.org/undici set size:undefined disposed:false
184 silly fetch manifest exegesis-express@^4.0.0
185 silly packumentCache full:https://registry.npmjs.org/exegesis-express cache-miss
186 http fetch GET 200 https://registry.npmjs.org/exegesis 255ms (cache miss)
187 silly packumentCache full:https://registry.npmjs.org/exegesis set size:undefined disposed:false
188 silly fetch manifest @inquirer/prompts@^7.10.1
189 silly packumentCache full:https://registry.npmjs.org/@inquirer%2fprompts cache-miss
190 http fetch GET 200 https://registry.npmjs.org/archiver 285ms (cache miss)
191 silly packumentCache full:https://registry.npmjs.org/archiver set size:undefined disposed:false
192 silly fetch manifest winston-transport@^4.4.0
193 silly packumentCache full:https://registry.npmjs.org/winston-transport cache-miss
194 http fetch GET 200 https://registry.npmjs.org/marked-terminal 23ms (cache miss)
195 silly packumentCache full:https://registry.npmjs.org/marked-terminal set size:undefined disposed:false
196 silly fetch manifest @apphosting/common@^0.0.8
197 silly packumentCache full:https://registry.npmjs.org/@apphosting%2fcommon cache-miss
198 http fetch GET 200 https://registry.npmjs.org/winston-transport 23ms (cache miss)
199 silly packumentCache full:https://registry.npmjs.org/winston-transport set size:undefined disposed:false
200 silly fetch manifest libsodium-wrappers@^0.7.10
201 silly packumentCache full:https://registry.npmjs.org/libsodium-wrappers cache-miss
202 http fetch GET 200 https://registry.npmjs.org/csv-parse 268ms (cache miss)
203 silly packumentCache full:https://registry.npmjs.org/csv-parse set size:undefined disposed:false
204 silly fetch manifest google-auth-library@^9.11.0
205 silly packumentCache full:https://registry.npmjs.org/google-auth-library cache-miss
206 http fetch GET 200 https://registry.npmjs.org/async-lock 264ms (cache miss)
207 silly packumentCache full:https://registry.npmjs.org/async-lock set size:undefined disposed:false
208 silly fetch manifest universal-analytics@^0.5.3
209 silly packumentCache full:https://registry.npmjs.org/universal-analytics cache-miss
210 http cache https://registry.npmjs.org/google-auth-library 8ms (cache hit)
211 silly packumentCache full:https://registry.npmjs.org/google-auth-library set size:737867 disposed:false
212 silly fetch manifest update-notifier-cjs@^5.1.6
213 silly packumentCache full:https://registry.npmjs.org/update-notifier-cjs cache-miss
214 http fetch GET 200 https://registry.npmjs.org/portfinder 258ms (cache miss)
215 silly packumentCache full:https://registry.npmjs.org/portfinder set size:undefined disposed:false
216 silly fetch manifest @electric-sql/pglite@^0.3.3
217 silly packumentCache full:https://registry.npmjs.org/@electric-sql%2fpglite cache-miss
218 http cache https://registry.npmjs.org/@electric-sql%2fpglite 8ms (cache hit)
219 silly packumentCache full:https://registry.npmjs.org/@electric-sql%2fpglite set size:344589 disposed:false
220 silly fetch manifest @google-cloud/pubsub@^5.2.0
221 silly packumentCache full:https://registry.npmjs.org/@google-cloud%2fpubsub cache-miss
222 http fetch GET 200 https://registry.npmjs.org/proxy-agent 260ms (cache miss)
223 silly packumentCache full:https://registry.npmjs.org/proxy-agent set size:undefined disposed:false
224 silly fetch manifest @modelcontextprotocol/sdk@^1.24.0
225 silly packumentCache full:https://registry.npmjs.org/@modelcontextprotocol%2fsdk cache-miss
226 http fetch GET 200 https://registry.npmjs.org/superstatic 270ms (cache miss)
227 silly packumentCache full:https://registry.npmjs.org/superstatic set size:undefined disposed:false
228 silly fetch manifest @electric-sql/pglite-tools@^0.2.8
229 silly packumentCache full:https://registry.npmjs.org/@electric-sql%2fpglite-tools cache-miss
230 http fetch GET 200 https://registry.npmjs.org/tcp-port-used 252ms (cache miss)
231 silly packumentCache full:https://registry.npmjs.org/tcp-port-used set size:undefined disposed:false
232 silly fetch manifest @google-cloud/cloud-sql-connector@^1.3.3
233 silly packumentCache full:https://registry.npmjs.org/@google-cloud%2fcloud-sql-connector cache-miss
234 http fetch GET 200 https://registry.npmjs.org/stream-chain 282ms (cache miss)
235 silly packumentCache full:https://registry.npmjs.org/stream-chain set size:undefined disposed:false
236 http fetch GET 200 https://registry.npmjs.org/marked 578ms (cache miss)
237 silly packumentCache full:https://registry.npmjs.org/marked set size:undefined disposed:false
238 http fetch GET 200 https://registry.npmjs.org/cjson 656ms (cache miss)
239 silly packumentCache full:https://registry.npmjs.org/cjson set size:undefined disposed:false
240 http fetch GET 200 https://registry.npmjs.org/exegesis-express 268ms (cache miss)
241 silly packumentCache full:https://registry.npmjs.org/exegesis-express set size:undefined disposed:false
242 http fetch GET 200 https://registry.npmjs.org/libsodium-wrappers 265ms (cache miss)
243 silly packumentCache full:https://registry.npmjs.org/libsodium-wrappers set size:undefined disposed:false
244 http fetch GET 200 https://registry.npmjs.org/progress 562ms (cache miss)
245 silly packumentCache full:https://registry.npmjs.org/progress set size:undefined disposed:false
246 http fetch GET 200 https://registry.npmjs.org/@modelcontextprotocol%2fsdk 171ms (cache miss)
247 silly packumentCache full:https://registry.npmjs.org/@modelcontextprotocol%2fsdk set size:undefined disposed:false
248 http fetch GET 200 https://registry.npmjs.org/universal-analytics 239ms (cache miss)
249 silly packumentCache full:https://registry.npmjs.org/universal-analytics set size:undefined disposed:false
250 http fetch GET 200 https://registry.npmjs.org/update-notifier-cjs 249ms (cache miss)
251 silly packumentCache full:https://registry.npmjs.org/update-notifier-cjs set size:undefined disposed:false
252 http fetch GET 200 https://registry.npmjs.org/@inquirer%2fprompts 482ms (cache miss)
253 silly packumentCache full:https://registry.npmjs.org/@inquirer%2fprompts set size:undefined disposed:false
254 http fetch GET 200 https://registry.npmjs.org/sql-formatter 657ms (cache miss)
255 silly packumentCache full:https://registry.npmjs.org/sql-formatter set size:undefined disposed:false
256 http fetch GET 200 https://registry.npmjs.org/@apphosting%2fcommon 803ms (cache miss)
257 silly packumentCache full:https://registry.npmjs.org/@apphosting%2fcommon set size:undefined disposed:false
258 http fetch GET 200 https://registry.npmjs.org/@google-cloud%2fpubsub 697ms (cache miss)
259 silly packumentCache full:https://registry.npmjs.org/@google-cloud%2fpubsub set size:undefined disposed:false
260 http fetch GET 200 https://registry.npmjs.org/@electric-sql%2fpglite-tools 676ms (cache miss)
261 silly packumentCache full:https://registry.npmjs.org/@electric-sql%2fpglite-tools set size:undefined disposed:false
262 http fetch GET 200 https://registry.npmjs.org/@google-cloud%2fcloud-sql-connector 731ms (cache miss)
263 silly packumentCache full:https://registry.npmjs.org/@google-cloud%2fcloud-sql-connector set size:undefined disposed:false
264 silly fetch manifest pg-native@>=3.0.1
265 silly packumentCache full:https://registry.npmjs.org/pg-native cache-miss
266 http fetch GET 200 https://registry.npmjs.org/pg-native 245ms (cache miss)
267 silly packumentCache full:https://registry.npmjs.org/pg-native set size:undefined disposed:false
268 silly fetch manifest bufferutil@^4.0.1
269 silly packumentCache full:https://registry.npmjs.org/bufferutil cache-miss
270 http fetch GET 200 https://registry.npmjs.org/bufferutil 21ms (cache miss)
271 silly packumentCache full:https://registry.npmjs.org/bufferutil set size:undefined disposed:false
272 silly fetch manifest utf-8-validate@>=5.0.2
273 silly packumentCache full:https://registry.npmjs.org/utf-8-validate cache-miss
274 http fetch GET 200 https://registry.npmjs.org/utf-8-validate 23ms (cache miss)
275 silly packumentCache full:https://registry.npmjs.org/utf-8-validate set size:undefined disposed:false
276 silly fetch manifest @types/node@>=18
277 silly packumentCache full:https://registry.npmjs.org/@types%2fnode cache-miss
278 http cache https://registry.npmjs.org/@types%2fnode 27ms (cache hit)
279 silly packumentCache full:https://registry.npmjs.org/@types%2fnode set size:11084776 disposed:false
280 silly fetch manifest @cfworker/json-schema@^4.1.1
281 silly packumentCache full:https://registry.npmjs.org/@cfworker%2fjson-schema cache-miss
282 http fetch GET 200 https://registry.npmjs.org/@cfworker%2fjson-schema 216ms (cache miss)
283 silly packumentCache full:https://registry.npmjs.org/@cfworker%2fjson-schema set size:undefined disposed:false
284 silly placeDep ROOT @apphosting/common@0.0.8 OK for: firebase-tools@15.25.1 want: ^0.0.8
285 silly placeDep ROOT @electric-sql/pglite@0.3.16 OK for: firebase-tools@15.25.1 want: ^0.3.3
286 silly placeDep ROOT @electric-sql/pglite-tools@0.2.21 OK for: firebase-tools@15.25.1 want: ^0.2.8
287 silly placeDep ROOT @google-cloud/cloud-sql-connector@1.11.3 OK for: firebase-tools@15.25.1 want: ^1.3.3
288 silly placeDep ROOT @google-cloud/pubsub@5.3.1 OK for: firebase-tools@15.25.1 want: ^5.2.0
289 silly placeDep ROOT @inquirer/prompts@7.10.1 OK for: firebase-tools@15.25.1 want: ^7.10.1
290 silly placeDep ROOT @modelcontextprotocol/sdk@1.30.0 OK for: firebase-tools@15.25.1 want: ^1.24.0
291 silly placeDep ROOT ajv@8.20.0 OK for: firebase-tools@15.25.1 want: ^8.17.1
292 silly placeDep ROOT ajv-formats@3.0.1 OK for: firebase-tools@15.25.1 want: 3.0.1
293 silly placeDep ROOT archiver@7.0.1 OK for: firebase-tools@15.25.1 want: ^7.0.0
294 silly placeDep ROOT async-lock@1.4.1 OK for: firebase-tools@15.25.1 want: 1.4.1
295 silly placeDep node_modules/firebase-tools body-parser@1.20.6 OK for: firebase-tools@15.25.1 want: ^1.19.0
296 silly placeDep ROOT chokidar@3.6.0 OK for: firebase-tools@15.25.1 want: ^3.6.0
297 silly placeDep ROOT cjson@0.3.3 OK for: firebase-tools@15.25.1 want: ^0.3.1
298 silly placeDep ROOT cli-table3@0.6.5 OK for: firebase-tools@15.25.1 want: 0.6.5
299 silly placeDep ROOT colorette@2.0.20 OK for: firebase-tools@15.25.1 want: ^2.0.19
300 silly placeDep ROOT commander@5.1.0 OK for: firebase-tools@15.25.1 want: ^5.1.0
301 silly placeDep ROOT configstore@5.0.1 OK for: firebase-tools@15.25.1 want: ^5.0.1
302 silly placeDep ROOT cross-env@7.0.3 OK for: firebase-tools@15.25.1 want: ^7.0.3
303 silly placeDep ROOT csv-parse@5.6.0 OK for: firebase-tools@15.25.1 want: ^5.0.4
304 silly placeDep ROOT exegesis@4.3.0 OK for: firebase-tools@15.25.1 want: ^4.2.0
305 silly placeDep ROOT exegesis-express@4.0.0 OK for: firebase-tools@15.25.1 want: ^4.0.0
306 silly placeDep node_modules/firebase-tools express@4.22.2 OK for: firebase-tools@15.25.1 want: ^4.16.4
307 silly placeDep node_modules/firebase-tools form-data@4.0.6 OK for: firebase-tools@15.25.1 want: ^4.0.1
308 silly placeDep ROOT fs-extra@10.1.0 OK for: firebase-tools@15.25.1 want: ^10.1.0
309 silly placeDep ROOT fuzzy@0.1.3 OK for: firebase-tools@15.25.1 want: ^0.1.3
310 silly placeDep node_modules/firebase-tools google-auth-library@9.15.1 OK for: firebase-tools@15.25.1 want: ^9.11.0
311 silly placeDep ROOT ignore@7.0.6 OK for: firebase-tools@15.25.1 want: ^7.0.4
312 silly placeDep ROOT js-yaml@4.3.1 OK for: firebase-tools@15.25.1 want: ^4.2.0
313 silly placeDep ROOT libsodium-wrappers@0.7.16 OK for: firebase-tools@15.25.1 want: ^0.7.10
314 silly placeDep ROOT lodash@4.18.1 OK for: firebase-tools@15.25.1 want: ^4.18.0
315 silly placeDep ROOT lsofi@2.0.0 OK for: firebase-tools@15.25.1 want: ^2.0.0
316 silly placeDep ROOT marked@13.0.3 OK for: firebase-tools@15.25.1 want: ^13.0.2
317 silly placeDep ROOT marked-terminal@7.3.0 OK for: firebase-tools@15.25.1 want: ^7.0.0
318 silly placeDep node_modules/firebase-tools mime@2.6.0 OK for: firebase-tools@15.25.1 want: ^2.5.2
319 silly placeDep node_modules/firebase-tools minimatch@3.1.5 OK for: firebase-tools@15.25.1 want: ^3.0.4
320 silly placeDep ROOT morgan@1.11.0 OK for: firebase-tools@15.25.1 want: ^1.10.0
321 silly placeDep ROOT open@6.4.0 OK for: firebase-tools@15.25.1 want: ^6.3.0
322 silly placeDep ROOT ora@5.4.1 OK for: firebase-tools@15.25.1 want: ^5.4.1
323 silly placeDep ROOT pg@8.22.0 OK for: firebase-tools@15.25.1 want: ^8.11.3
324 silly placeDep ROOT pg-gateway@0.3.0-beta.4 OK for: firebase-tools@15.25.1 want: ^0.3.0-beta.4
325 silly placeDep ROOT pglite-2@0.2.17 OK for: firebase-tools@15.25.1 want: npm:@electric-sql/pglite@0.2.17
326 silly placeDep ROOT portfinder@1.0.38 OK for: firebase-tools@15.25.1 want: ^1.0.32
327 silly placeDep ROOT progress@2.0.3 OK for: firebase-tools@15.25.1 want: ^2.0.3
328 silly placeDep ROOT proxy-agent@6.5.0 OK for: firebase-tools@15.25.1 want: ^6.3.0
329 silly placeDep ROOT sql-formatter@15.8.2 OK for: firebase-tools@15.25.1 want: ^15.3.0
330 silly placeDep ROOT stream-chain@2.2.5 OK for: firebase-tools@15.25.1 want: ^2.2.4
331 silly placeDep ROOT stream-json@1.9.1 OK for: firebase-tools@15.25.1 want: ^1.7.3
332 silly placeDep ROOT superstatic@10.0.0 OK for: firebase-tools@15.25.1 want: ^10.0.0
333 silly placeDep ROOT tar@7.5.22 OK for: firebase-tools@15.25.1 want: ^7.5.11
334 silly placeDep ROOT tcp-port-used@1.0.3 OK for: firebase-tools@15.25.1 want: ^1.0.2
335 silly placeDep ROOT tmp@0.2.7 OK for: firebase-tools@15.25.1 want: ^0.2.3
336 silly placeDep ROOT triple-beam@1.4.1 OK for: firebase-tools@15.25.1 want: ^1.3.0
337 silly placeDep ROOT undici@6.28.0 OK for: firebase-tools@15.25.1 want: ^6.19.0
338 silly placeDep ROOT universal-analytics@0.5.4 OK for: firebase-tools@15.25.1 want: ^0.5.3
339 silly placeDep ROOT update-notifier-cjs@5.1.7 OK for: firebase-tools@15.25.1 want: ^5.1.6
340 silly placeDep ROOT winston@3.19.0 OK for: firebase-tools@15.25.1 want: ^3.0.0
341 silly placeDep ROOT winston-transport@4.9.0 OK for: firebase-tools@15.25.1 want: ^4.4.0
342 silly placeDep ROOT ws@8.21.1 OK for: firebase-tools@15.25.1 want: ^8.21.1
343 silly placeDep ROOT yaml@2.9.0 OK for: firebase-tools@15.25.1 want: ^2.8.3
344 silly placeDep node_modules/firebase-tools zod@4.4.3 OK for: firebase-tools@15.25.1 want: ^4.0.0
345 silly fetch manifest gaxios@^7.1.4
346 silly packumentCache full:https://registry.npmjs.org/gaxios cache-miss
347 silly fetch manifest p-throttle@^8.1.0
348 silly packumentCache full:https://registry.npmjs.org/p-throttle cache-miss
349 silly fetch manifest @googleapis/sqladmin@^37.0.0
350 silly packumentCache full:https://registry.npmjs.org/@googleapis%2fsqladmin cache-miss
351 silly fetch manifest @google-cloud/paginator@^6.0.0
352 silly packumentCache full:https://registry.npmjs.org/@google-cloud%2fpaginator cache-miss
353 silly fetch manifest @google-cloud/precise-date@^5.0.0
354 silly packumentCache full:https://registry.npmjs.org/@google-cloud%2fprecise-date cache-miss
355 silly fetch manifest @google-cloud/projectify@^5.0.0
356 silly packumentCache full:https://registry.npmjs.org/@google-cloud%2fprojectify cache-miss
357 silly fetch manifest @google-cloud/promisify@^5.0.0
358 silly packumentCache full:https://registry.npmjs.org/@google-cloud%2fpromisify cache-miss
359 silly fetch manifest @opentelemetry/api@~1.9.0
360 silly packumentCache full:https://registry.npmjs.org/@opentelemetry%2fapi cache-miss
361 silly fetch manifest @opentelemetry/core@^1.30.1
362 silly packumentCache full:https://registry.npmjs.org/@opentelemetry%2fcore cache-miss
363 silly fetch manifest @opentelemetry/semantic-conventions@~1.39.0
364 silly packumentCache full:https://registry.npmjs.org/@opentelemetry%2fsemantic-conventions cache-miss
365 silly fetch manifest heap-js@^2.6.0
366 silly packumentCache full:https://registry.npmjs.org/heap-js cache-miss
367 silly fetch manifest is-stream-ended@^0.1.4
368 silly packumentCache full:https://registry.npmjs.org/is-stream-ended cache-miss
369 silly fetch manifest lodash.snakecase@^4.1.1
370 silly packumentCache full:https://registry.npmjs.org/lodash.snakecase cache-miss
371 silly fetch manifest p-defer@^3.0.0
372 silly packumentCache full:https://registry.npmjs.org/p-defer cache-miss
373 silly fetch manifest @inquirer/input@^4.3.1
374 silly packumentCache full:https://registry.npmjs.org/@inquirer%2finput cache-miss
375 http cache https://registry.npmjs.org/gaxios 15ms (cache hit)
376 silly packumentCache full:https://registry.npmjs.org/gaxios set size:359495 disposed:false
377 silly fetch manifest @inquirer/editor@^4.2.23
378 silly packumentCache full:https://registry.npmjs.org/@inquirer%2feditor cache-miss
379 http cache https://registry.npmjs.org/@opentelemetry%2fapi 17ms (cache hit)
380 silly packumentCache full:https://registry.npmjs.org/@opentelemetry%2fapi set size:272967 disposed:false
381 silly fetch manifest @inquirer/expand@^4.0.23
382 silly packumentCache full:https://registry.npmjs.org/@inquirer%2fexpand cache-miss
383 http fetch GET 200 https://registry.npmjs.org/p-defer 245ms (cache miss)
384 silly packumentCache full:https://registry.npmjs.org/p-defer set size:undefined disposed:false
385 silly fetch manifest @inquirer/number@^3.0.23
386 silly packumentCache full:https://registry.npmjs.org/@inquirer%2fnumber cache-miss
387 http fetch GET 200 https://registry.npmjs.org/is-stream-ended 252ms (cache miss)
388 silly packumentCache full:https://registry.npmjs.org/is-stream-ended set size:undefined disposed:false
389 silly fetch manifest @inquirer/search@^3.2.2
390 silly packumentCache full:https://registry.npmjs.org/@inquirer%2fsearch cache-miss
391 http fetch GET 200 https://registry.npmjs.org/heap-js 255ms (cache miss)
392 silly packumentCache full:https://registry.npmjs.org/heap-js set size:undefined disposed:false
393 silly fetch manifest @inquirer/select@^4.4.2
394 silly packumentCache full:https://registry.npmjs.org/@inquirer%2fselect cache-miss
395 http fetch GET 200 https://registry.npmjs.org/lodash.snakecase 259ms (cache miss)
396 silly packumentCache full:https://registry.npmjs.org/lodash.snakecase set size:undefined disposed:false
397 silly fetch manifest @inquirer/confirm@^5.1.21
398 silly packumentCache full:https://registry.npmjs.org/@inquirer%2fconfirm cache-miss
399 http fetch GET 200 https://registry.npmjs.org/@opentelemetry%2fsemantic-conventions 274ms (cache miss)
400 silly packumentCache full:https://registry.npmjs.org/@opentelemetry%2fsemantic-conventions set size:undefined disposed:false
401 silly fetch manifest @inquirer/rawlist@^4.1.11
402 silly packumentCache full:https://registry.npmjs.org/@inquirer%2frawlist cache-miss
403 http fetch GET 200 https://registry.npmjs.org/@google-cloud%2fprojectify 283ms (cache revalidated)
404 silly packumentCache full:https://registry.npmjs.org/@google-cloud%2fprojectify set size:71811 disposed:false
405 silly fetch manifest @inquirer/checkbox@^4.3.2
406 silly packumentCache full:https://registry.npmjs.org/@inquirer%2fcheckbox cache-miss
407 http fetch GET 200 https://registry.npmjs.org/@inquirer%2finput 415ms (cache miss)
408 silly packumentCache full:https://registry.npmjs.org/@inquirer%2finput set size:undefined disposed:false
409 silly fetch manifest @inquirer/password@^4.0.23
410 silly packumentCache full:https://registry.npmjs.org/@inquirer%2fpassword cache-miss
411 http fetch GET 200 https://registry.npmjs.org/p-throttle 436ms (cache miss)
412 silly packumentCache full:https://registry.npmjs.org/p-throttle set size:undefined disposed:false
413 silly fetch manifest hono@^4.11.4
414 silly packumentCache full:https://registry.npmjs.org/hono cache-miss
415 http fetch GET 200 https://registry.npmjs.org/@google-cloud%2fpromisify 492ms (cache revalidated)
416 silly packumentCache full:https://registry.npmjs.org/@google-cloud%2fpromisify set size:75979 disposed:false
417 silly fetch manifest ajv-formats@^3.0.1
418 silly packumentCache full:https://registry.npmjs.org/ajv-formats cache-miss
419 http cache https://registry.npmjs.org/ajv-formats 5ms (cache hit)
420 silly packumentCache full:https://registry.npmjs.org/ajv-formats set size:141264 disposed:false
421 silly fetch manifest eventsource@^3.0.2
422 silly packumentCache full:https://registry.npmjs.org/eventsource cache-miss
423 http fetch GET 200 https://registry.npmjs.org/eventsource 21ms (cache miss)
424 silly packumentCache full:https://registry.npmjs.org/eventsource set size:undefined disposed:false
425 silly fetch manifest pkce-challenge@^5.0.0
426 silly packumentCache full:https://registry.npmjs.org/pkce-challenge cache-miss
427 http fetch GET 200 https://registry.npmjs.org/@opentelemetry%2fcore 534ms (cache miss)
428 silly packumentCache full:https://registry.npmjs.org/@opentelemetry%2fcore set size:undefined disposed:false
429 silly fetch manifest @hono/node-server@^1.19.9 || ^2.0.5
430 silly packumentCache full:https://registry.npmjs.org/@hono%2fnode-server cache-miss
431 http fetch GET 200 https://registry.npmjs.org/@inquirer%2fselect 291ms (cache miss)
432 silly packumentCache full:https://registry.npmjs.org/@inquirer%2fselect set size:undefined disposed:false
433 silly fetch manifest json-schema-typed@^8.0.2
434 silly packumentCache full:https://registry.npmjs.org/json-schema-typed cache-miss
435 http fetch GET 200 https://registry.npmjs.org/@inquirer%2fcheckbox 270ms (cache miss)
436 silly packumentCache full:https://registry.npmjs.org/@inquirer%2fcheckbox set size:undefined disposed:false
437 silly fetch manifest eventsource-parser@^3.0.0
438 silly packumentCache full:https://registry.npmjs.org/eventsource-parser cache-miss
439 http fetch GET 200 https://registry.npmjs.org/hono 125ms (cache miss)
440 silly packumentCache full:https://registry.npmjs.org/hono set size:undefined disposed:false
441 silly fetch manifest express-rate-limit@^8.2.1
442 silly packumentCache full:https://registry.npmjs.org/express-rate-limit cache-miss
443 http fetch GET 200 https://registry.npmjs.org/json-schema-typed 44ms (cache miss)
444 silly packumentCache full:https://registry.npmjs.org/json-schema-typed set size:undefined disposed:false
445 silly fetch manifest zod-to-json-schema@^3.25.1
446 silly packumentCache full:https://registry.npmjs.org/zod-to-json-schema cache-miss
447 http fetch GET 200 https://registry.npmjs.org/eventsource-parser 41ms (cache miss)
448 silly packumentCache full:https://registry.npmjs.org/eventsource-parser set size:undefined disposed:false
449 silly fetch manifest fast-uri@^3.0.1
450 silly packumentCache full:https://registry.npmjs.org/fast-uri cache-miss
451 http fetch GET 200 https://registry.npmjs.org/fast-uri 27ms (cache miss)
452 silly packumentCache full:https://registry.npmjs.org/fast-uri set size:undefined disposed:false
453 silly fetch manifest json-schema-traverse@^1.0.0
454 silly packumentCache full:https://registry.npmjs.org/json-schema-traverse cache-miss
455 http fetch GET 200 https://registry.npmjs.org/zod-to-json-schema 33ms (cache miss)
456 silly packumentCache full:https://registry.npmjs.org/zod-to-json-schema set size:undefined disposed:false
457 silly fetch manifest require-from-string@^2.0.2
458 silly packumentCache full:https://registry.npmjs.org/require-from-string cache-miss
459 http fetch GET 200 https://registry.npmjs.org/@google-cloud%2fprecise-date 634ms (cache miss)
460 silly packumentCache full:https://registry.npmjs.org/@google-cloud%2fprecise-date set size:undefined disposed:false
461 silly fetch manifest async@^3.2.4
462 silly packumentCache full:https://registry.npmjs.org/async cache-miss
463 http fetch GET 200 https://registry.npmjs.org/@inquirer%2feditor 620ms (cache miss)
464 silly packumentCache full:https://registry.npmjs.org/@inquirer%2feditor set size:undefined disposed:false
465 silly fetch manifest tar-stream@^3.0.0
466 silly packumentCache full:https://registry.npmjs.org/tar-stream cache-miss
467 http fetch GET 200 https://registry.npmjs.org/require-from-string 15ms (cache miss)
468 silly packumentCache full:https://registry.npmjs.org/require-from-string set size:undefined disposed:false
469 silly fetch manifest zip-stream@^6.0.1
470 silly packumentCache full:https://registry.npmjs.org/zip-stream cache-miss
471 http fetch GET 200 https://registry.npmjs.org/@google-cloud%2fpaginator 661ms (cache revalidated)
472 silly packumentCache full:https://registry.npmjs.org/@google-cloud%2fpaginator set size:97180 disposed:false
473 silly fetch manifest buffer-crc32@^1.0.0
474 silly packumentCache full:https://registry.npmjs.org/buffer-crc32 cache-miss
475 http fetch GET 200 https://registry.npmjs.org/async 28ms (cache miss)
476 silly packumentCache full:https://registry.npmjs.org/async set size:undefined disposed:false
477 silly fetch manifest readdir-glob@^1.1.2
478 silly packumentCache full:https://registry.npmjs.org/readdir-glob cache-miss
479 http fetch GET 200 https://registry.npmjs.org/tar-stream 27ms (cache miss)
480 silly packumentCache full:https://registry.npmjs.org/tar-stream set size:undefined disposed:false
481 silly fetch manifest archiver-utils@^5.0.2
482 silly packumentCache full:https://registry.npmjs.org/archiver-utils cache-miss
483 http fetch GET 200 https://registry.npmjs.org/readdir-glob 21ms (cache miss)
484 silly packumentCache full:https://registry.npmjs.org/readdir-glob set size:undefined disposed:false
485 silly fetch manifest readable-stream@^4.0.0
486 silly packumentCache full:https://registry.npmjs.org/readable-stream cache-miss
487 http fetch GET 200 https://registry.npmjs.org/readable-stream 19ms (cache revalidated)
488 silly packumentCache full:https://registry.npmjs.org/readable-stream set size:261096 disposed:false
489 silly fetch manifest debug@2.6.9
490 silly packumentCache full:https://registry.npmjs.org/debug cache-miss
491 http fetch GET 200 https://registry.npmjs.org/debug 21ms (cache revalidated)
492 silly packumentCache full:https://registry.npmjs.org/debug set size:195840 disposed:false
493 silly fetch manifest destroy@~1.2.0
494 silly packumentCache full:https://registry.npmjs.org/destroy cache-miss
495 http fetch GET 200 https://registry.npmjs.org/destroy 20ms (cache revalidated)
496 silly packumentCache full:https://registry.npmjs.org/destroy set size:15738 disposed:false
497 silly fetch manifest type-is@~1.6.18
498 silly packumentCache full:https://registry.npmjs.org/type-is cache-miss
499 http fetch GET 200 https://registry.npmjs.org/@inquirer%2fconfirm 495ms (cache miss)
500 silly packumentCache full:https://registry.npmjs.org/@inquirer%2fconfirm set size:undefined disposed:false
501 silly fetch manifest raw-body@~2.5.3
502 silly packumentCache full:https://registry.npmjs.org/raw-body cache-miss
503 http fetch GET 200 https://registry.npmjs.org/@inquirer%2fsearch 506ms (cache miss)
504 silly packumentCache full:https://registry.npmjs.org/@inquirer%2fsearch set size:undefined disposed:false
505 silly fetch manifest iconv-lite@~0.4.24
506 silly packumentCache full:https://registry.npmjs.org/iconv-lite cache-miss
507 http fetch GET 200 https://registry.npmjs.org/raw-body 20ms (cache revalidated)
508 silly packumentCache full:https://registry.npmjs.org/raw-body set size:120042 disposed:false
509 silly fetch manifest braces@~3.0.2
510 silly packumentCache full:https://registry.npmjs.org/braces cache-miss
511 http fetch GET 200 https://registry.npmjs.org/type-is 28ms (cache revalidated)
512 silly packumentCache full:https://registry.npmjs.org/type-is set size:88614 disposed:false
513 silly fetch manifest is-glob@~4.0.1
514 silly packumentCache full:https://registry.npmjs.org/is-glob cache-miss
515 http fetch GET 200 https://registry.npmjs.org/iconv-lite 25ms (cache revalidated)
516 silly packumentCache full:https://registry.npmjs.org/iconv-lite set size:126462 disposed:false
517 silly fetch manifest anymatch@~3.1.2
518 silly packumentCache full:https://registry.npmjs.org/anymatch cache-miss
519 http fetch GET 200 https://registry.npmjs.org/@inquirer%2frawlist 513ms (cache miss)
520 silly packumentCache full:https://registry.npmjs.org/@inquirer%2frawlist set size:undefined disposed:false
521 silly fetch manifest readdirp@~3.6.0
522 silly packumentCache full:https://registry.npmjs.org/readdirp cache-miss
523 http fetch GET 200 https://registry.npmjs.org/braces 22ms (cache miss)
524 silly packumentCache full:https://registry.npmjs.org/braces set size:undefined disposed:false
525 silly fetch manifest glob-parent@~5.1.2
526 silly packumentCache full:https://registry.npmjs.org/glob-parent cache-miss
527 http fetch GET 200 https://registry.npmjs.org/is-glob 23ms (cache miss)
528 silly packumentCache full:https://registry.npmjs.org/is-glob set size:undefined disposed:false
529 silly fetch manifest is-binary-path@~2.1.0
530 silly packumentCache full:https://registry.npmjs.org/is-binary-path cache-miss
531 http fetch GET 200 https://registry.npmjs.org/anymatch 23ms (cache miss)
532 silly packumentCache full:https://registry.npmjs.org/anymatch set size:undefined disposed:false
533 silly fetch manifest normalize-path@~3.0.0
534 silly packumentCache full:https://registry.npmjs.org/normalize-path cache-miss
535 http fetch GET 200 https://registry.npmjs.org/readdirp 20ms (cache miss)
536 silly packumentCache full:https://registry.npmjs.org/readdirp set size:undefined disposed:false
537 silly fetch manifest json-parse-helpfulerror@^1.0.3
538 silly packumentCache full:https://registry.npmjs.org/json-parse-helpfulerror cache-miss
539 http fetch GET 200 https://registry.npmjs.org/glob-parent 62ms (cache miss)
540 silly packumentCache full:https://registry.npmjs.org/glob-parent set size:undefined disposed:false
541 silly fetch manifest @colors/colors@1.5.0
542 silly packumentCache full:https://registry.npmjs.org/@colors%2fcolors cache-miss
543 http fetch GET 200 https://registry.npmjs.org/is-binary-path 60ms (cache miss)
544 silly packumentCache full:https://registry.npmjs.org/is-binary-path set size:undefined disposed:false
545 silly fetch manifest dot-prop@^5.2.0
546 silly packumentCache full:https://registry.npmjs.org/dot-prop cache-miss
547 http fetch GET 200 https://registry.npmjs.org/normalize-path 60ms (cache miss)
548 silly packumentCache full:https://registry.npmjs.org/normalize-path set size:undefined disposed:false
549 silly fetch manifest make-dir@^3.0.0
550 silly packumentCache full:https://registry.npmjs.org/make-dir cache-miss
551 http fetch GET 200 https://registry.npmjs.org/json-schema-traverse 247ms (cache miss)
552 silly packumentCache full:https://registry.npmjs.org/json-schema-traverse set size:undefined disposed:false
553 silly fetch manifest graceful-fs@^4.1.2
554 silly packumentCache full:https://registry.npmjs.org/graceful-fs cache-miss
555 http fetch GET 200 https://registry.npmjs.org/express-rate-limit 287ms (cache miss)
556 silly packumentCache full:https://registry.npmjs.org/express-rate-limit set size:undefined disposed:false
557 silly fetch manifest xdg-basedir@^4.0.0
558 silly packumentCache full:https://registry.npmjs.org/xdg-basedir cache-miss
559 http fetch GET 200 https://registry.npmjs.org/zip-stream 238ms (cache miss)
560 silly packumentCache full:https://registry.npmjs.org/zip-stream set size:undefined disposed:false
561 silly fetch manifest unique-string@^2.0.0
562 silly packumentCache full:https://registry.npmjs.org/unique-string cache-miss
563 http fetch GET 200 https://registry.npmjs.org/make-dir 22ms (cache miss)
564 silly packumentCache full:https://registry.npmjs.org/make-dir set size:undefined disposed:false
565 silly fetch manifest write-file-atomic@^3.0.0
566 silly packumentCache full:https://registry.npmjs.org/write-file-atomic cache-miss
567 http fetch GET 200 https://registry.npmjs.org/@colors%2fcolors 32ms (cache miss)
568 silly packumentCache full:https://registry.npmjs.org/@colors%2fcolors set size:undefined disposed:false
569 silly fetch manifest @apidevtools/json-schema-ref-parser@^9.0.3
570 silly packumentCache full:https://registry.npmjs.org/@apidevtools%2fjson-schema-ref-parser cache-miss
571 http fetch GET 200 https://registry.npmjs.org/dot-prop 31ms (cache miss)
572 silly packumentCache full:https://registry.npmjs.org/dot-prop set size:undefined disposed:false
573 silly fetch manifest ajv-formats@^2.1.0
574 silly packumentCache full:https://registry.npmjs.org/ajv-formats cache-hit
575 silly fetch manifest body-parser@^1.18.3
576 silly packumentCache full:https://registry.npmjs.org/body-parser cache-hit
577 silly fetch manifest deep-freeze@0.0.1
578 silly packumentCache full:https://registry.npmjs.org/deep-freeze cache-miss
579 http fetch GET 200 https://registry.npmjs.org/graceful-fs 31ms (cache miss)
580 silly packumentCache full:https://registry.npmjs.org/graceful-fs set size:undefined disposed:false
581 silly fetch manifest events-listener@^1.1.0
582 silly packumentCache full:https://registry.npmjs.org/events-listener cache-miss
583 http fetch GET 200 https://registry.npmjs.org/unique-string 22ms (cache miss)
584 silly packumentCache full:https://registry.npmjs.org/unique-string set size:undefined disposed:false
585 silly fetch manifest json-ptr@^3.0.1
586 silly packumentCache full:https://registry.npmjs.org/json-ptr cache-miss
587 http fetch GET 200 https://registry.npmjs.org/buffer-crc32 254ms (cache miss)
588 silly packumentCache full:https://registry.npmjs.org/buffer-crc32 set size:undefined disposed:false
589 silly fetch manifest lodash@^4.17.11
590 silly packumentCache full:https://registry.npmjs.org/lodash cache-miss
591 http fetch GET 200 https://registry.npmjs.org/write-file-atomic 23ms (cache miss)
592 silly packumentCache full:https://registry.npmjs.org/write-file-atomic set size:undefined disposed:false
593 silly fetch manifest openapi3-ts@^3.1.1
594 silly packumentCache full:https://registry.npmjs.org/openapi3-ts cache-miss
595 http cache https://registry.npmjs.org/lodash 6ms (cache hit)
596 silly packumentCache full:https://registry.npmjs.org/lodash set size:247652 disposed:false
597 silly fetch manifest promise-breaker@^6.0.0
598 silly packumentCache full:https://registry.npmjs.org/promise-breaker cache-miss
599 http fetch GET 200 https://registry.npmjs.org/@inquirer%2fnumber 731ms (cache miss)
600 silly packumentCache full:https://registry.npmjs.org/@inquirer%2fnumber set size:undefined disposed:false
601 silly fetch manifest raw-body@^2.3.3
602 silly packumentCache full:https://registry.npmjs.org/raw-body cache-hit
603 silly fetch manifest send@~0.19.0
604 silly packumentCache full:https://registry.npmjs.org/send cache-miss
605 http fetch GET 200 https://registry.npmjs.org/@hono%2fnode-server 453ms (cache miss)
606 silly packumentCache full:https://registry.npmjs.org/@hono%2fnode-server set size:undefined disposed:false
607 silly fetch manifest fresh@~0.5.2
608 silly packumentCache full:https://registry.npmjs.org/fresh cache-miss
609 http fetch GET 200 https://registry.npmjs.org/send 34ms (cache revalidated)
610 silly packumentCache full:https://registry.npmjs.org/send set size:152810 disposed:false
611 silly fetch manifest accepts@~1.3.8
612 silly packumentCache full:https://registry.npmjs.org/accepts cache-miss
613 http fetch GET 200 https://registry.npmjs.org/fresh 24ms (cache revalidated)
614 silly packumentCache full:https://registry.npmjs.org/fresh set size:25427 disposed:false
615 silly fetch manifest methods@~1.1.2
616 silly packumentCache full:https://registry.npmjs.org/methods cache-miss
617 http fetch GET 200 https://registry.npmjs.org/@googleapis%2fsqladmin 1025ms (cache miss)
618 silly packumentCache full:https://registry.npmjs.org/@googleapis%2fsqladmin set size:undefined disposed:false
619 silly fetch manifest utils-merge@1.0.1
620 silly packumentCache full:https://registry.npmjs.org/utils-merge cache-miss
621 http fetch GET 200 https://registry.npmjs.org/accepts 22ms (cache revalidated)
622 silly packumentCache full:https://registry.npmjs.org/accepts set size:77054 disposed:false
623 silly fetch manifest finalhandler@~1.3.1
624 silly packumentCache full:https://registry.npmjs.org/finalhandler cache-miss
625 http fetch GET 200 https://registry.npmjs.org/methods 24ms (cache revalidated)
626 silly packumentCache full:https://registry.npmjs.org/methods set size:12600 disposed:false
627 silly fetch manifest range-parser@~1.2.1
628 silly packumentCache full:https://registry.npmjs.org/range-parser cache-miss
629 http fetch GET 200 https://registry.npmjs.org/finalhandler 18ms (cache revalidated)
630 silly packumentCache full:https://registry.npmjs.org/finalhandler set size:79291 disposed:false
631 silly fetch manifest serve-static@~1.16.2
632 silly packumentCache full:https://registry.npmjs.org/serve-static cache-miss
633 http fetch GET 200 https://registry.npmjs.org/json-parse-helpfulerror 246ms (cache miss)
634 silly packumentCache full:https://registry.npmjs.org/json-parse-helpfulerror set size:undefined disposed:false
635 silly fetch manifest array-flatten@1.1.1
636 silly packumentCache full:https://registry.npmjs.org/array-flatten cache-miss
637 http fetch GET 200 https://registry.npmjs.org/pkce-challenge 553ms (cache miss)
638 silly packumentCache full:https://registry.npmjs.org/pkce-challenge set size:undefined disposed:false
639 silly fetch manifest path-to-regexp@~0.1.12
640 silly packumentCache full:https://registry.npmjs.org/path-to-regexp cache-miss
641 http fetch GET 200 https://registry.npmjs.org/serve-static 19ms (cache revalidated)
642 silly packumentCache full:https://registry.npmjs.org/serve-static set size:150391 disposed:false
643 silly fetch manifest cookie-signature@~1.0.6
644 silly packumentCache full:https://registry.npmjs.org/cookie-signature cache-miss
645 http fetch GET 200 https://registry.npmjs.org/array-flatten 18ms (cache revalidated)
646 silly packumentCache full:https://registry.npmjs.org/array-flatten set size:24005 disposed:false
647 silly fetch manifest merge-descriptors@1.0.3
648 silly packumentCache full:https://registry.npmjs.org/merge-descriptors cache-miss
649 http fetch GET 200 https://registry.npmjs.org/@inquirer%2fpassword 680ms (cache miss)
650 silly packumentCache full:https://registry.npmjs.org/@inquirer%2fpassword set size:undefined disposed:false
651 silly fetch manifest content-disposition@~0.5.4
652 silly packumentCache full:https://registry.npmjs.org/content-disposition cache-miss
653 http fetch GET 200 https://registry.npmjs.org/cookie-signature 20ms (cache revalidated)
654 silly packumentCache full:https://registry.npmjs.org/cookie-signature set size:21777 disposed:false
655 silly fetch manifest jsonfile@^6.0.1
656 silly packumentCache full:https://registry.npmjs.org/jsonfile cache-miss
657 http fetch GET 200 https://registry.npmjs.org/merge-descriptors 23ms (cache revalidated)
658 silly packumentCache full:https://registry.npmjs.org/merge-descriptors set size:16527 disposed:false
659 silly fetch manifest graceful-fs@^4.2.0
660 silly packumentCache full:https://registry.npmjs.org/graceful-fs cache-miss
661 http fetch GET 200 https://registry.npmjs.org/path-to-regexp 29ms (cache revalidated)
662 silly packumentCache full:https://registry.npmjs.org/path-to-regexp set size:216334 disposed:false
663 silly fetch manifest universalify@^2.0.0
664 silly packumentCache full:https://registry.npmjs.org/universalify cache-miss
665 http cache https://registry.npmjs.org/graceful-fs 8ms (cache hit)
666 silly packumentCache full:https://registry.npmjs.org/graceful-fs set size:124285 disposed:false
667 silly fetch manifest gcp-metadata@^6.1.0
668 silly packumentCache full:https://registry.npmjs.org/gcp-metadata cache-miss
669 http fetch GET 200 https://registry.npmjs.org/@inquirer%2fexpand 1098ms (cache miss)
670 silly packumentCache full:https://registry.npmjs.org/@inquirer%2fexpand set size:undefined disposed:false
671 silly fetch manifest argparse@^2.0.1
672 silly packumentCache full:https://registry.npmjs.org/argparse cache-miss
673 http fetch GET 200 https://registry.npmjs.org/universalify 17ms (cache miss)
674 silly packumentCache full:https://registry.npmjs.org/universalify set size:undefined disposed:false
675 silly fetch manifest libsodium@^0.7.16
676 silly packumentCache full:https://registry.npmjs.org/libsodium cache-miss
677 http fetch GET 200 https://registry.npmjs.org/content-disposition 28ms (cache revalidated)
678 silly packumentCache full:https://registry.npmjs.org/content-disposition set size:42862 disposed:false
679 silly fetch manifest ansi-escapes@^7.0.0
680 silly packumentCache full:https://registry.npmjs.org/ansi-escapes cache-miss
681 http fetch GET 200 https://registry.npmjs.org/jsonfile 29ms (cache miss)
682 silly packumentCache full:https://registry.npmjs.org/jsonfile set size:undefined disposed:false
683 silly fetch manifest ansi-regex@^6.1.0
684 silly packumentCache full:https://registry.npmjs.org/ansi-regex cache-miss
685 http fetch GET 200 https://registry.npmjs.org/xdg-basedir 254ms (cache miss)
686 silly packumentCache full:https://registry.npmjs.org/xdg-basedir set size:undefined disposed:false
687 silly fetch manifest chalk@^5.4.1
688 silly packumentCache full:https://registry.npmjs.org/chalk cache-miss
689 http cache https://registry.npmjs.org/ansi-regex 7ms (cache hit)
690 silly packumentCache full:https://registry.npmjs.org/ansi-regex set size:43572 disposed:false
691 silly fetch manifest cli-highlight@^2.1.11
692 silly packumentCache full:https://registry.npmjs.org/cli-highlight cache-miss
693 http fetch GET 200 https://registry.npmjs.org/argparse 24ms (cache miss)
694 silly packumentCache full:https://registry.npmjs.org/argparse set size:undefined disposed:false
695 silly fetch manifest node-emoji@^2.2.0
696 silly packumentCache full:https://registry.npmjs.org/node-emoji cache-miss
697 http fetch GET 200 https://registry.npmjs.org/gcp-metadata 30ms (cache revalidated)
698 silly packumentCache full:https://registry.npmjs.org/gcp-metadata set size:200440 disposed:false
699 silly fetch manifest supports-hyperlinks@^3.1.0
700 silly packumentCache full:https://registry.npmjs.org/supports-hyperlinks cache-miss
701 http fetch GET 200 https://registry.npmjs.org/events-listener 244ms (cache miss)
702 silly packumentCache full:https://registry.npmjs.org/events-listener set size:undefined disposed:false
703 silly fetch manifest brace-expansion@^1.1.7
704 silly packumentCache full:https://registry.npmjs.org/brace-expansion cache-miss
705 http fetch GET 200 https://registry.npmjs.org/deep-freeze 257ms (cache miss)
706 silly packumentCache full:https://registry.npmjs.org/deep-freeze set size:undefined disposed:false
707 silly fetch manifest basic-auth@~2.0.1
708 silly packumentCache full:https://registry.npmjs.org/basic-auth cache-miss
709 http fetch GET 200 https://registry.npmjs.org/chalk 28ms (cache miss)
710 silly packumentCache full:https://registry.npmjs.org/chalk set size:undefined disposed:false
711 silly fetch manifest on-headers@~1.1.0
712 silly packumentCache full:https://registry.npmjs.org/on-headers cache-miss
713 http fetch GET 200 https://registry.npmjs.org/ansi-escapes 36ms (cache miss)
714 silly packumentCache full:https://registry.npmjs.org/ansi-escapes set size:undefined disposed:false
715 silly fetch manifest is-wsl@^1.1.0
716 silly packumentCache full:https://registry.npmjs.org/is-wsl cache-miss
717 http cache https://registry.npmjs.org/brace-expansion 16ms (cache hit)
718 silly packumentCache full:https://registry.npmjs.org/brace-expansion set size:101024 disposed:false
719 silly fetch manifest bl@^4.1.0
720 silly packumentCache full:https://registry.npmjs.org/bl cache-miss
721 http fetch GET 200 https://registry.npmjs.org/openapi3-ts 255ms (cache miss)
722 silly packumentCache full:https://registry.npmjs.org/openapi3-ts set size:undefined disposed:false
723 silly fetch manifest chalk@^4.1.0
724 silly packumentCache full:https://registry.npmjs.org/chalk cache-miss
725 http fetch GET 200 https://registry.npmjs.org/node-emoji 36ms (cache miss)
726 silly packumentCache full:https://registry.npmjs.org/node-emoji set size:undefined disposed:false
727 silly fetch manifest wcwidth@^1.0.1
728 silly packumentCache full:https://registry.npmjs.org/wcwidth cache-miss
729 http fetch GET 200 https://registry.npmjs.org/supports-hyperlinks 36ms (cache miss)
730 silly packumentCache full:https://registry.npmjs.org/supports-hyperlinks set size:undefined disposed:false
731 silly fetch manifest cli-cursor@^3.1.0
732 silly packumentCache full:https://registry.npmjs.org/cli-cursor cache-miss
733 http fetch GET 200 https://registry.npmjs.org/archiver-utils 518ms (cache miss)
734 silly packumentCache full:https://registry.npmjs.org/archiver-utils set size:undefined disposed:false
735 silly fetch manifest log-symbols@^4.1.0
736 silly packumentCache full:https://registry.npmjs.org/log-symbols cache-miss
737 http cache https://registry.npmjs.org/chalk 14ms (cache hit)
738 silly packumentCache full:https://registry.npmjs.org/chalk set size:134775 disposed:false
739 silly fetch manifest cli-spinners@^2.5.0
740 silly packumentCache full:https://registry.npmjs.org/cli-spinners cache-miss
741 http fetch GET 200 https://registry.npmjs.org/is-wsl 27ms (cache miss)
742 silly packumentCache full:https://registry.npmjs.org/is-wsl set size:undefined disposed:false
743 silly fetch manifest is-interactive@^1.0.0
744 silly packumentCache full:https://registry.npmjs.org/is-interactive cache-miss
745 http fetch GET 200 https://registry.npmjs.org/bl 28ms (cache miss)
746 silly packumentCache full:https://registry.npmjs.org/bl set size:undefined disposed:false
747 silly fetch manifest is-unicode-supported@^0.1.0
748 silly packumentCache full:https://registry.npmjs.org/is-unicode-supported cache-miss
749 http fetch GET 200 https://registry.npmjs.org/json-ptr 294ms (cache miss)
750 silly packumentCache full:https://registry.npmjs.org/json-ptr set size:undefined disposed:false
751 silly fetch manifest pgpass@1.0.5
752 silly packumentCache full:https://registry.npmjs.org/pgpass cache-miss
753 http fetch GET 200 https://registry.npmjs.org/log-symbols 32ms (cache miss)
754 silly packumentCache full:https://registry.npmjs.org/log-symbols set size:undefined disposed:false
755 silly fetch manifest pg-pool@^3.14.0
756 silly packumentCache full:https://registry.npmjs.org/pg-pool cache-miss
757 http fetch GET 200 https://registry.npmjs.org/cli-spinners 30ms (cache miss)
758 silly packumentCache full:https://registry.npmjs.org/cli-spinners set size:undefined disposed:false
759 silly fetch manifest pg-types@2.2.0
760 silly packumentCache full:https://registry.npmjs.org/pg-types cache-miss
761 http fetch GET 200 https://registry.npmjs.org/cli-cursor 37ms (cache miss)
762 silly packumentCache full:https://registry.npmjs.org/cli-cursor set size:undefined disposed:false
763 silly fetch manifest pg-protocol@^1.15.0
764 silly packumentCache full:https://registry.npmjs.org/pg-protocol cache-miss
765 http fetch GET 200 https://registry.npmjs.org/is-interactive 28ms (cache miss)
766 silly packumentCache full:https://registry.npmjs.org/is-interactive set size:undefined disposed:false
767 silly fetch manifest pg-connection-string@^2.14.0
768 silly packumentCache full:https://registry.npmjs.org/pg-connection-string cache-miss
769 http fetch GET 200 https://registry.npmjs.org/is-unicode-supported 23ms (cache miss)
770 silly packumentCache full:https://registry.npmjs.org/is-unicode-supported set size:undefined disposed:false
771 silly fetch manifest pg-cloudflare@^1.4.0
772 silly packumentCache full:https://registry.npmjs.org/pg-cloudflare cache-miss
773 http fetch GET 200 https://registry.npmjs.org/pgpass 31ms (cache miss)
774 silly packumentCache full:https://registry.npmjs.org/pgpass set size:undefined disposed:false
775 silly fetch manifest async@^3.2.6
776 silly packumentCache full:https://registry.npmjs.org/async cache-miss
777 http fetch GET 200 https://registry.npmjs.org/pg-connection-string 20ms (cache miss)
778 silly packumentCache full:https://registry.npmjs.org/pg-connection-string set size:undefined disposed:false
779 silly fetch manifest lru-cache@^7.14.1
780 silly packumentCache full:https://registry.npmjs.org/lru-cache cache-miss
781 http fetch GET 200 https://registry.npmjs.org/pg-cloudflare 28ms (cache miss)
782 silly packumentCache full:https://registry.npmjs.org/pg-cloudflare set size:undefined disposed:false
783 silly fetch manifest proxy-from-env@^1.1.0
784 silly packumentCache full:https://registry.npmjs.org/proxy-from-env cache-miss
785 http cache https://registry.npmjs.org/async 15ms (cache hit)
786 silly packumentCache full:https://registry.npmjs.org/async set size:230482 disposed:false
787 silly fetch manifest pac-proxy-agent@^7.1.0
788 silly packumentCache full:https://registry.npmjs.org/pac-proxy-agent cache-miss
789 http cache https://registry.npmjs.org/lru-cache 17ms (cache hit)
790 silly packumentCache full:https://registry.npmjs.org/lru-cache set size:460407 disposed:false
791 silly fetch manifest http-proxy-agent@^7.0.1
792 silly packumentCache full:https://registry.npmjs.org/http-proxy-agent cache-miss
793 http cache https://registry.npmjs.org/http-proxy-agent 4ms (cache hit)
794 silly packumentCache full:https://registry.npmjs.org/http-proxy-agent set size:57253 disposed:false
795 silly fetch manifest socks-proxy-agent@^8.0.5
796 silly packumentCache full:https://registry.npmjs.org/socks-proxy-agent cache-miss
797 http fetch GET 200 https://registry.npmjs.org/utils-merge 249ms (cache revalidated)
798 silly packumentCache full:https://registry.npmjs.org/utils-merge set size:5237 disposed:false
799 silly fetch manifest nearley@^2.20.1
800 silly packumentCache full:https://registry.npmjs.org/nearley cache-miss
801 http fetch GET 200 https://registry.npmjs.org/pac-proxy-agent 19ms (cache miss)
802 silly packumentCache full:https://registry.npmjs.org/pac-proxy-agent set size:undefined disposed:false
803 silly fetch manifest is-url@^1.2.2
804 silly packumentCache full:https://registry.npmjs.org/is-url cache-miss
805 http fetch GET 200 https://registry.npmjs.org/proxy-from-env 28ms (cache miss)
806 silly packumentCache full:https://registry.npmjs.org/proxy-from-env set size:undefined disposed:false
807 silly fetch manifest connect@^3.7.0
808 silly packumentCache full:https://registry.npmjs.org/connect cache-miss
809 http fetch GET 200 https://registry.npmjs.org/socks-proxy-agent 19ms (cache miss)
810 silly packumentCache full:https://registry.npmjs.org/socks-proxy-agent set size:undefined disposed:false
811 silly fetch manifest destroy@^1.0.4
812 silly packumentCache full:https://registry.npmjs.org/destroy cache-hit
813 silly fetch manifest commander@^10.0.0
814 silly packumentCache full:https://registry.npmjs.org/commander cache-miss
815 http fetch GET 200 https://registry.npmjs.org/is-url 16ms (cache miss)
816 silly packumentCache full:https://registry.npmjs.org/is-url set size:undefined disposed:false
817 silly fetch manifest join-path@^1.1.1
818 silly packumentCache full:https://registry.npmjs.org/join-path cache-miss
819 http cache https://registry.npmjs.org/commander 6ms (cache hit)
820 silly packumentCache full:https://registry.npmjs.org/commander set size:353115 disposed:false
821 silly fetch manifest minimatch@^6.1.6
822 silly packumentCache full:https://registry.npmjs.org/minimatch cache-hit
823 silly fetch manifest on-headers@^1.0.0
824 silly packumentCache full:https://registry.npmjs.org/on-headers cache-miss
825 http fetch GET 200 https://registry.npmjs.org/range-parser 255ms (cache revalidated)
826 silly packumentCache full:https://registry.npmjs.org/range-parser set size:24852 disposed:false
827 silly fetch manifest compression@^1.7.0
828 silly packumentCache full:https://registry.npmjs.org/compression cache-miss
829 http fetch GET 200 https://registry.npmjs.org/libsodium 238ms (cache miss)
830 silly packumentCache full:https://registry.npmjs.org/libsodium set size:undefined disposed:false
831 silly fetch manifest glob-slasher@^1.0.1
832 silly packumentCache full:https://registry.npmjs.org/glob-slasher cache-miss
833 http fetch GET 200 https://registry.npmjs.org/cli-highlight 252ms (cache miss)
834 silly packumentCache full:https://registry.npmjs.org/cli-highlight set size:undefined disposed:false
835 silly fetch manifest path-to-regexp@^1.9.0
836 silly packumentCache full:https://registry.npmjs.org/path-to-regexp cache-hit
837 silly fetch manifest basic-auth-connect@^1.1.0
838 silly packumentCache full:https://registry.npmjs.org/basic-auth-connect cache-miss
839 http fetch GET 200 https://registry.npmjs.org/promise-breaker 471ms (cache miss)
840 silly packumentCache full:https://registry.npmjs.org/promise-breaker set size:undefined disposed:false
841 silly fetch manifest re2@^1.17.7
842 silly packumentCache full:https://registry.npmjs.org/re2 cache-miss
843 http fetch GET 200 https://registry.npmjs.org/on-headers 237ms (cache miss)
844 silly packumentCache full:https://registry.npmjs.org/on-headers set size:undefined disposed:false
845 silly fetch manifest chownr@^3.0.0
846 silly packumentCache full:https://registry.npmjs.org/chownr cache-miss
847 http fetch GET 200 https://registry.npmjs.org/on-headers 103ms (cache miss)
848 silly packumentCache full:https://registry.npmjs.org/on-headers set size:undefined disposed:false
849 silly fetch manifest yallist@^5.0.0
850 silly packumentCache full:https://registry.npmjs.org/yallist cache-miss
851 http fetch GET 200 https://registry.npmjs.org/basic-auth 252ms (cache miss)
852 silly packumentCache full:https://registry.npmjs.org/basic-auth set size:undefined disposed:false
853 silly fetch manifest minizlib@^3.1.0
854 silly packumentCache full:https://registry.npmjs.org/minizlib cache-miss
855 http fetch GET 200 https://registry.npmjs.org/wcwidth 239ms (cache miss)
856 silly packumentCache full:https://registry.npmjs.org/wcwidth set size:undefined disposed:false
857 silly fetch manifest @isaacs/fs-minipass@^4.0.0
858 silly packumentCache full:https://registry.npmjs.org/@isaacs%2ffs-minipass cache-miss
859 http fetch GET 200 https://registry.npmjs.org/chownr 19ms (cache miss)
860 silly packumentCache full:https://registry.npmjs.org/chownr set size:undefined disposed:false
861 silly fetch manifest debug@4.3.1
862 silly packumentCache full:https://registry.npmjs.org/debug cache-hit
863 silly fetch manifest is2@2.0.1
864 silly packumentCache full:https://registry.npmjs.org/is2 cache-miss
865 http fetch GET 200 https://registry.npmjs.org/yallist 20ms (cache revalidated)
866 silly packumentCache full:https://registry.npmjs.org/yallist set size:34610 disposed:false
867 silly fetch manifest uuid@11.1.1
868 silly packumentCache full:https://registry.npmjs.org/uuid cache-miss
869 http cache https://registry.npmjs.org/uuid 4ms (cache hit)
870 silly packumentCache full:https://registry.npmjs.org/uuid set size:256419 disposed:false
871 silly fetch manifest boxen@^5.0.0
872 silly packumentCache full:https://registry.npmjs.org/boxen cache-miss
873 http fetch GET 200 https://registry.npmjs.org/minizlib 23ms (cache miss)
874 silly packumentCache full:https://registry.npmjs.org/minizlib set size:undefined disposed:false
875 silly fetch manifest has-yarn@^2.1.0
876 silly packumentCache full:https://registry.npmjs.org/has-yarn cache-miss
877 http fetch GET 200 https://registry.npmjs.org/pg-protocol 258ms (cache miss)
878 silly packumentCache full:https://registry.npmjs.org/pg-protocol set size:undefined disposed:false
879 silly fetch manifest import-lazy@^2.1.0
880 silly packumentCache full:https://registry.npmjs.org/import-lazy cache-miss
881 http fetch GET 200 https://registry.npmjs.org/pg-pool 264ms (cache miss)
882 silly packumentCache full:https://registry.npmjs.org/pg-pool set size:undefined disposed:false
883 silly fetch manifest is-ci@^2.0.0
884 silly packumentCache full:https://registry.npmjs.org/is-ci cache-miss
885 http fetch GET 200 https://registry.npmjs.org/pg-types 266ms (cache miss)
886 silly packumentCache full:https://registry.npmjs.org/pg-types set size:undefined disposed:false
887 silly fetch manifest is-installed-globally@^0.4.0
888 silly packumentCache full:https://registry.npmjs.org/is-installed-globally cache-miss
889 http fetch GET 200 https://registry.npmjs.org/is-ci 16ms (cache miss)
890 silly packumentCache full:https://registry.npmjs.org/is-ci set size:undefined disposed:false
891 silly fetch manifest is-npm@^5.0.0
892 silly packumentCache full:https://registry.npmjs.org/is-npm cache-miss
893 http fetch GET 200 https://registry.npmjs.org/join-path 247ms (cache miss)
894 silly packumentCache full:https://registry.npmjs.org/join-path set size:undefined disposed:false
895 silly fetch manifest is-yarn-global@^0.3.0
896 silly packumentCache full:https://registry.npmjs.org/is-yarn-global cache-miss
897 http fetch GET 200 https://registry.npmjs.org/compression 258ms (cache miss)
898 silly packumentCache full:https://registry.npmjs.org/compression set size:undefined disposed:false
899 silly fetch manifest isomorphic-fetch@^3.0.0
900 silly packumentCache full:https://registry.npmjs.org/isomorphic-fetch cache-miss
901 http fetch GET 200 https://registry.npmjs.org/is-yarn-global 23ms (cache miss)
902 silly packumentCache full:https://registry.npmjs.org/is-yarn-global set size:undefined disposed:false
903 silly fetch manifest pupa@^2.1.1
904 silly packumentCache full:https://registry.npmjs.org/pupa cache-miss
905 http fetch GET 200 https://registry.npmjs.org/connect 288ms (cache miss)
906 silly packumentCache full:https://registry.npmjs.org/connect set size:undefined disposed:false
907 silly fetch manifest registry-auth-token@^5.0.1
908 silly packumentCache full:https://registry.npmjs.org/registry-auth-token cache-miss
909 http fetch GET 200 https://registry.npmjs.org/registry-auth-token 26ms (cache miss)
910 silly packumentCache full:https://registry.npmjs.org/registry-auth-token set size:undefined disposed:false
911 silly fetch manifest registry-url@^5.1.0
912 silly packumentCache full:https://registry.npmjs.org/registry-url cache-miss
913 http fetch GET 200 https://registry.npmjs.org/glob-slasher 252ms (cache miss)
914 silly packumentCache full:https://registry.npmjs.org/glob-slasher set size:undefined disposed:false
915 silly fetch manifest semver-diff@^3.1.1
916 silly packumentCache full:https://registry.npmjs.org/semver-diff cache-miss
917 http fetch GET 200 https://registry.npmjs.org/re2 251ms (cache miss)
918 silly packumentCache full:https://registry.npmjs.org/re2 set size:undefined disposed:false
919 silly fetch manifest async@^3.2.3
920 silly packumentCache full:https://registry.npmjs.org/async cache-hit
921 silly fetch manifest logform@^2.7.0
922 silly packumentCache full:https://registry.npmjs.org/logform cache-miss
923 http fetch GET 200 https://registry.npmjs.org/basic-auth-connect 257ms (cache miss)
924 silly packumentCache full:https://registry.npmjs.org/basic-auth-connect set size:undefined disposed:false
925 silly fetch manifest one-time@^1.0.0
926 silly packumentCache full:https://registry.npmjs.org/one-time cache-miss
927 http fetch GET 200 https://registry.npmjs.org/@apidevtools%2fjson-schema-ref-parser 759ms (cache miss)
928 silly packumentCache full:https://registry.npmjs.org/@apidevtools%2fjson-schema-ref-parser set size:undefined disposed:false
929 silly fetch manifest stack-trace@0.0.x
930 silly packumentCache full:https://registry.npmjs.org/stack-trace cache-miss
931 http fetch GET 200 https://registry.npmjs.org/is2 242ms (cache miss)
932 silly packumentCache full:https://registry.npmjs.org/is2 set size:undefined disposed:false
933 silly fetch manifest @colors/colors@^1.6.0
934 silly packumentCache full:https://registry.npmjs.org/@colors%2fcolors cache-miss
935 http cache https://registry.npmjs.org/@colors%2fcolors 5ms (cache hit)
936 silly packumentCache full:https://registry.npmjs.org/@colors%2fcolors set size:12042 disposed:false
937 silly fetch manifest @dabh/diagnostics@^2.0.8
938 silly packumentCache full:https://registry.npmjs.org/@dabh%2fdiagnostics cache-miss
939 http fetch GET 200 https://registry.npmjs.org/one-time 22ms (cache miss)
940 silly packumentCache full:https://registry.npmjs.org/one-time set size:undefined disposed:false
941 silly fetch manifest winston-transport@^4.9.0
942 silly packumentCache full:https://registry.npmjs.org/winston-transport cache-miss
943 http fetch GET 200 https://registry.npmjs.org/logform 26ms (cache miss)
944 silly packumentCache full:https://registry.npmjs.org/logform set size:undefined disposed:false
945 silly fetch manifest safe-stable-stringify@^2.3.1
946 silly packumentCache full:https://registry.npmjs.org/safe-stable-stringify cache-miss
947 http fetch GET 200 https://registry.npmjs.org/has-yarn 240ms (cache miss)
948 silly packumentCache full:https://registry.npmjs.org/has-yarn set size:undefined disposed:false
949 http cache https://registry.npmjs.org/winston-transport 8ms (cache hit)
950 silly packumentCache full:https://registry.npmjs.org/winston-transport set size:60135 disposed:false
951 http fetch GET 200 https://registry.npmjs.org/stack-trace 24ms (cache miss)
952 silly packumentCache full:https://registry.npmjs.org/stack-trace set size:undefined disposed:false
953 http fetch GET 200 https://registry.npmjs.org/boxen 255ms (cache miss)
954 silly packumentCache full:https://registry.npmjs.org/boxen set size:undefined disposed:false
955 http fetch GET 200 https://registry.npmjs.org/@dabh%2fdiagnostics 22ms (cache miss)
956 silly packumentCache full:https://registry.npmjs.org/@dabh%2fdiagnostics set size:undefined disposed:false
957 http fetch GET 200 https://registry.npmjs.org/import-lazy 250ms (cache miss)
958 silly packumentCache full:https://registry.npmjs.org/import-lazy set size:undefined disposed:false
959 http fetch GET 200 https://registry.npmjs.org/is-installed-globally 246ms (cache miss)
960 silly packumentCache full:https://registry.npmjs.org/is-installed-globally set size:undefined disposed:false
961 http fetch GET 200 https://registry.npmjs.org/nearley 477ms (cache miss)
962 silly packumentCache full:https://registry.npmjs.org/nearley set size:undefined disposed:false
963 http fetch GET 200 https://registry.npmjs.org/is-npm 265ms (cache miss)
964 silly packumentCache full:https://registry.npmjs.org/is-npm set size:undefined disposed:false
965 http fetch GET 200 https://registry.npmjs.org/pupa 236ms (cache miss)
966 silly packumentCache full:https://registry.npmjs.org/pupa set size:undefined disposed:false
967 http fetch GET 200 https://registry.npmjs.org/isomorphic-fetch 260ms (cache miss)
968 silly packumentCache full:https://registry.npmjs.org/isomorphic-fetch set size:undefined disposed:false
969 http fetch GET 200 https://registry.npmjs.org/registry-url 250ms (cache miss)
970 silly packumentCache full:https://registry.npmjs.org/registry-url set size:undefined disposed:false
971 http fetch GET 200 https://registry.npmjs.org/semver-diff 248ms (cache miss)
972 silly packumentCache full:https://registry.npmjs.org/semver-diff set size:undefined disposed:false
973 http fetch GET 200 https://registry.npmjs.org/safe-stable-stringify 258ms (cache miss)
974 silly packumentCache full:https://registry.npmjs.org/safe-stable-stringify set size:undefined disposed:false
975 http fetch GET 200 https://registry.npmjs.org/@isaacs%2ffs-minipass 671ms (cache miss)
976 silly packumentCache full:https://registry.npmjs.org/@isaacs%2ffs-minipass set size:undefined disposed:false
977 silly placeDep ROOT @googleapis/sqladmin@37.0.0 OK for: @google-cloud/cloud-sql-connector@1.11.3 want: ^37.0.0
978 silly placeDep node_modules/@google-cloud/cloud-sql-connector gaxios@7.3.0 OK for: @google-cloud/cloud-sql-connector@1.11.3 want: ^7.1.4
979 silly placeDep ROOT p-throttle@8.1.0 OK for: @google-cloud/cloud-sql-connector@1.11.3 want: ^8.1.0
980 silly fetch manifest googleapis-common@^8.0.0
981 silly packumentCache full:https://registry.npmjs.org/googleapis-common cache-miss
982 silly fetch manifest node-fetch@^3.3.2
983 silly packumentCache full:https://registry.npmjs.org/node-fetch cache-miss
984 http cache https://registry.npmjs.org/node-fetch 6ms (cache hit)
985 silly packumentCache full:https://registry.npmjs.org/node-fetch set size:896010 disposed:false
986 http fetch GET 200 https://registry.npmjs.org/googleapis-common 622ms (cache miss)
987 silly packumentCache full:https://registry.npmjs.org/googleapis-common set size:undefined disposed:false
988 silly placeDep node_modules/@google-cloud/pubsub @google-cloud/paginator@6.1.0 OK for: @google-cloud/pubsub@5.3.1 want: ^6.0.0
989 silly placeDep ROOT @google-cloud/precise-date@5.2.0 OK for: @google-cloud/pubsub@5.3.1 want: ^5.0.0
990 silly placeDep node_modules/@google-cloud/pubsub @google-cloud/projectify@5.2.0 OK for: @google-cloud/pubsub@5.3.1 want: ^5.0.0
991 silly placeDep node_modules/@google-cloud/pubsub @google-cloud/promisify@5.1.0 OK for: @google-cloud/pubsub@5.3.1 want: ^5.0.0
992 silly placeDep ROOT @opentelemetry/api@1.9.1 OK for: @google-cloud/pubsub@5.3.1 want: ~1.9.0
993 silly placeDep ROOT @opentelemetry/core@1.30.1 OK for: @google-cloud/pubsub@5.3.1 want: ^1.30.1
994 silly placeDep ROOT @opentelemetry/semantic-conventions@1.39.0 OK for: @google-cloud/pubsub@5.3.1 want: ~1.39.0
995 silly placeDep ROOT heap-js@2.7.1 OK for: @google-cloud/pubsub@5.3.1 want: ^2.6.0
996 silly placeDep ROOT is-stream-ended@0.1.4 OK for: @google-cloud/pubsub@5.3.1 want: ^0.1.4
997 silly placeDep ROOT lodash.snakecase@4.1.1 OK for: @google-cloud/pubsub@5.3.1 want: ^4.1.1
998 silly placeDep ROOT p-defer@3.0.0 OK for: @google-cloud/pubsub@5.3.1 want: ^3.0.0
999 silly fetch manifest @opentelemetry/semantic-conventions@1.28.0
1000 silly packumentCache full:https://registry.npmjs.org/@opentelemetry%2fsemantic-conventions cache-miss
1001 http cache https://registry.npmjs.org/@opentelemetry%2fsemantic-conventions 5ms (cache hit)
1002 silly packumentCache full:https://registry.npmjs.org/@opentelemetry%2fsemantic-conventions set size:428824 disposed:false
1003 silly placeDep ROOT googleapis-common@8.0.3 OK for: @googleapis/sqladmin@37.0.0 want: ^8.0.0
1004 silly fetch manifest gaxios@7.1.3
1005 silly packumentCache full:https://registry.npmjs.org/gaxios cache-hit
1006 silly fetch manifest url-template@^2.0.8
1007 silly packumentCache full:https://registry.npmjs.org/url-template cache-miss
1008 silly fetch manifest google-auth-library@10.5.0
1009 silly packumentCache full:https://registry.npmjs.org/google-auth-library cache-hit
1010 http fetch GET 200 https://registry.npmjs.org/url-template 23ms (cache miss)
1011 silly packumentCache full:https://registry.npmjs.org/url-template set size:undefined disposed:false
1012 silly placeDep ROOT @inquirer/checkbox@4.3.2 OK for: @inquirer/prompts@7.10.1 want: ^4.3.2
1013 silly placeDep ROOT @inquirer/confirm@5.1.21 OK for: @inquirer/prompts@7.10.1 want: ^5.1.21
1014 silly placeDep ROOT @inquirer/editor@4.2.23 OK for: @inquirer/prompts@7.10.1 want: ^4.2.23
1015 silly placeDep ROOT @inquirer/expand@4.0.23 OK for: @inquirer/prompts@7.10.1 want: ^4.0.23
1016 silly placeDep ROOT @inquirer/input@4.3.1 OK for: @inquirer/prompts@7.10.1 want: ^4.3.1
1017 silly placeDep ROOT @inquirer/number@3.0.23 OK for: @inquirer/prompts@7.10.1 want: ^3.0.23
1018 silly placeDep ROOT @inquirer/password@4.0.23 OK for: @inquirer/prompts@7.10.1 want: ^4.0.23
1019 silly placeDep ROOT @inquirer/rawlist@4.1.11 OK for: @inquirer/prompts@7.10.1 want: ^4.1.11
1020 silly placeDep ROOT @inquirer/search@3.2.2 OK for: @inquirer/prompts@7.10.1 want: ^3.2.2
1021 silly placeDep ROOT @inquirer/select@4.4.2 OK for: @inquirer/prompts@7.10.1 want: ^4.4.2
1022 silly fetch manifest @inquirer/ansi@^1.0.2
1023 silly packumentCache full:https://registry.npmjs.org/@inquirer%2fansi cache-miss
1024 silly fetch manifest @inquirer/core@^10.3.2
1025 silly packumentCache full:https://registry.npmjs.org/@inquirer%2fcore cache-miss
1026 silly fetch manifest @inquirer/type@^3.0.10
1027 silly packumentCache full:https://registry.npmjs.org/@inquirer%2ftype cache-miss
1028 silly fetch manifest yoctocolors-cjs@^2.1.3
1029 silly packumentCache full:https://registry.npmjs.org/yoctocolors-cjs cache-miss
1030 silly fetch manifest @inquirer/figures@^1.0.15
1031 silly packumentCache full:https://registry.npmjs.org/@inquirer%2ffigures cache-miss
1032 silly fetch manifest @inquirer/core@^10.3.2
1033 silly packumentCache full:https://registry.npmjs.org/@inquirer%2fcore cache-miss
1034 silly fetch manifest @inquirer/type@^3.0.10
1035 silly packumentCache full:https://registry.npmjs.org/@inquirer%2ftype cache-miss
1036 silly fetch manifest @inquirer/core@^10.3.2
1037 silly packumentCache full:https://registry.npmjs.org/@inquirer%2fcore cache-miss
1038 silly fetch manifest @inquirer/type@^3.0.10
1039 silly packumentCache full:https://registry.npmjs.org/@inquirer%2ftype cache-miss
1040 silly fetch manifest @inquirer/external-editor@^1.0.3
1041 silly packumentCache full:https://registry.npmjs.org/@inquirer%2fexternal-editor cache-miss
1042 silly fetch manifest @inquirer/core@^10.3.2
1043 silly packumentCache full:https://registry.npmjs.org/@inquirer%2fcore cache-miss
1044 silly fetch manifest @inquirer/type@^3.0.10
1045 silly packumentCache full:https://registry.npmjs.org/@inquirer%2ftype cache-miss
1046 silly fetch manifest yoctocolors-cjs@^2.1.3
1047 silly packumentCache full:https://registry.npmjs.org/yoctocolors-cjs cache-miss
1048 silly fetch manifest @inquirer/core@^10.3.2
1049 silly packumentCache full:https://registry.npmjs.org/@inquirer%2fcore cache-miss
1050 silly fetch manifest @inquirer/type@^3.0.10
1051 silly packumentCache full:https://registry.npmjs.org/@inquirer%2ftype cache-miss
1052 http fetch GET 200 https://registry.npmjs.org/yoctocolors-cjs 248ms (cache miss)
1053 silly packumentCache full:https://registry.npmjs.org/yoctocolors-cjs set size:undefined disposed:false
1054 silly fetch manifest @inquirer/core@^10.3.2
1055 silly packumentCache full:https://registry.npmjs.org/@inquirer%2fcore cache-miss
1056 http fetch GET 200 https://registry.npmjs.org/@inquirer%2ftype 254ms (cache miss)
1057 silly packumentCache full:https://registry.npmjs.org/@inquirer%2ftype set size:undefined disposed:false
1058 silly fetch manifest @inquirer/ansi@^1.0.2
1059 silly packumentCache full:https://registry.npmjs.org/@inquirer%2fansi cache-miss
1060 http fetch GET 200 https://registry.npmjs.org/@inquirer%2ftype 421ms (cache miss)
1061 silly packumentCache full:https://registry.npmjs.org/@inquirer%2ftype set size:undefined disposed:false
1062 silly fetch manifest @inquirer/core@^10.3.2
1063 silly packumentCache full:https://registry.npmjs.org/@inquirer%2fcore cache-miss
1064 http fetch GET 200 https://registry.npmjs.org/@inquirer%2fcore 459ms (cache miss)
1065 silly packumentCache full:https://registry.npmjs.org/@inquirer%2fcore set size:undefined disposed:false
1066 silly fetch manifest @inquirer/figures@^1.0.15
1067 silly packumentCache full:https://registry.npmjs.org/@inquirer%2ffigures cache-miss
1068 http fetch GET 200 https://registry.npmjs.org/@inquirer%2ftype 482ms (cache miss)
1069 silly packumentCache full:https://registry.npmjs.org/@inquirer%2ftype set size:undefined disposed:false
1070 silly fetch manifest @inquirer/ansi@^1.0.2
1071 silly packumentCache full:https://registry.npmjs.org/@inquirer%2fansi cache-miss
1072 http fetch GET 200 https://registry.npmjs.org/@inquirer%2fansi 493ms (cache miss)
1073 silly packumentCache full:https://registry.npmjs.org/@inquirer%2fansi set size:undefined disposed:false
1074 silly fetch manifest @inquirer/figures@^1.0.15
1075 silly packumentCache full:https://registry.npmjs.org/@inquirer%2ffigures cache-miss
1076 http fetch GET 200 https://registry.npmjs.org/@inquirer%2ffigures 499ms (cache miss)
1077 silly packumentCache full:https://registry.npmjs.org/@inquirer%2ffigures set size:undefined disposed:false
1078 http fetch GET 200 https://registry.npmjs.org/@inquirer%2fcore 260ms (cache miss)
1079 silly packumentCache full:https://registry.npmjs.org/@inquirer%2fcore set size:undefined disposed:false
1080 http fetch GET 200 https://registry.npmjs.org/@inquirer%2fcore 511ms (cache miss)
1081 silly packumentCache full:https://registry.npmjs.org/@inquirer%2fcore set size:undefined disposed:false
1082 http fetch GET 200 https://registry.npmjs.org/yoctocolors-cjs 589ms (cache miss)
1083 silly packumentCache full:https://registry.npmjs.org/yoctocolors-cjs set size:undefined disposed:false
1084 http fetch GET 200 https://registry.npmjs.org/@inquirer%2ftype 656ms (cache miss)
1085 silly packumentCache full:https://registry.npmjs.org/@inquirer%2ftype set size:undefined disposed:false
1086 http fetch GET 200 https://registry.npmjs.org/@inquirer%2ftype 658ms (cache miss)
1087 silly packumentCache full:https://registry.npmjs.org/@inquirer%2ftype set size:undefined disposed:false
1088 http fetch GET 200 https://registry.npmjs.org/@inquirer%2fcore 741ms (cache miss)
1089 silly packumentCache full:https://registry.npmjs.org/@inquirer%2fcore set size:undefined disposed:false
1090 http fetch GET 200 https://registry.npmjs.org/@inquirer%2ffigures 256ms (cache miss)
1091 silly packumentCache full:https://registry.npmjs.org/@inquirer%2ffigures set size:undefined disposed:false
1092 http fetch GET 200 https://registry.npmjs.org/@inquirer%2fexternal-editor 877ms (cache miss)
1093 silly packumentCache full:https://registry.npmjs.org/@inquirer%2fexternal-editor set size:undefined disposed:false
1094 http fetch GET 200 https://registry.npmjs.org/@inquirer%2fansi 628ms (cache miss)
1095 silly packumentCache full:https://registry.npmjs.org/@inquirer%2fansi set size:undefined disposed:false
1096 http fetch GET 200 https://registry.npmjs.org/@inquirer%2fcore 893ms (cache miss)
1097 silly packumentCache full:https://registry.npmjs.org/@inquirer%2fcore set size:undefined disposed:false
1098 http fetch GET 200 https://registry.npmjs.org/@inquirer%2fcore 898ms (cache miss)
1099 silly packumentCache full:https://registry.npmjs.org/@inquirer%2fcore set size:undefined disposed:false
1100 http fetch GET 200 https://registry.npmjs.org/@inquirer%2fcore 499ms (cache miss)
1101 silly packumentCache full:https://registry.npmjs.org/@inquirer%2fcore set size:undefined disposed:false
1102 http fetch GET 200 https://registry.npmjs.org/@inquirer%2ffigures 674ms (cache miss)
1103 silly packumentCache full:https://registry.npmjs.org/@inquirer%2ffigures set size:undefined disposed:false
1104 http fetch GET 200 https://registry.npmjs.org/@inquirer%2fansi 719ms (cache miss)
1105 silly packumentCache full:https://registry.npmjs.org/@inquirer%2fansi set size:undefined disposed:false
1106 silly placeDep ROOT @inquirer/ansi@1.0.2 OK for: @inquirer/checkbox@4.3.2 want: ^1.0.2
1107 silly placeDep ROOT @inquirer/core@10.3.2 OK for: @inquirer/checkbox@4.3.2 want: ^10.3.2
1108 silly placeDep ROOT @inquirer/figures@1.0.15 OK for: @inquirer/checkbox@4.3.2 want: ^1.0.15
1109 silly placeDep ROOT @inquirer/type@3.0.10 OK for: @inquirer/checkbox@4.3.2 want: ^3.0.10
1110 silly placeDep ROOT yoctocolors-cjs@2.1.3 OK for: @inquirer/checkbox@4.3.2 want: ^2.1.3
1111 silly fetch manifest cli-width@^4.1.0
1112 silly packumentCache full:https://registry.npmjs.org/cli-width cache-miss
1113 silly fetch manifest wrap-ansi@^6.2.0
1114 silly packumentCache full:https://registry.npmjs.org/wrap-ansi cache-miss
1115 silly fetch manifest mute-stream@^2.0.0
1116 silly packumentCache full:https://registry.npmjs.org/mute-stream cache-miss
1117 http cache https://registry.npmjs.org/wrap-ansi 5ms (cache hit)
1118 silly packumentCache full:https://registry.npmjs.org/wrap-ansi set size:55299 disposed:false
1119 http fetch GET 200 https://registry.npmjs.org/mute-stream 18ms (cache miss)
1120 silly packumentCache full:https://registry.npmjs.org/mute-stream set size:undefined disposed:false
1121 http fetch GET 200 https://registry.npmjs.org/cli-width 21ms (cache miss)
1122 silly packumentCache full:https://registry.npmjs.org/cli-width set size:undefined disposed:false
1123 silly placeDep ROOT cli-width@4.1.0 OK for: @inquirer/core@10.3.2 want: ^4.1.0
1124 silly placeDep ROOT mute-stream@2.0.0 OK for: @inquirer/core@10.3.2 want: ^2.0.0
1125 silly placeDep node_modules/@inquirer/core wrap-ansi@6.2.0 OK for: @inquirer/core@10.3.2 want: ^6.2.0
1126 silly placeDep ROOT @inquirer/external-editor@1.0.3 OK for: @inquirer/editor@4.2.23 want: ^1.0.3
1127 silly fetch manifest chardet@^2.1.1
1128 silly packumentCache full:https://registry.npmjs.org/chardet cache-miss
1129 http fetch GET 200 https://registry.npmjs.org/chardet 20ms (cache miss)
1130 silly packumentCache full:https://registry.npmjs.org/chardet set size:undefined disposed:false
1131 silly placeDep ROOT chardet@2.2.0 OK for: @inquirer/external-editor@1.0.3 want: ^2.1.1
1132 silly fetch manifest express@^5.2.1
1133 silly packumentCache full:https://registry.npmjs.org/express cache-hit
1134 silly fetch manifest zod@^3.25 || ^4.0
1135 silly packumentCache full:https://registry.npmjs.org/zod cache-miss
1136 http cache https://registry.npmjs.org/zod 10ms (cache hit)
1137 silly packumentCache full:https://registry.npmjs.org/zod set size:3552562 disposed:false
1138 silly placeDep ROOT @hono/node-server@2.0.12 OK for: @modelcontextprotocol/sdk@1.30.0 want: ^1.19.9 || ^2.0.5
1139 silly placeDep ROOT hono@4.12.33 OK for: @hono/node-server@2.0.12 want: ^4
1140 silly placeDep ROOT eventsource@3.0.7 OK for: @modelcontextprotocol/sdk@1.30.0 want: ^3.0.2
1141 silly placeDep ROOT eventsource-parser@3.1.0 OK for: @modelcontextprotocol/sdk@1.30.0 want: ^3.0.0
1142 silly placeDep ROOT express-rate-limit@8.6.1 OK for: @modelcontextprotocol/sdk@1.30.0 want: ^8.2.1
1143 silly placeDep ROOT json-schema-typed@8.0.2 OK for: @modelcontextprotocol/sdk@1.30.0 want: ^8.0.2
1144 silly placeDep ROOT pkce-challenge@5.0.1 OK for: @modelcontextprotocol/sdk@1.30.0 want: ^5.0.0
1145 silly placeDep ROOT zod-to-json-schema@3.25.2 OK for: @modelcontextprotocol/sdk@1.30.0 want: ^3.25.1
1146 silly fetch manifest eventsource-parser@^3.0.1
1147 silly packumentCache full:https://registry.npmjs.org/eventsource-parser cache-miss
1148 silly fetch manifest ip-address@^10.2.0
1149 silly packumentCache full:https://registry.npmjs.org/ip-address cache-miss
1150 http cache https://registry.npmjs.org/eventsource-parser 5ms (cache hit)
1151 silly packumentCache full:https://registry.npmjs.org/eventsource-parser set size:78018 disposed:false
1152 http fetch GET 200 https://registry.npmjs.org/ip-address 27ms (cache miss)
1153 silly packumentCache full:https://registry.npmjs.org/ip-address set size:undefined disposed:false
1154 silly placeDep node_modules/@opentelemetry/core @opentelemetry/semantic-conventions@1.28.0 OK for: @opentelemetry/core@1.30.1 want: 1.28.0
1155 silly placeDep ROOT fast-uri@3.1.5 OK for: ajv@8.20.0 want: ^3.0.1
1156 silly placeDep ROOT json-schema-traverse@1.0.0 OK for: ajv@8.20.0 want: ^1.0.0
1157 silly placeDep ROOT require-from-string@2.0.2 OK for: ajv@8.20.0 want: ^2.0.2
1158 silly placeDep ROOT archiver-utils@5.0.2 OK for: archiver@7.0.1 want: ^5.0.2
1159 silly placeDep ROOT async@3.2.6 OK for: archiver@7.0.1 want: ^3.2.4
1160 silly placeDep ROOT buffer-crc32@1.0.0 OK for: archiver@7.0.1 want: ^1.0.0
1161 silly placeDep node_modules/archiver readable-stream@4.7.0 OK for: archiver@7.0.1 want: ^4.0.0
1162 silly placeDep ROOT readdir-glob@1.1.3 OK for: archiver@7.0.1 want: ^1.1.2
1163 silly placeDep ROOT tar-stream@3.2.0 OK for: archiver@7.0.1 want: ^3.0.0
1164 silly placeDep ROOT zip-stream@6.0.1 OK for: archiver@7.0.1 want: ^6.0.1
1165 silly fetch manifest lazystream@^1.0.0
1166 silly packumentCache full:https://registry.npmjs.org/lazystream cache-miss
1167 silly fetch manifest normalize-path@^3.0.0
1168 silly packumentCache full:https://registry.npmjs.org/normalize-path cache-miss
1169 silly fetch manifest buffer@^6.0.3
1170 silly packumentCache full:https://registry.npmjs.org/buffer cache-miss
1171 silly fetch manifest events@^3.3.0
1172 silly packumentCache full:https://registry.npmjs.org/events cache-miss
1173 silly fetch manifest process@^0.11.10
1174 silly packumentCache full:https://registry.npmjs.org/process cache-miss
1175 silly fetch manifest minimatch@^5.1.0
1176 silly packumentCache full:https://registry.npmjs.org/minimatch cache-hit
1177 silly fetch manifest b4a@^1.6.4
1178 silly packumentCache full:https://registry.npmjs.org/b4a cache-miss
1179 silly fetch manifest bare-fs@^4.5.5
1180 silly packumentCache full:https://registry.npmjs.org/bare-fs cache-miss
1181 silly fetch manifest fast-fifo@^1.2.0
1182 silly packumentCache full:https://registry.npmjs.org/fast-fifo cache-miss
1183 silly fetch manifest streamx@^2.15.0
1184 silly packumentCache full:https://registry.npmjs.org/streamx cache-miss
1185 silly fetch manifest compress-commons@^6.0.2
1186 silly packumentCache full:https://registry.npmjs.org/compress-commons cache-miss
1187 http cache https://registry.npmjs.org/normalize-path 9ms (cache hit)
1188 silly packumentCache full:https://registry.npmjs.org/normalize-path set size:28713 disposed:false
1189 http fetch GET 200 https://registry.npmjs.org/events 20ms (cache miss)
1190 silly packumentCache full:https://registry.npmjs.org/events set size:undefined disposed:false
1191 http fetch GET 200 https://registry.npmjs.org/process 20ms (cache miss)
1192 silly packumentCache full:https://registry.npmjs.org/process set size:undefined disposed:false
1193 http fetch GET 200 https://registry.npmjs.org/bare-fs 27ms (cache miss)
1194 silly packumentCache full:https://registry.npmjs.org/bare-fs set size:undefined disposed:false
1195 http fetch GET 200 https://registry.npmjs.org/buffer 33ms (cache miss)
1196 silly packumentCache full:https://registry.npmjs.org/buffer set size:undefined disposed:false
1197 http fetch GET 200 https://registry.npmjs.org/streamx 34ms (cache miss)
1198 silly packumentCache full:https://registry.npmjs.org/streamx set size:undefined disposed:false
1199 http fetch GET 200 https://registry.npmjs.org/lazystream 247ms (cache miss)
1200 silly packumentCache full:https://registry.npmjs.org/lazystream set size:undefined disposed:false
1201 http fetch GET 200 https://registry.npmjs.org/fast-fifo 254ms (cache miss)
1202 silly packumentCache full:https://registry.npmjs.org/fast-fifo set size:undefined disposed:false
1203 http fetch GET 200 https://registry.npmjs.org/compress-commons 257ms (cache miss)
1204 silly packumentCache full:https://registry.npmjs.org/compress-commons set size:undefined disposed:false
1205 http fetch GET 200 https://registry.npmjs.org/b4a 265ms (cache miss)
1206 silly packumentCache full:https://registry.npmjs.org/b4a set size:undefined disposed:false
1207 silly placeDep ROOT graceful-fs@4.2.11 OK for: archiver-utils@5.0.2 want: ^4.2.0
1208 silly placeDep ROOT lazystream@1.0.1 OK for: archiver-utils@5.0.2 want: ^1.0.0
1209 silly placeDep ROOT normalize-path@3.0.0 OK for: archiver-utils@5.0.2 want: ^3.0.0
1210 silly placeDep node_modules/archiver-utils readable-stream@4.7.0 OK for: archiver-utils@5.0.2 want: ^4.0.0
1211 silly fetch manifest readable-stream@^2.0.5
1212 silly packumentCache full:https://registry.npmjs.org/readable-stream cache-hit
1213 silly placeDep ROOT anymatch@3.1.3 OK for: chokidar@3.6.0 want: ~3.1.2
1214 silly placeDep ROOT braces@3.0.3 OK for: chokidar@3.6.0 want: ~3.0.2
1215 silly placeDep ROOT glob-parent@5.1.2 OK for: chokidar@3.6.0 want: ~5.1.2
1216 silly placeDep ROOT is-binary-path@2.1.0 OK for: chokidar@3.6.0 want: ~2.1.0
1217 silly placeDep ROOT is-glob@4.0.3 OK for: chokidar@3.6.0 want: ~4.0.1
1218 silly placeDep ROOT readdirp@3.6.0 OK for: chokidar@3.6.0 want: ~3.6.0
1219 silly fetch manifest picomatch@^2.0.4
1220 silly packumentCache full:https://registry.npmjs.org/picomatch cache-miss
1221 silly fetch manifest fill-range@^7.1.1
1222 silly packumentCache full:https://registry.npmjs.org/fill-range cache-miss
1223 silly fetch manifest is-glob@^4.0.1
1224 silly packumentCache full:https://registry.npmjs.org/is-glob cache-miss
1225 silly fetch manifest binary-extensions@^2.0.0
1226 silly packumentCache full:https://registry.npmjs.org/binary-extensions cache-miss
1227 silly fetch manifest is-extglob@^2.1.1
1228 silly packumentCache full:https://registry.npmjs.org/is-extglob cache-miss
1229 silly fetch manifest picomatch@^2.2.1
1230 silly packumentCache full:https://registry.npmjs.org/picomatch cache-miss
1231 http cache https://registry.npmjs.org/is-glob 11ms (cache hit)
1232 silly packumentCache full:https://registry.npmjs.org/is-glob set size:40530 disposed:false
1233 http fetch GET 200 https://registry.npmjs.org/binary-extensions 24ms (cache miss)
1234 silly packumentCache full:https://registry.npmjs.org/binary-extensions set size:undefined disposed:false
1235 http fetch GET 200 https://registry.npmjs.org/fill-range 27ms (cache miss)
1236 silly packumentCache full:https://registry.npmjs.org/fill-range set size:undefined disposed:false
1237 http fetch GET 200 https://registry.npmjs.org/picomatch 29ms (cache miss)
1238 silly packumentCache full:https://registry.npmjs.org/picomatch set size:undefined disposed:false
1239 http fetch GET 200 https://registry.npmjs.org/picomatch 32ms (cache miss)
1240 silly packumentCache full:https://registry.npmjs.org/picomatch set size:undefined disposed:false
1241 http fetch GET 200 https://registry.npmjs.org/is-extglob 33ms (cache miss)
1242 silly packumentCache full:https://registry.npmjs.org/is-extglob set size:undefined disposed:false
1243 silly placeDep ROOT picomatch@2.3.2 OK for: anymatch@3.1.3 want: ^2.0.4
1244 silly placeDep ROOT fill-range@7.1.1 OK for: braces@3.0.3 want: ^7.1.1
1245 silly fetch manifest to-regex-range@^5.0.1
1246 silly packumentCache full:https://registry.npmjs.org/to-regex-range cache-miss
1247 http fetch GET 200 https://registry.npmjs.org/to-regex-range 27ms (cache miss)
1248 silly packumentCache full:https://registry.npmjs.org/to-regex-range set size:undefined disposed:false
1249 silly placeDep ROOT json-parse-helpfulerror@1.0.3 OK for: cjson@0.3.3 want: ^1.0.3
1250 silly fetch manifest jju@^1.1.0
1251 silly packumentCache full:https://registry.npmjs.org/jju cache-miss
1252 http fetch GET 200 https://registry.npmjs.org/jju 249ms (cache miss)
1253 silly packumentCache full:https://registry.npmjs.org/jju set size:undefined disposed:false
1254 silly placeDep ROOT @colors/colors@1.5.0 OK for: cli-table3@0.6.5 want: 1.5.0
1255 silly placeDep ROOT dot-prop@5.3.0 OK for: configstore@5.0.1 want: ^5.2.0
1256 silly placeDep ROOT make-dir@3.1.0 OK for: configstore@5.0.1 want: ^3.0.0
1257 silly placeDep ROOT unique-string@2.0.0 OK for: configstore@5.0.1 want: ^2.0.0
1258 silly placeDep ROOT write-file-atomic@3.0.3 OK for: configstore@5.0.1 want: ^3.0.0
1259 silly placeDep ROOT xdg-basedir@4.0.0 OK for: configstore@5.0.1 want: ^4.0.0
1260 silly fetch manifest is-obj@^2.0.0
1261 silly packumentCache full:https://registry.npmjs.org/is-obj cache-miss
1262 silly fetch manifest semver@^6.0.0
1263 silly packumentCache full:https://registry.npmjs.org/semver cache-miss
1264 silly fetch manifest crypto-random-string@^2.0.0
1265 silly packumentCache full:https://registry.npmjs.org/crypto-random-string cache-miss
1266 silly fetch manifest imurmurhash@^0.1.4
1267 silly packumentCache full:https://registry.npmjs.org/imurmurhash cache-miss
1268 silly fetch manifest signal-exit@^3.0.2
1269 silly packumentCache full:https://registry.npmjs.org/signal-exit cache-miss
1270 silly fetch manifest is-typedarray@^1.0.0
1271 silly packumentCache full:https://registry.npmjs.org/is-typedarray cache-miss
1272 silly fetch manifest typedarray-to-buffer@^3.1.5
1273 silly packumentCache full:https://registry.npmjs.org/typedarray-to-buffer cache-miss
1274 http cache https://registry.npmjs.org/signal-exit 8ms (cache hit)
1275 silly packumentCache full:https://registry.npmjs.org/signal-exit set size:53489 disposed:false
1276 http fetch GET 200 https://registry.npmjs.org/is-obj 17ms (cache miss)
1277 silly packumentCache full:https://registry.npmjs.org/is-obj set size:undefined disposed:false
1278 http fetch GET 200 https://registry.npmjs.org/semver 21ms (cache revalidated)
1279 silly packumentCache full:https://registry.npmjs.org/semver set size:246069 disposed:false
1280 http fetch GET 200 https://registry.npmjs.org/typedarray-to-buffer 24ms (cache miss)
1281 silly packumentCache full:https://registry.npmjs.org/typedarray-to-buffer set size:undefined disposed:false
1282 http fetch GET 200 https://registry.npmjs.org/imurmurhash 26ms (cache miss)
1283 silly packumentCache full:https://registry.npmjs.org/imurmurhash set size:undefined disposed:false
1284 http fetch GET 200 https://registry.npmjs.org/is-typedarray 26ms (cache miss)
1285 silly packumentCache full:https://registry.npmjs.org/is-typedarray set size:undefined disposed:false
1286 http fetch GET 200 https://registry.npmjs.org/crypto-random-string 236ms (cache miss)
1287 silly packumentCache full:https://registry.npmjs.org/crypto-random-string set size:undefined disposed:false
1288 silly placeDep ROOT is-obj@2.0.0 OK for: dot-prop@5.3.0 want: ^2.0.0
1289 silly placeDep ROOT @apidevtools/json-schema-ref-parser@9.1.2 OK for: exegesis@4.3.0 want: ^9.0.3
1290 silly placeDep node_modules/exegesis ajv-formats@2.1.1 OK for: exegesis@4.3.0 want: ^2.1.0
1291 silly placeDep node_modules/exegesis body-parser@1.20.6 OK for: exegesis@4.3.0 want: ^1.18.3
1292 silly placeDep ROOT deep-freeze@0.0.1 OK for: exegesis@4.3.0 want: 0.0.1
1293 silly placeDep ROOT events-listener@1.1.0 OK for: exegesis@4.3.0 want: ^1.1.0
1294 silly placeDep ROOT json-ptr@3.1.1 OK for: exegesis@4.3.0 want: ^3.0.1
1295 silly placeDep ROOT openapi3-ts@3.2.0 OK for: exegesis@4.3.0 want: ^3.1.1
1296 silly placeDep ROOT promise-breaker@6.0.0 OK for: exegesis@4.3.0 want: ^6.0.0
1297 silly placeDep node_modules/exegesis raw-body@2.5.3 OK for: exegesis@4.3.0 want: ^2.3.3
1298 silly fetch manifest call-me-maybe@^1.0.1
1299 silly packumentCache full:https://registry.npmjs.org/call-me-maybe cache-miss
1300 silly fetch manifest @jsdevtools/ono@^7.1.3
1301 silly packumentCache full:https://registry.npmjs.org/@jsdevtools%2fono cache-miss
1302 silly fetch manifest @types/json-schema@^7.0.6
1303 silly packumentCache full:https://registry.npmjs.org/@types%2fjson-schema cache-miss
1304 http fetch GET 200 https://registry.npmjs.org/@types%2fjson-schema 20ms (cache miss)
1305 silly packumentCache full:https://registry.npmjs.org/@types%2fjson-schema set size:undefined disposed:false
1306 http fetch GET 200 https://registry.npmjs.org/@jsdevtools%2fono 176ms (cache miss)
1307 silly packumentCache full:https://registry.npmjs.org/@jsdevtools%2fono set size:undefined disposed:false
1308 http fetch GET 200 https://registry.npmjs.org/call-me-maybe 256ms (cache miss)
1309 silly packumentCache full:https://registry.npmjs.org/call-me-maybe set size:undefined disposed:false
1310 silly placeDep ROOT @jsdevtools/ono@7.1.3 OK for: @apidevtools/json-schema-ref-parser@9.1.2 want: ^7.1.3
1311 silly placeDep ROOT @types/json-schema@7.0.15 OK for: @apidevtools/json-schema-ref-parser@9.1.2 want: ^7.0.6
1312 silly placeDep ROOT call-me-maybe@1.0.2 OK for: @apidevtools/json-schema-ref-parser@9.1.2 want: ^1.0.1
1313 silly placeDep ROOT ip-address@10.4.0 OK for: express-rate-limit@8.6.1 want: ^10.2.0
1314 silly placeDep ROOT to-regex-range@5.0.1 OK for: fill-range@7.1.1 want: ^5.0.1
1315 silly fetch manifest is-number@^7.0.0
1316 silly packumentCache full:https://registry.npmjs.org/is-number cache-miss
1317 http fetch GET 200 https://registry.npmjs.org/is-number 18ms (cache miss)
1318 silly packumentCache full:https://registry.npmjs.org/is-number set size:undefined disposed:false
1319 silly placeDep ROOT jsonfile@6.2.1 OK for: fs-extra@10.1.0 want: ^6.0.1
1320 silly placeDep ROOT universalify@2.0.1 OK for: fs-extra@10.1.0 want: ^2.0.0
1321 silly placeDep node_modules/googleapis-common gaxios@7.1.3 OK for: googleapis-common@8.0.3 want: 7.1.3
1322 silly placeDep node_modules/googleapis-common google-auth-library@10.5.0 OK for: googleapis-common@8.0.3 want: 10.5.0
1323 silly placeDep ROOT url-template@2.0.8 OK for: googleapis-common@8.0.3 want: ^2.0.8
1324 silly fetch manifest gtoken@^8.0.0
1325 silly packumentCache full:https://registry.npmjs.org/gtoken cache-miss
1326 http cache https://registry.npmjs.org/gtoken 4ms (cache hit)
1327 silly packumentCache full:https://registry.npmjs.org/gtoken set size:155604 disposed:false
1328 silly placeDep ROOT binary-extensions@2.3.0 OK for: is-binary-path@2.1.0 want: ^2.0.0
1329 silly placeDep ROOT is-extglob@2.1.1 OK for: is-glob@4.0.3 want: ^2.1.1
1330 silly placeDep ROOT argparse@2.0.1 OK for: js-yaml@4.3.1 want: ^2.0.1
1331 silly placeDep ROOT jju@1.4.0 OK for: json-parse-helpfulerror@1.0.3 want: ^1.1.0
1332 silly placeDep node_modules/lazystream readable-stream@2.3.8 OK for: lazystream@1.0.1 want: ^2.0.5
1333 silly fetch manifest isarray@~1.0.0
1334 silly packumentCache full:https://registry.npmjs.org/isarray cache-miss
1335 silly fetch manifest safe-buffer@~5.1.1
1336 silly packumentCache full:https://registry.npmjs.org/safe-buffer cache-miss
1337 silly fetch manifest core-util-is@~1.0.0
1338 silly packumentCache full:https://registry.npmjs.org/core-util-is cache-miss
1339 silly fetch manifest string_decoder@~1.1.1
1340 silly packumentCache full:https://registry.npmjs.org/string_decoder cache-miss
1341 silly fetch manifest process-nextick-args@~2.0.0
1342 silly packumentCache full:https://registry.npmjs.org/process-nextick-args cache-miss
1343 http fetch GET 200 https://registry.npmjs.org/isarray 16ms (cache miss)
1344 silly packumentCache full:https://registry.npmjs.org/isarray set size:undefined disposed:false
1345 http fetch GET 200 https://registry.npmjs.org/core-util-is 20ms (cache miss)
1346 silly packumentCache full:https://registry.npmjs.org/core-util-is set size:undefined disposed:false
1347 http fetch GET 200 https://registry.npmjs.org/safe-buffer 24ms (cache revalidated)
1348 silly packumentCache full:https://registry.npmjs.org/safe-buffer set size:41183 disposed:false
1349 http fetch GET 200 https://registry.npmjs.org/string_decoder 26ms (cache revalidated)
1350 silly packumentCache full:https://registry.npmjs.org/string_decoder set size:28441 disposed:false
1351 http fetch GET 200 https://registry.npmjs.org/process-nextick-args 255ms (cache miss)
1352 silly packumentCache full:https://registry.npmjs.org/process-nextick-args set size:undefined disposed:false
1353 silly placeDep ROOT libsodium@0.7.16 OK for: libsodium-wrappers@0.7.16 want: ^0.7.16
1354 silly placeDep node_modules/make-dir semver@6.3.1 OK for: make-dir@3.1.0 want: ^6.0.0
1355 silly placeDep ROOT ansi-escapes@7.3.0 OK for: marked-terminal@7.3.0 want: ^7.0.0
1356 silly placeDep node_modules/marked-terminal ansi-regex@6.2.2 OK for: marked-terminal@7.3.0 want: ^6.1.0
1357 silly placeDep ROOT chalk@5.6.2 OK for: marked-terminal@7.3.0 want: ^5.4.1
1358 silly placeDep ROOT cli-highlight@2.1.11 OK for: marked-terminal@7.3.0 want: ^2.1.11
1359 silly placeDep ROOT node-emoji@2.2.0 OK for: marked-terminal@7.3.0 want: ^2.2.0
1360 silly placeDep ROOT supports-hyperlinks@3.2.0 OK for: marked-terminal@7.3.0 want: ^3.1.0
1361 silly fetch manifest environment@^1.0.0
1362 silly packumentCache full:https://registry.npmjs.org/environment cache-miss
1363 silly fetch manifest chalk@^4.0.0
1364 silly packumentCache full:https://registry.npmjs.org/chalk cache-hit
1365 silly fetch manifest highlight.js@^10.7.1
1366 silly packumentCache full:https://registry.npmjs.org/highlight.js cache-miss
1367 silly fetch manifest mz@^2.4.0
1368 silly packumentCache full:https://registry.npmjs.org/mz cache-miss
1369 silly fetch manifest parse5@^5.1.1
1370 silly packumentCache full:https://registry.npmjs.org/parse5 cache-miss
1371 silly fetch manifest parse5-htmlparser2-tree-adapter@^6.0.0
1372 silly packumentCache full:https://registry.npmjs.org/parse5-htmlparser2-tree-adapter cache-miss
1373 silly fetch manifest yargs@^16.0.0
1374 silly packumentCache full:https://registry.npmjs.org/yargs cache-miss
1375 silly fetch manifest @sindresorhus/is@^4.6.0
1376 silly packumentCache full:https://registry.npmjs.org/@sindresorhus%2fis cache-miss
1377 silly fetch manifest char-regex@^1.0.2
1378 silly packumentCache full:https://registry.npmjs.org/char-regex cache-miss
1379 silly fetch manifest emojilib@^2.4.0
1380 silly packumentCache full:https://registry.npmjs.org/emojilib cache-miss
1381 silly fetch manifest skin-tone@^2.0.0
1382 silly packumentCache full:https://registry.npmjs.org/skin-tone cache-miss
1383 silly fetch manifest has-flag@^4.0.0
1384 silly packumentCache full:https://registry.npmjs.org/has-flag cache-miss
1385 silly fetch manifest supports-color@^7.0.0
1386 silly packumentCache full:https://registry.npmjs.org/supports-color cache-miss
1387 http fetch GET 200 https://registry.npmjs.org/environment 37ms (cache miss)
1388 silly packumentCache full:https://registry.npmjs.org/environment set size:undefined disposed:false
1389 http fetch GET 200 https://registry.npmjs.org/char-regex 36ms (cache miss)
1390 silly packumentCache full:https://registry.npmjs.org/char-regex set size:undefined disposed:false
1391 http fetch GET 200 https://registry.npmjs.org/has-flag 35ms (cache miss)
1392 silly packumentCache full:https://registry.npmjs.org/has-flag set size:undefined disposed:false
1393 http fetch GET 200 https://registry.npmjs.org/mz 38ms (cache miss)
1394 silly packumentCache full:https://registry.npmjs.org/mz set size:undefined disposed:false
1395 http fetch GET 200 https://registry.npmjs.org/supports-color 38ms (cache miss)
1396 silly packumentCache full:https://registry.npmjs.org/supports-color set size:undefined disposed:false
1397 http fetch GET 200 https://registry.npmjs.org/parse5 41ms (cache miss)
1398 silly packumentCache full:https://registry.npmjs.org/parse5 set size:undefined disposed:false
1399 http fetch GET 200 https://registry.npmjs.org/highlight.js 49ms (cache miss)
1400 silly packumentCache full:https://registry.npmjs.org/highlight.js set size:undefined disposed:false
1401 http fetch GET 200 https://registry.npmjs.org/yargs 256ms (cache revalidated)
1402 silly packumentCache full:https://registry.npmjs.org/yargs set size:759965 disposed:false
1403 http fetch GET 200 https://registry.npmjs.org/skin-tone 268ms (cache miss)
1404 silly packumentCache full:https://registry.npmjs.org/skin-tone set size:undefined disposed:false
1405 http fetch GET 200 https://registry.npmjs.org/emojilib 273ms (cache miss)
1406 silly packumentCache full:https://registry.npmjs.org/emojilib set size:undefined disposed:false
1407 http fetch GET 200 https://registry.npmjs.org/parse5-htmlparser2-tree-adapter 278ms (cache miss)
1408 silly packumentCache full:https://registry.npmjs.org/parse5-htmlparser2-tree-adapter set size:undefined disposed:false
1409 http fetch GET 200 https://registry.npmjs.org/@sindresorhus%2fis 761ms (cache miss)
1410 silly packumentCache full:https://registry.npmjs.org/@sindresorhus%2fis set size:undefined disposed:false
1411 silly placeDep ROOT environment@1.1.0 OK for: ansi-escapes@7.3.0 want: ^1.0.0
1412 silly placeDep node_modules/cli-highlight chalk@4.1.2 OK for: cli-highlight@2.1.11 want: ^4.0.0
1413 silly placeDep ROOT highlight.js@10.7.3 OK for: cli-highlight@2.1.11 want: ^10.7.1
1414 silly placeDep ROOT mz@2.7.0 OK for: cli-highlight@2.1.11 want: ^2.4.0
1415 silly placeDep ROOT parse5@5.1.1 OK for: cli-highlight@2.1.11 want: ^5.1.1
1416 silly placeDep ROOT parse5-htmlparser2-tree-adapter@6.0.1 OK for: cli-highlight@2.1.11 want: ^6.0.0
1417 silly placeDep node_modules/cli-highlight yargs@16.2.2 OK for: cli-highlight@2.1.11 want: ^16.0.0
1418 silly fetch manifest supports-color@^7.1.0
1419 silly packumentCache full:https://registry.npmjs.org/supports-color cache-miss
1420 silly fetch manifest any-promise@^1.0.0
1421 silly packumentCache full:https://registry.npmjs.org/any-promise cache-miss
1422 silly fetch manifest thenify-all@^1.0.0
1423 silly packumentCache full:https://registry.npmjs.org/thenify-all cache-miss
1424 silly fetch manifest parse5@^6.0.1
1425 silly packumentCache full:https://registry.npmjs.org/parse5 cache-miss
1426 silly fetch manifest cliui@^7.0.2
1427 silly packumentCache full:https://registry.npmjs.org/cliui cache-miss
1428 silly fetch manifest yargs-parser@^20.2.2
1429 silly packumentCache full:https://registry.npmjs.org/yargs-parser cache-miss
1430 http cache https://registry.npmjs.org/parse5 8ms (cache hit)
1431 silly packumentCache full:https://registry.npmjs.org/parse5 set size:123116 disposed:false
1432 http cache https://registry.npmjs.org/supports-color 10ms (cache hit)
1433 silly packumentCache full:https://registry.npmjs.org/supports-color set size:124169 disposed:false
1434 http fetch GET 200 https://registry.npmjs.org/any-promise 16ms (cache miss)
1435 silly packumentCache full:https://registry.npmjs.org/any-promise set size:undefined disposed:false
1436 http fetch GET 200 https://registry.npmjs.org/cliui 22ms (cache revalidated)
1437 silly packumentCache full:https://registry.npmjs.org/cliui set size:69089 disposed:false
1438 http fetch GET 200 https://registry.npmjs.org/thenify-all 24ms (cache miss)
1439 silly packumentCache full:https://registry.npmjs.org/thenify-all set size:undefined disposed:false
1440 http fetch GET 200 https://registry.npmjs.org/yargs-parser 25ms (cache revalidated)
1441 silly packumentCache full:https://registry.npmjs.org/yargs-parser set size:238630 disposed:false
1442 silly placeDep ROOT basic-auth@2.0.1 OK for: morgan@1.11.0 want: ~2.0.1
1443 silly placeDep node_modules/morgan debug@2.6.9 OK for: morgan@1.11.0 want: 2.6.9
1444 silly placeDep ROOT on-headers@1.1.0 OK for: morgan@1.11.0 want: ~1.1.0
1445 silly fetch manifest safe-buffer@5.1.2
1446 silly packumentCache full:https://registry.npmjs.org/safe-buffer cache-hit
1447 silly fetch manifest ms@2.0.0
1448 silly packumentCache full:https://registry.npmjs.org/ms cache-miss
1449 http fetch GET 200 https://registry.npmjs.org/ms 22ms (cache revalidated)
1450 silly packumentCache full:https://registry.npmjs.org/ms set size:92208 disposed:false
1451 silly placeDep node_modules/basic-auth safe-buffer@5.1.2 OK for: basic-auth@2.0.1 want: 5.1.2
1452 silly placeDep ROOT any-promise@1.3.0 OK for: mz@2.7.0 want: ^1.0.0
1453 silly placeDep ROOT thenify-all@1.6.0 OK for: mz@2.7.0 want: ^1.0.0
1454 silly fetch manifest thenify@>= 3.1.0 < 4
1455 silly packumentCache full:https://registry.npmjs.org/thenify cache-miss
1456 http fetch GET 200 https://registry.npmjs.org/thenify 15ms (cache miss)
1457 silly packumentCache full:https://registry.npmjs.org/thenify set size:undefined disposed:false
1458 silly placeDep ROOT @sindresorhus/is@4.6.0 OK for: node-emoji@2.2.0 want: ^4.6.0
1459 silly placeDep ROOT char-regex@1.0.2 OK for: node-emoji@2.2.0 want: ^1.0.2
1460 silly placeDep ROOT emojilib@2.4.0 OK for: node-emoji@2.2.0 want: ^2.4.0
1461 silly placeDep ROOT skin-tone@2.0.0 OK for: node-emoji@2.2.0 want: ^2.0.0
1462 silly fetch manifest unicode-emoji-modifier-base@^1.0.0
1463 silly packumentCache full:https://registry.npmjs.org/unicode-emoji-modifier-base cache-miss
1464 http fetch GET 200 https://registry.npmjs.org/unicode-emoji-modifier-base 245ms (cache miss)
1465 silly packumentCache full:https://registry.npmjs.org/unicode-emoji-modifier-base set size:undefined disposed:false
1466 silly placeDep ROOT is-wsl@1.1.0 OK for: open@6.4.0 want: ^1.1.0
1467 silly placeDep ROOT bl@4.1.0 OK for: ora@5.4.1 want: ^4.1.0
1468 silly placeDep node_modules/ora chalk@4.1.2 OK for: ora@5.4.1 want: ^4.1.0
1469 silly placeDep ROOT cli-cursor@3.1.0 OK for: ora@5.4.1 want: ^3.1.0
1470 silly placeDep ROOT cli-spinners@2.9.2 OK for: ora@5.4.1 want: ^2.5.0
1471 silly placeDep ROOT is-interactive@1.0.0 OK for: ora@5.4.1 want: ^1.0.0
1472 silly placeDep ROOT is-unicode-supported@0.1.0 OK for: ora@5.4.1 want: ^0.1.0
1473 silly placeDep ROOT log-symbols@4.1.0 OK for: ora@5.4.1 want: ^4.1.0
1474 silly placeDep ROOT wcwidth@1.0.1 OK for: ora@5.4.1 want: ^1.0.1
1475 silly fetch manifest buffer@^5.5.0
1476 silly packumentCache full:https://registry.npmjs.org/buffer cache-miss
1477 silly fetch manifest restore-cursor@^3.1.0
1478 silly packumentCache full:https://registry.npmjs.org/restore-cursor cache-miss
1479 silly fetch manifest defaults@^1.0.3
1480 silly packumentCache full:https://registry.npmjs.org/defaults cache-miss
1481 http cache https://registry.npmjs.org/buffer 6ms (cache hit)
1482 silly packumentCache full:https://registry.npmjs.org/buffer set size:280480 disposed:false
1483 http fetch GET 200 https://registry.npmjs.org/defaults 16ms (cache miss)
1484 silly packumentCache full:https://registry.npmjs.org/defaults set size:undefined disposed:false
1485 http fetch GET 200 https://registry.npmjs.org/restore-cursor 22ms (cache miss)
1486 silly packumentCache full:https://registry.npmjs.org/restore-cursor set size:undefined disposed:false
1487 silly placeDep ROOT buffer@5.7.1 OK for: bl@4.1.0 want: ^5.5.0
1488 silly fetch manifest ieee754@^1.1.13
1489 silly packumentCache full:https://registry.npmjs.org/ieee754 cache-miss
1490 http fetch GET 200 https://registry.npmjs.org/ieee754 19ms (cache miss)
1491 silly packumentCache full:https://registry.npmjs.org/ieee754 set size:undefined disposed:false
1492 silly placeDep ROOT ieee754@1.2.1 OK for: buffer@5.7.1 want: ^1.1.13
1493 silly placeDep ROOT restore-cursor@3.1.0 OK for: cli-cursor@3.1.0 want: ^3.1.0
1494 silly fetch manifest onetime@^5.1.0
1495 silly packumentCache full:https://registry.npmjs.org/onetime cache-miss
1496 http fetch GET 200 https://registry.npmjs.org/onetime 20ms (cache miss)
1497 silly packumentCache full:https://registry.npmjs.org/onetime set size:undefined disposed:false
1498 silly placeDep node_modules/log-symbols chalk@4.1.2 OK for: log-symbols@4.1.0 want: ^4.1.0
1499 silly placeDep node_modules/parse5-htmlparser2-tree-adapter parse5@6.0.1 OK for: parse5-htmlparser2-tree-adapter@6.0.1 want: ^6.0.1
1500 silly fetch manifest pg@>=8.0
1501 silly packumentCache full:https://registry.npmjs.org/pg cache-miss
1502 http cache https://registry.npmjs.org/pg 4ms (cache hit)
1503 silly packumentCache full:https://registry.npmjs.org/pg set size:479959 disposed:false
1504 silly placeDep ROOT pg-cloudflare@1.4.0 OK for: pg@8.22.0 want: ^1.4.0
1505 silly placeDep ROOT pg-connection-string@2.14.0 OK for: pg@8.22.0 want: ^2.14.0
1506 silly placeDep ROOT pg-pool@3.14.0 OK for: pg@8.22.0 want: ^3.14.0
1507 silly placeDep ROOT pg-protocol@1.15.0 OK for: pg@8.22.0 want: ^1.15.0
1508 silly placeDep ROOT pg-types@2.2.0 OK for: pg@8.22.0 want: 2.2.0
1509 silly placeDep ROOT pgpass@1.0.5 OK for: pg@8.22.0 want: 1.0.5
1510 silly fetch manifest pg-int8@1.0.1
1511 silly packumentCache full:https://registry.npmjs.org/pg-int8 cache-miss
1512 silly fetch manifest postgres-date@~1.0.4
1513 silly packumentCache full:https://registry.npmjs.org/postgres-date cache-miss
1514 silly fetch manifest postgres-array@~2.0.0
1515 silly packumentCache full:https://registry.npmjs.org/postgres-array cache-miss
1516 silly fetch manifest postgres-bytea@~1.0.0
1517 silly packumentCache full:https://registry.npmjs.org/postgres-bytea cache-miss
1518 silly fetch manifest postgres-interval@^1.1.0
1519 silly packumentCache full:https://registry.npmjs.org/postgres-interval cache-miss
1520 silly fetch manifest split2@^4.1.0
1521 silly packumentCache full:https://registry.npmjs.org/split2 cache-miss
1522 http fetch GET 200 https://registry.npmjs.org/postgres-array 23ms (cache miss)
1523 silly packumentCache full:https://registry.npmjs.org/postgres-array set size:undefined disposed:false
1524 http fetch GET 200 https://registry.npmjs.org/split2 23ms (cache miss)
1525 silly packumentCache full:https://registry.npmjs.org/split2 set size:undefined disposed:false
1526 http fetch GET 200 https://registry.npmjs.org/postgres-date 25ms (cache miss)
1527 silly packumentCache full:https://registry.npmjs.org/postgres-date set size:undefined disposed:false
1528 http fetch GET 200 https://registry.npmjs.org/postgres-interval 243ms (cache miss)
1529 silly packumentCache full:https://registry.npmjs.org/postgres-interval set size:undefined disposed:false
1530 http fetch GET 200 https://registry.npmjs.org/pg-int8 258ms (cache miss)
1531 silly packumentCache full:https://registry.npmjs.org/pg-int8 set size:undefined disposed:false
1532 http fetch GET 200 https://registry.npmjs.org/postgres-bytea 268ms (cache miss)
1533 silly packumentCache full:https://registry.npmjs.org/postgres-bytea set size:undefined disposed:false
1534 silly placeDep ROOT pg-int8@1.0.1 OK for: pg-types@2.2.0 want: 1.0.1
1535 silly placeDep ROOT postgres-array@2.0.0 OK for: pg-types@2.2.0 want: ~2.0.0
1536 silly placeDep ROOT postgres-bytea@1.0.1 OK for: pg-types@2.2.0 want: ~1.0.0
1537 silly placeDep ROOT postgres-date@1.0.7 OK for: pg-types@2.2.0 want: ~1.0.4
1538 silly placeDep ROOT postgres-interval@1.2.0 OK for: pg-types@2.2.0 want: ^1.1.0
1539 silly fetch manifest xtend@^4.0.0
1540 silly packumentCache full:https://registry.npmjs.org/xtend cache-miss
1541 http fetch GET 200 https://registry.npmjs.org/xtend 256ms (cache miss)
1542 silly packumentCache full:https://registry.npmjs.org/xtend set size:undefined disposed:false
1543 silly placeDep ROOT split2@4.2.0 OK for: pgpass@1.0.5 want: ^4.1.0
1544 silly placeDep ROOT xtend@4.0.2 OK for: postgres-interval@1.2.0 want: ^4.0.0
1545 silly placeDep node_modules/proxy-agent http-proxy-agent@7.0.2 OK for: proxy-agent@6.5.0 want: ^7.0.1
1546 silly placeDep node_modules/proxy-agent lru-cache@7.18.3 OK for: proxy-agent@6.5.0 want: ^7.14.1
1547 silly placeDep ROOT pac-proxy-agent@7.2.0 OK for: proxy-agent@6.5.0 want: ^7.1.0
1548 silly placeDep ROOT proxy-from-env@1.1.0 OK for: proxy-agent@6.5.0 want: ^1.1.0
1549 silly placeDep ROOT socks-proxy-agent@8.0.5 OK for: proxy-agent@6.5.0 want: ^8.0.5
1550 silly fetch manifest get-uri@^6.0.1
1551 silly packumentCache full:https://registry.npmjs.org/get-uri cache-miss
1552 silly fetch manifest pac-resolver@^7.0.1
1553 silly packumentCache full:https://registry.npmjs.org/pac-resolver cache-miss
1554 silly fetch manifest http-proxy-agent@^7.0.0
1555 silly packumentCache full:https://registry.npmjs.org/http-proxy-agent cache-hit
1556 silly fetch manifest @tootallnate/quickjs-emscripten@^0.23.0
1557 silly packumentCache full:https://registry.npmjs.org/@tootallnate%2fquickjs-emscripten cache-miss
1558 silly fetch manifest socks@^2.8.3
1559 silly packumentCache full:https://registry.npmjs.org/socks cache-miss
1560 http fetch GET 200 https://registry.npmjs.org/pac-resolver 20ms (cache miss)
1561 silly packumentCache full:https://registry.npmjs.org/pac-resolver set size:undefined disposed:false
1562 http fetch GET 200 https://registry.npmjs.org/socks 28ms (cache miss)
1563 silly packumentCache full:https://registry.npmjs.org/socks set size:undefined disposed:false
1564 http fetch GET 200 https://registry.npmjs.org/get-uri 242ms (cache miss)
1565 silly packumentCache full:https://registry.npmjs.org/get-uri set size:undefined disposed:false
1566 http fetch GET 200 https://registry.npmjs.org/@tootallnate%2fquickjs-emscripten 259ms (cache miss)
1567 silly packumentCache full:https://registry.npmjs.org/@tootallnate%2fquickjs-emscripten set size:undefined disposed:false
1568 silly placeDep ROOT @tootallnate/quickjs-emscripten@0.23.0 OK for: pac-proxy-agent@7.2.0 want: ^0.23.0
1569 silly placeDep ROOT get-uri@6.0.5 OK for: pac-proxy-agent@7.2.0 want: ^6.0.1
1570 silly placeDep node_modules/pac-proxy-agent http-proxy-agent@7.0.2 OK for: pac-proxy-agent@7.2.0 want: ^7.0.0
1571 silly placeDep ROOT pac-resolver@7.0.1 OK for: pac-proxy-agent@7.2.0 want: ^7.0.1
1572 silly fetch manifest basic-ftp@^5.0.2
1573 silly packumentCache full:https://registry.npmjs.org/basic-ftp cache-miss
1574 silly fetch manifest data-uri-to-buffer@^6.0.2
1575 silly packumentCache full:https://registry.npmjs.org/data-uri-to-buffer cache-miss
1576 silly fetch manifest netmask@^2.0.2
1577 silly packumentCache full:https://registry.npmjs.org/netmask cache-miss
1578 silly fetch manifest degenerator@^5.0.0
1579 silly packumentCache full:https://registry.npmjs.org/degenerator cache-miss
1580 http fetch GET 200 https://registry.npmjs.org/degenerator 22ms (cache miss)
1581 silly packumentCache full:https://registry.npmjs.org/degenerator set size:undefined disposed:false
1582 http fetch GET 200 https://registry.npmjs.org/netmask 23ms (cache miss)
1583 silly packumentCache full:https://registry.npmjs.org/netmask set size:undefined disposed:false
1584 http fetch GET 200 https://registry.npmjs.org/basic-ftp 28ms (cache miss)
1585 silly packumentCache full:https://registry.npmjs.org/basic-ftp set size:undefined disposed:false
1586 http fetch GET 200 https://registry.npmjs.org/data-uri-to-buffer 593ms (cache revalidated)
1587 silly packumentCache full:https://registry.npmjs.org/data-uri-to-buffer set size:48018 disposed:false
1588 silly placeDep ROOT basic-ftp@5.3.1 OK for: get-uri@6.0.5 want: ^5.0.2
1589 silly placeDep node_modules/get-uri data-uri-to-buffer@6.0.2 OK for: get-uri@6.0.5 want: ^6.0.2
1590 silly placeDep ROOT degenerator@5.0.1 OK for: pac-resolver@7.0.1 want: ^5.0.0
1591 silly placeDep ROOT netmask@2.1.1 OK for: pac-resolver@7.0.1 want: ^2.0.2
1592 silly fetch manifest esprima@^4.0.1
1593 silly packumentCache full:https://registry.npmjs.org/esprima cache-miss
1594 silly fetch manifest ast-types@^0.13.4
1595 silly packumentCache full:https://registry.npmjs.org/ast-types cache-miss
1596 silly fetch manifest escodegen@^2.1.0
1597 silly packumentCache full:https://registry.npmjs.org/escodegen cache-miss
1598 http fetch GET 200 https://registry.npmjs.org/escodegen 26ms (cache miss)
1599 silly packumentCache full:https://registry.npmjs.org/escodegen set size:undefined disposed:false
1600 http fetch GET 200 https://registry.npmjs.org/esprima 30ms (cache miss)
1601 silly packumentCache full:https://registry.npmjs.org/esprima set size:undefined disposed:false
1602 http fetch GET 200 https://registry.npmjs.org/ast-types 35ms (cache miss)
1603 silly packumentCache full:https://registry.npmjs.org/ast-types set size:undefined disposed:false
1604 silly placeDep ROOT ast-types@0.13.4 OK for: degenerator@5.0.1 want: ^0.13.4
1605 silly placeDep ROOT escodegen@2.1.0 OK for: degenerator@5.0.1 want: ^2.1.0
1606 silly placeDep ROOT esprima@4.0.1 OK for: degenerator@5.0.1 want: ^4.0.1
1607 silly fetch manifest estraverse@^5.2.0
1608 silly packumentCache full:https://registry.npmjs.org/estraverse cache-miss
1609 silly fetch manifest esutils@^2.0.2
1610 silly packumentCache full:https://registry.npmjs.org/esutils cache-miss
1611 silly fetch manifest source-map@~0.6.1
1612 silly packumentCache full:https://registry.npmjs.org/source-map cache-miss
1613 http fetch GET 200 https://registry.npmjs.org/estraverse 22ms (cache miss)
1614 silly packumentCache full:https://registry.npmjs.org/estraverse set size:undefined disposed:false
1615 http fetch GET 200 https://registry.npmjs.org/esutils 26ms (cache miss)
1616 silly packumentCache full:https://registry.npmjs.org/esutils set size:undefined disposed:false
1617 http fetch GET 200 https://registry.npmjs.org/source-map 26ms (cache miss)
1618 silly packumentCache full:https://registry.npmjs.org/source-map set size:undefined disposed:false
1619 silly placeDep ROOT estraverse@5.3.0 OK for: escodegen@2.1.0 want: ^5.2.0
1620 silly placeDep ROOT esutils@2.0.3 OK for: escodegen@2.1.0 want: ^2.0.2
1621 silly placeDep ROOT source-map@0.6.1 OK for: escodegen@2.1.0 want: ~0.6.1
1622 silly placeDep node_modules/readdir-glob minimatch@5.1.9 OK for: readdir-glob@1.1.3 want: ^5.1.0
1623 silly placeDep ROOT onetime@5.1.2 OK for: restore-cursor@3.1.0 want: ^5.1.0
1624 silly placeDep node_modules/restore-cursor signal-exit@3.0.7 OK for: restore-cursor@3.1.0 want: ^3.0.2
1625 silly fetch manifest mimic-fn@^2.1.0
1626 silly packumentCache full:https://registry.npmjs.org/mimic-fn cache-miss
1627 http fetch GET 200 https://registry.npmjs.org/mimic-fn 16ms (cache miss)
1628 silly packumentCache full:https://registry.npmjs.org/mimic-fn set size:undefined disposed:false
1629 silly placeDep ROOT mimic-fn@2.1.0 OK for: onetime@5.1.2 want: ^2.1.0
1630 silly placeDep ROOT unicode-emoji-modifier-base@1.0.0 OK for: skin-tone@2.0.0 want: ^1.0.0
1631 silly placeDep ROOT socks@2.8.9 OK for: socks-proxy-agent@8.0.5 want: ^2.8.3
1632 silly fetch manifest smart-buffer@^4.2.0
1633 silly packumentCache full:https://registry.npmjs.org/smart-buffer cache-miss
1634 http fetch GET 200 https://registry.npmjs.org/smart-buffer 19ms (cache miss)
1635 silly packumentCache full:https://registry.npmjs.org/smart-buffer set size:undefined disposed:false
1636 silly placeDep ROOT smart-buffer@4.2.0 OK for: socks@2.8.9 want: ^4.2.0
1637 silly placeDep ROOT nearley@2.20.1 OK for: sql-formatter@15.8.2 want: ^2.20.1
1638 silly fetch manifest commander@^2.19.0
1639 silly packumentCache full:https://registry.npmjs.org/commander cache-hit
1640 silly fetch manifest moo@^0.5.0
1641 silly packumentCache full:https://registry.npmjs.org/moo cache-miss
1642 silly fetch manifest railroad-diagrams@^1.0.0
1643 silly packumentCache full:https://registry.npmjs.org/railroad-diagrams cache-miss
1644 silly fetch manifest randexp@0.4.6
1645 silly packumentCache full:https://registry.npmjs.org/randexp cache-miss
1646 http fetch GET 200 https://registry.npmjs.org/randexp 237ms (cache miss)
1647 silly packumentCache full:https://registry.npmjs.org/randexp set size:undefined disposed:false
1648 http fetch GET 200 https://registry.npmjs.org/moo 261ms (cache miss)
1649 silly packumentCache full:https://registry.npmjs.org/moo set size:undefined disposed:false
1650 http fetch GET 200 https://registry.npmjs.org/railroad-diagrams 274ms (cache miss)
1651 silly packumentCache full:https://registry.npmjs.org/railroad-diagrams set size:undefined disposed:false
1652 silly placeDep node_modules/nearley commander@2.20.3 OK for: nearley@2.20.1 want: ^2.19.0
1653 silly placeDep ROOT moo@0.5.3 OK for: nearley@2.20.1 want: ^0.5.0
1654 silly placeDep ROOT railroad-diagrams@1.0.0 OK for: nearley@2.20.1 want: ^1.0.0
1655 silly placeDep ROOT randexp@0.4.6 OK for: nearley@2.20.1 want: 0.4.6
1656 silly fetch manifest discontinuous-range@1.0.0
1657 silly packumentCache full:https://registry.npmjs.org/discontinuous-range cache-miss
1658 silly fetch manifest ret@~0.1.10
1659 silly packumentCache full:https://registry.npmjs.org/ret cache-miss
1660 http fetch GET 200 https://registry.npmjs.org/ret 23ms (cache miss)
1661 silly packumentCache full:https://registry.npmjs.org/ret set size:undefined disposed:false
1662 http fetch GET 200 https://registry.npmjs.org/discontinuous-range 380ms (cache miss)
1663 silly packumentCache full:https://registry.npmjs.org/discontinuous-range set size:undefined disposed:false
1664 silly placeDep ROOT discontinuous-range@1.0.0 OK for: randexp@0.4.6 want: 1.0.0
1665 silly placeDep ROOT ret@0.1.15 OK for: randexp@0.4.6 want: ~0.1.10
1666 silly placeDep ROOT basic-auth-connect@1.1.0 OK for: superstatic@10.0.0 want: ^1.1.0
1667 silly placeDep node_modules/superstatic commander@10.0.1 OK for: superstatic@10.0.0 want: ^10.0.0
1668 silly placeDep ROOT compression@1.8.1 OK for: superstatic@10.0.0 want: ^1.7.0
1669 silly placeDep ROOT connect@3.7.0 OK for: superstatic@10.0.0 want: ^3.7.0
1670 silly placeDep ROOT destroy@1.2.0 OK for: superstatic@10.0.0 want: ^1.0.4
1671 silly placeDep ROOT glob-slasher@1.0.1 OK for: superstatic@10.0.0 want: ^1.0.1
1672 silly placeDep ROOT is-url@1.2.4 OK for: superstatic@10.0.0 want: ^1.2.2
1673 silly placeDep ROOT join-path@1.1.1 OK for: superstatic@10.0.0 want: ^1.1.1
1674 silly placeDep node_modules/superstatic minimatch@6.2.3 OK for: superstatic@10.0.0 want: ^6.1.6
1675 silly placeDep node_modules/superstatic path-to-regexp@1.9.0 OK for: superstatic@10.0.0 want: ^1.9.0
1676 silly placeDep ROOT re2@1.24.1 OK for: superstatic@10.0.0 want: ^1.17.7
1677 silly fetch manifest tsscmp@^1.0.6
1678 silly packumentCache full:https://registry.npmjs.org/tsscmp cache-miss
1679 silly fetch manifest negotiator@~0.6.4
1680 silly packumentCache full:https://registry.npmjs.org/negotiator cache-miss
1681 silly fetch manifest compressible@~2.0.18
1682 silly packumentCache full:https://registry.npmjs.org/compressible cache-miss
1683 silly fetch manifest finalhandler@1.1.2
1684 silly packumentCache full:https://registry.npmjs.org/finalhandler cache-hit
1685 silly fetch manifest glob-slash@^1.0.0
1686 silly packumentCache full:https://registry.npmjs.org/glob-slash cache-miss
1687 silly fetch manifest lodash.isobject@^2.4.1
1688 silly packumentCache full:https://registry.npmjs.org/lodash.isobject cache-miss
1689 silly fetch manifest toxic@^1.0.0
1690 silly packumentCache full:https://registry.npmjs.org/toxic cache-miss
1691 silly fetch manifest as-array@^2.0.0
1692 silly packumentCache full:https://registry.npmjs.org/as-array cache-miss
1693 silly fetch manifest valid-url@^1
1694 silly packumentCache full:https://registry.npmjs.org/valid-url cache-miss
1695 silly fetch manifest url-join@0.0.1
1696 silly packumentCache full:https://registry.npmjs.org/url-join cache-miss
1697 silly fetch manifest isarray@0.0.1
1698 silly packumentCache full:https://registry.npmjs.org/isarray cache-miss
1699 silly fetch manifest nan@^2.27.0
1700 silly packumentCache full:https://registry.npmjs.org/nan cache-miss
1701 silly fetch manifest node-gyp@^12.3.0
1702 silly packumentCache full:https://registry.npmjs.org/node-gyp cache-miss
1703 silly fetch manifest install-artifact-from-github@^1.6.0
1704 silly packumentCache full:https://registry.npmjs.org/install-artifact-from-github cache-miss
1705 http cache https://registry.npmjs.org/isarray 10ms (cache hit)
1706 silly packumentCache full:https://registry.npmjs.org/isarray set size:17392 disposed:false
1707 http fetch GET 200 https://registry.npmjs.org/install-artifact-from-github 25ms (cache miss)
1708 silly packumentCache full:https://registry.npmjs.org/install-artifact-from-github set size:undefined disposed:false
1709 http fetch GET 200 https://registry.npmjs.org/negotiator 32ms (cache revalidated)
1710 silly packumentCache full:https://registry.npmjs.org/negotiator set size:48046 disposed:false
1711 http fetch GET 200 https://registry.npmjs.org/nan 31ms (cache miss)
1712 silly packumentCache full:https://registry.npmjs.org/nan set size:undefined disposed:false
1713 http fetch GET 200 https://registry.npmjs.org/compressible 35ms (cache miss)
1714 silly packumentCache full:https://registry.npmjs.org/compressible set size:undefined disposed:false
1715 http fetch GET 200 https://registry.npmjs.org/valid-url 247ms (cache miss)
1716 silly packumentCache full:https://registry.npmjs.org/valid-url set size:undefined disposed:false
1717 http fetch GET 200 https://registry.npmjs.org/tsscmp 250ms (cache miss)
1718 silly packumentCache full:https://registry.npmjs.org/tsscmp set size:undefined disposed:false
1719 http fetch GET 200 https://registry.npmjs.org/glob-slash 260ms (cache miss)
1720 silly packumentCache full:https://registry.npmjs.org/glob-slash set size:undefined disposed:false
1721 http fetch GET 200 https://registry.npmjs.org/as-array 261ms (cache miss)
1722 silly packumentCache full:https://registry.npmjs.org/as-array set size:undefined disposed:false
1723 http fetch GET 200 https://registry.npmjs.org/url-join 267ms (cache miss)
1724 silly packumentCache full:https://registry.npmjs.org/url-join set size:undefined disposed:false
1725 http fetch GET 200 https://registry.npmjs.org/node-gyp 267ms (cache miss)
1726 silly packumentCache full:https://registry.npmjs.org/node-gyp set size:undefined disposed:false
1727 http fetch GET 200 https://registry.npmjs.org/lodash.isobject 272ms (cache miss)
1728 silly packumentCache full:https://registry.npmjs.org/lodash.isobject set size:undefined disposed:false
1729 http fetch GET 200 https://registry.npmjs.org/toxic 275ms (cache miss)
1730 silly packumentCache full:https://registry.npmjs.org/toxic set size:undefined disposed:false
1731 silly placeDep ROOT tsscmp@1.0.6 OK for: basic-auth-connect@1.1.0 want: ^1.0.6
1732 silly placeDep ROOT compressible@2.0.18 OK for: compression@1.8.1 want: ~2.0.18
1733 silly placeDep node_modules/compression debug@2.6.9 OK for: compression@1.8.1 want: 2.6.9
1734 silly placeDep node_modules/compression negotiator@0.6.4 OK for: compression@1.8.1 want: ~0.6.4
1735 silly placeDep node_modules/connect debug@2.6.9 OK for: connect@3.7.0 want: 2.6.9
1736 silly placeDep node_modules/connect finalhandler@1.1.2 OK for: connect@3.7.0 want: 1.1.2
1737 silly placeDep ROOT utils-merge@1.0.1 OK for: connect@3.7.0 want: 1.0.1
1738 silly fetch manifest statuses@~1.5.0
1739 silly packumentCache full:https://registry.npmjs.org/statuses cache-miss
1740 silly fetch manifest encodeurl@~1.0.2
1741 silly packumentCache full:https://registry.npmjs.org/encodeurl cache-miss
1742 silly fetch manifest on-finished@~2.3.0
1743 silly packumentCache full:https://registry.npmjs.org/on-finished cache-miss
1744 http fetch GET 200 https://registry.npmjs.org/on-finished 22ms (cache revalidated)
1745 silly packumentCache full:https://registry.npmjs.org/on-finished set size:23212 disposed:false
1746 http fetch GET 200 https://registry.npmjs.org/statuses 24ms (cache revalidated)
1747 silly packumentCache full:https://registry.npmjs.org/statuses set size:37117 disposed:false
1748 http fetch GET 200 https://registry.npmjs.org/encodeurl 25ms (cache revalidated)
1749 silly packumentCache full:https://registry.npmjs.org/encodeurl set size:12296 disposed:false
1750 silly placeDep ROOT glob-slash@1.0.0 OK for: glob-slasher@1.0.1 want: ^1.0.0
1751 silly placeDep ROOT lodash.isobject@2.4.1 OK for: glob-slasher@1.0.1 want: ^2.4.1
1752 silly placeDep ROOT toxic@1.0.1 OK for: glob-slasher@1.0.1 want: ^1.0.0
1753 silly fetch manifest lodash._objecttypes@~2.4.1
1754 silly packumentCache full:https://registry.npmjs.org/lodash._objecttypes cache-miss
1755 http fetch GET 200 https://registry.npmjs.org/lodash._objecttypes 244ms (cache miss)
1756 silly packumentCache full:https://registry.npmjs.org/lodash._objecttypes set size:undefined disposed:false
1757 silly placeDep ROOT as-array@2.0.0 OK for: join-path@1.1.1 want: ^2.0.0
1758 silly placeDep ROOT url-join@0.0.1 OK for: join-path@1.1.1 want: 0.0.1
1759 silly placeDep ROOT valid-url@1.0.9 OK for: join-path@1.1.1 want: ^1
1760 silly placeDep ROOT lodash._objecttypes@2.4.1 OK for: lodash.isobject@2.4.1 want: ~2.4.1
1761 silly placeDep ROOT install-artifact-from-github@1.7.0 OK for: re2@1.24.1 want: ^1.6.0
1762 silly placeDep ROOT nan@2.28.0 OK for: re2@1.24.1 want: ^2.27.0
1763 silly placeDep ROOT node-gyp@12.4.0 OK for: re2@1.24.1 want: ^12.3.0
1764 silly fetch manifest nopt@^9.0.0
1765 silly packumentCache full:https://registry.npmjs.org/nopt cache-miss
1766 silly fetch manifest which@^6.0.0
1767 silly packumentCache full:https://registry.npmjs.org/which cache-miss
1768 silly fetch manifest proc-log@^6.0.0
1769 silly packumentCache full:https://registry.npmjs.org/proc-log cache-miss
1770 silly fetch manifest env-paths@^2.2.0
1771 silly packumentCache full:https://registry.npmjs.org/env-paths cache-miss
1772 silly fetch manifest tinyglobby@^0.2.12
1773 silly packumentCache full:https://registry.npmjs.org/tinyglobby cache-miss
1774 silly fetch manifest exponential-backoff@^3.1.1
1775 silly packumentCache full:https://registry.npmjs.org/exponential-backoff cache-miss
1776 http cache https://registry.npmjs.org/which 6ms (cache hit)
1777 silly packumentCache full:https://registry.npmjs.org/which set size:70087 disposed:false
1778 http fetch GET 200 https://registry.npmjs.org/proc-log 18ms (cache miss)
1779 silly packumentCache full:https://registry.npmjs.org/proc-log set size:undefined disposed:false
1780 http fetch GET 200 https://registry.npmjs.org/env-paths 248ms (cache miss)
1781 silly packumentCache full:https://registry.npmjs.org/env-paths set size:undefined disposed:false
1782 http fetch GET 200 https://registry.npmjs.org/nopt 248ms (cache miss)
1783 silly packumentCache full:https://registry.npmjs.org/nopt set size:undefined disposed:false
1784 http fetch GET 200 https://registry.npmjs.org/exponential-backoff 251ms (cache miss)
1785 silly packumentCache full:https://registry.npmjs.org/exponential-backoff set size:undefined disposed:false
1786 http fetch GET 200 https://registry.npmjs.org/tinyglobby 492ms (cache miss)
1787 silly packumentCache full:https://registry.npmjs.org/tinyglobby set size:undefined disposed:false
1788 silly placeDep ROOT env-paths@2.2.1 OK for: node-gyp@12.4.0 want: ^2.2.0
1789 silly placeDep ROOT exponential-backoff@3.1.3 OK for: node-gyp@12.4.0 want: ^3.1.1
1790 silly placeDep ROOT nopt@9.0.0 OK for: node-gyp@12.4.0 want: ^9.0.0
1791 silly placeDep ROOT proc-log@6.1.0 OK for: node-gyp@12.4.0 want: ^6.0.0
1792 silly placeDep ROOT tinyglobby@0.2.17 OK for: node-gyp@12.4.0 want: ^0.2.12
1793 silly placeDep node_modules/node-gyp which@6.0.1 OK for: node-gyp@12.4.0 want: ^6.0.0
1794 silly fetch manifest abbrev@^4.0.0
1795 silly packumentCache full:https://registry.npmjs.org/abbrev cache-miss
1796 silly fetch manifest fdir@^6.5.0
1797 silly packumentCache full:https://registry.npmjs.org/fdir cache-miss
1798 silly fetch manifest picomatch@^4.0.4
1799 silly packumentCache full:https://registry.npmjs.org/picomatch cache-miss
1800 silly fetch manifest isexe@^4.0.0
1801 silly packumentCache full:https://registry.npmjs.org/isexe cache-miss
1802 http cache https://registry.npmjs.org/picomatch 5ms (cache hit)
1803 silly packumentCache full:https://registry.npmjs.org/picomatch set size:128942 disposed:false
1804 http cache https://registry.npmjs.org/isexe 6ms (cache hit)
1805 silly packumentCache full:https://registry.npmjs.org/isexe set size:31756 disposed:false
1806 http fetch GET 200 https://registry.npmjs.org/fdir 20ms (cache miss)
1807 silly packumentCache full:https://registry.npmjs.org/fdir set size:undefined disposed:false
1808 http fetch GET 200 https://registry.npmjs.org/abbrev 22ms (cache miss)
1809 silly packumentCache full:https://registry.npmjs.org/abbrev set size:undefined disposed:false
1810 silly placeDep ROOT abbrev@4.0.0 OK for: nopt@9.0.0 want: ^4.0.0
1811 silly placeDep ROOT has-flag@4.0.0 OK for: supports-hyperlinks@3.2.0 want: ^4.0.0
1812 silly placeDep ROOT supports-color@7.2.0 OK for: supports-hyperlinks@3.2.0 want: ^7.0.0
1813 silly placeDep ROOT @isaacs/fs-minipass@4.0.1 OK for: tar@7.5.22 want: ^4.0.0
1814 silly placeDep ROOT chownr@3.0.0 OK for: tar@7.5.22 want: ^3.0.0
1815 silly placeDep ROOT minizlib@3.1.0 OK for: tar@7.5.22 want: ^3.1.0
1816 silly placeDep ROOT yallist@5.0.0 OK for: tar@7.5.22 want: ^5.0.0
1817 silly fetch manifest react-native-b4a@*
1818 silly packumentCache full:https://registry.npmjs.org/react-native-b4a cache-miss
1819 http fetch GET 200 https://registry.npmjs.org/react-native-b4a 20ms (cache miss)
1820 silly packumentCache full:https://registry.npmjs.org/react-native-b4a set size:undefined disposed:false
1821 silly fetch manifest react@*
1822 silly packumentCache full:https://registry.npmjs.org/react cache-miss
1823 http cache https://registry.npmjs.org/react 15ms (cache hit)
1824 silly packumentCache full:https://registry.npmjs.org/react set size:6859098 disposed:false
1825 silly fetch manifest react-native@*
1826 silly packumentCache full:https://registry.npmjs.org/react-native cache-miss
1827 http fetch GET 200 https://registry.npmjs.org/react-native 48ms (cache revalidated)
1828 silly packumentCache full:https://registry.npmjs.org/react-native set size:15598608 disposed:false
1829 silly fetch manifest @react-native/jest-preset@0.86.2
1830 silly packumentCache full:https://registry.npmjs.org/@react-native%2fjest-preset cache-miss
1831 http fetch GET 200 https://registry.npmjs.org/@react-native%2fjest-preset 33ms (cache revalidated)
1832 silly packumentCache full:https://registry.npmjs.org/@react-native%2fjest-preset set size:317218 disposed:false
1833 silly fetch manifest @types/react@^19.1.1
1834 silly packumentCache full:https://registry.npmjs.org/@types%2freact cache-miss
1835 http cache https://registry.npmjs.org/@types%2freact 9ms (cache hit)
1836 silly packumentCache full:https://registry.npmjs.org/@types%2freact set size:2637439 disposed:false
1837 silly fetch manifest bare-buffer@*
1838 silly packumentCache full:https://registry.npmjs.org/bare-buffer cache-miss
1839 http fetch GET 200 https://registry.npmjs.org/bare-buffer 24ms (cache miss)
1840 silly packumentCache full:https://registry.npmjs.org/bare-buffer set size:undefined disposed:false
1841 silly placeDep ROOT b4a@1.8.1 OK for: tar-stream@3.2.0 want: ^1.6.4
1842 silly placeDep ROOT bare-fs@4.7.4 OK for: tar-stream@3.2.0 want: ^4.5.5
1843 silly placeDep ROOT fast-fifo@1.3.2 OK for: tar-stream@3.2.0 want: ^1.2.0
1844 silly placeDep ROOT streamx@2.28.0 OK for: tar-stream@3.2.0 want: ^2.15.0
1845 silly fetch manifest bare-events@^2.5.4
1846 silly packumentCache full:https://registry.npmjs.org/bare-events cache-miss
1847 silly fetch manifest bare-path@^3.0.0
1848 silly packumentCache full:https://registry.npmjs.org/bare-path cache-miss
1849 silly fetch manifest bare-stream@^2.6.4
1850 silly packumentCache full:https://registry.npmjs.org/bare-stream cache-miss
1851 silly fetch manifest bare-url@^2.2.2
1852 silly packumentCache full:https://registry.npmjs.org/bare-url cache-miss
1853 silly fetch manifest fast-fifo@^1.3.2
1854 silly packumentCache full:https://registry.npmjs.org/fast-fifo cache-miss
1855 silly fetch manifest events-universal@^1.0.0
1856 silly packumentCache full:https://registry.npmjs.org/events-universal cache-miss
1857 silly fetch manifest text-decoder@^1.1.0
1858 silly packumentCache full:https://registry.npmjs.org/text-decoder cache-miss
1859 http cache https://registry.npmjs.org/fast-fifo 8ms (cache hit)
1860 silly packumentCache full:https://registry.npmjs.org/fast-fifo set size:13855 disposed:false
1861 http fetch GET 200 https://registry.npmjs.org/bare-events 19ms (cache miss)
1862 silly packumentCache full:https://registry.npmjs.org/bare-events set size:undefined disposed:false
1863 http fetch GET 200 https://registry.npmjs.org/bare-path 24ms (cache miss)
1864 silly packumentCache full:https://registry.npmjs.org/bare-path set size:undefined disposed:false
1865 http fetch GET 200 https://registry.npmjs.org/bare-url 26ms (cache miss)
1866 silly packumentCache full:https://registry.npmjs.org/bare-url set size:undefined disposed:false
1867 http fetch GET 200 https://registry.npmjs.org/bare-stream 29ms (cache miss)
1868 silly packumentCache full:https://registry.npmjs.org/bare-stream set size:undefined disposed:false
1869 http fetch GET 200 https://registry.npmjs.org/text-decoder 257ms (cache miss)
1870 silly packumentCache full:https://registry.npmjs.org/text-decoder set size:undefined disposed:false
1871 http fetch GET 200 https://registry.npmjs.org/events-universal 258ms (cache miss)
1872 silly packumentCache full:https://registry.npmjs.org/events-universal set size:undefined disposed:false
1873 silly fetch manifest bare-abort-controller@*
1874 silly packumentCache full:https://registry.npmjs.org/bare-abort-controller cache-miss
1875 http fetch GET 200 https://registry.npmjs.org/bare-abort-controller 27ms (cache miss)
1876 silly packumentCache full:https://registry.npmjs.org/bare-abort-controller set size:undefined disposed:false
1877 silly placeDep ROOT bare-events@2.9.1 OK for: bare-fs@4.7.4 want: ^2.5.4
1878 silly placeDep ROOT bare-path@3.1.1 OK for: bare-fs@4.7.4 want: ^3.0.0
1879 silly placeDep ROOT bare-stream@2.13.3 OK for: bare-fs@4.7.4 want: ^2.6.4
1880 silly placeDep ROOT bare-url@2.4.6 OK for: bare-fs@4.7.4 want: ^2.2.2
1881 silly fetch manifest teex@^1.0.1
1882 silly packumentCache full:https://registry.npmjs.org/teex cache-miss
1883 http fetch GET 200 https://registry.npmjs.org/teex 245ms (cache miss)
1884 silly packumentCache full:https://registry.npmjs.org/teex set size:undefined disposed:false
1885 silly placeDep ROOT teex@1.0.1 OK for: bare-stream@2.13.3 want: ^1.0.1
1886 silly placeDep ROOT events-universal@1.0.1 OK for: streamx@2.28.0 want: ^1.0.0
1887 silly placeDep ROOT text-decoder@1.2.7 OK for: streamx@2.28.0 want: ^1.1.0
1888 silly placeDep node_modules/tcp-port-used debug@4.3.1 OK for: tcp-port-used@1.0.3 want: 4.3.1
1889 silly placeDep ROOT is2@2.0.1 OK for: tcp-port-used@1.0.3 want: 2.0.1
1890 silly fetch manifest ms@2.1.2
1891 silly packumentCache full:https://registry.npmjs.org/ms cache-hit
1892 silly fetch manifest deep-is@^0.1.3
1893 silly packumentCache full:https://registry.npmjs.org/deep-is cache-miss
1894 silly fetch manifest ip-regex@^2.1.0
1895 silly packumentCache full:https://registry.npmjs.org/ip-regex cache-miss
1896 http fetch GET 200 https://registry.npmjs.org/deep-is 15ms (cache miss)
1897 silly packumentCache full:https://registry.npmjs.org/deep-is set size:undefined disposed:false
1898 http fetch GET 200 https://registry.npmjs.org/ip-regex 242ms (cache miss)
1899 silly packumentCache full:https://registry.npmjs.org/ip-regex set size:undefined disposed:false
1900 silly placeDep ROOT deep-is@0.1.4 OK for: is2@2.0.1 want: ^0.1.3
1901 silly placeDep ROOT ip-regex@2.1.0 OK for: is2@2.0.1 want: ^2.1.0
1902 silly placeDep ROOT thenify@3.3.1 OK for: thenify-all@1.6.0 want: >= 3.1.0 < 4
1903 silly placeDep node_modules/tinyglobby fdir@6.5.0 OK for: tinyglobby@0.2.17 want: ^6.5.0
1904 silly placeDep node_modules/tinyglobby picomatch@4.0.5 OK for: fdir@6.5.0 want: ^3 || ^4
1905 silly placeDep ROOT is-number@7.0.0 OK for: to-regex-range@5.0.1 want: ^7.0.0
1906 silly placeDep ROOT crypto-random-string@2.0.0 OK for: unique-string@2.0.0 want: ^2.0.0
1907 silly placeDep node_modules/universal-analytics uuid@11.1.1 OK for: universal-analytics@0.5.4 want: 11.1.1
1908 silly placeDep ROOT boxen@5.1.2 OK for: update-notifier-cjs@5.1.7 want: ^5.0.0
1909 silly placeDep node_modules/update-notifier-cjs chalk@4.1.2 OK for: update-notifier-cjs@5.1.7 want: ^4.1.0
1910 silly placeDep ROOT has-yarn@2.1.0 OK for: update-notifier-cjs@5.1.7 want: ^2.1.0
1911 silly placeDep ROOT import-lazy@2.1.0 OK for: update-notifier-cjs@5.1.7 want: ^2.1.0
1912 silly placeDep ROOT is-ci@2.0.0 OK for: update-notifier-cjs@5.1.7 want: ^2.0.0
1913 silly placeDep ROOT is-installed-globally@0.4.0 OK for: update-notifier-cjs@5.1.7 want: ^0.4.0
1914 silly placeDep ROOT is-npm@5.0.0 OK for: update-notifier-cjs@5.1.7 want: ^5.0.0
1915 silly placeDep ROOT is-yarn-global@0.3.0 OK for: update-notifier-cjs@5.1.7 want: ^0.3.0
1916 silly placeDep ROOT isomorphic-fetch@3.0.0 OK for: update-notifier-cjs@5.1.7 want: ^3.0.0
1917 silly placeDep ROOT pupa@2.1.1 OK for: update-notifier-cjs@5.1.7 want: ^2.1.1
1918 silly placeDep ROOT registry-auth-token@5.1.1 OK for: update-notifier-cjs@5.1.7 want: ^5.0.1
1919 silly placeDep ROOT registry-url@5.1.0 OK for: update-notifier-cjs@5.1.7 want: ^5.1.0
1920 silly placeDep ROOT semver-diff@3.1.1 OK for: update-notifier-cjs@5.1.7 want: ^3.1.1
1921 silly fetch manifest camelcase@^6.2.0
1922 silly packumentCache full:https://registry.npmjs.org/camelcase cache-miss
1923 silly fetch manifest cli-boxes@^2.2.1
1924 silly packumentCache full:https://registry.npmjs.org/cli-boxes cache-miss
1925 silly fetch manifest type-fest@^0.20.2
1926 silly packumentCache full:https://registry.npmjs.org/type-fest cache-miss
1927 silly fetch manifest ansi-align@^3.0.0
1928 silly packumentCache full:https://registry.npmjs.org/ansi-align cache-miss
1929 silly fetch manifest widest-line@^3.1.0
1930 silly packumentCache full:https://registry.npmjs.org/widest-line cache-miss
1931 silly fetch manifest ci-info@^2.0.0
1932 silly packumentCache full:https://registry.npmjs.org/ci-info cache-miss
1933 silly fetch manifest global-dirs@^3.0.0
1934 silly packumentCache full:https://registry.npmjs.org/global-dirs cache-miss
1935 silly fetch manifest is-path-inside@^3.0.2
1936 silly packumentCache full:https://registry.npmjs.org/is-path-inside cache-miss
1937 silly fetch manifest whatwg-fetch@^3.4.1
1938 silly packumentCache full:https://registry.npmjs.org/whatwg-fetch cache-miss
1939 silly fetch manifest escape-goat@^2.0.0
1940 silly packumentCache full:https://registry.npmjs.org/escape-goat cache-miss
1941 silly fetch manifest @pnpm/npm-conf@^3.0.2
1942 silly packumentCache full:https://registry.npmjs.org/@pnpm%2fnpm-conf cache-miss
1943 silly fetch manifest rc@^1.2.8
1944 silly packumentCache full:https://registry.npmjs.org/rc cache-miss
1945 silly fetch manifest semver@^6.3.0
1946 silly packumentCache full:https://registry.npmjs.org/semver cache-hit
1947 http fetch GET 200 https://registry.npmjs.org/ci-info 24ms (cache miss)
1948 silly packumentCache full:https://registry.npmjs.org/ci-info set size:undefined disposed:false
1949 http fetch GET 200 https://registry.npmjs.org/ansi-align 26ms (cache miss)
1950 silly packumentCache full:https://registry.npmjs.org/ansi-align set size:undefined disposed:false
1951 http fetch GET 200 https://registry.npmjs.org/type-fest 39ms (cache miss)
1952 silly packumentCache full:https://registry.npmjs.org/type-fest set size:undefined disposed:false
1953 http fetch GET 200 https://registry.npmjs.org/widest-line 254ms (cache miss)
1954 silly packumentCache full:https://registry.npmjs.org/widest-line set size:undefined disposed:false
1955 http fetch GET 200 https://registry.npmjs.org/is-path-inside 262ms (cache miss)
1956 silly packumentCache full:https://registry.npmjs.org/is-path-inside set size:undefined disposed:false
1957 http fetch GET 200 https://registry.npmjs.org/camelcase 264ms (cache miss)
1958 silly packumentCache full:https://registry.npmjs.org/camelcase set size:undefined disposed:false
1959 http fetch GET 200 https://registry.npmjs.org/escape-goat 263ms (cache miss)
1960 silly packumentCache full:https://registry.npmjs.org/escape-goat set size:undefined disposed:false
1961 http fetch GET 200 https://registry.npmjs.org/rc 264ms (cache miss)
1962 silly packumentCache full:https://registry.npmjs.org/rc set size:undefined disposed:false
1963 http fetch GET 200 https://registry.npmjs.org/global-dirs 266ms (cache miss)
1964 silly packumentCache full:https://registry.npmjs.org/global-dirs set size:undefined disposed:false
1965 http fetch GET 200 https://registry.npmjs.org/cli-boxes 269ms (cache miss)
1966 silly packumentCache full:https://registry.npmjs.org/cli-boxes set size:undefined disposed:false
1967 http fetch GET 200 https://registry.npmjs.org/whatwg-fetch 268ms (cache miss)
1968 silly packumentCache full:https://registry.npmjs.org/whatwg-fetch set size:undefined disposed:false
1969 http fetch GET 200 https://registry.npmjs.org/@pnpm%2fnpm-conf 855ms (cache miss)
1970 silly packumentCache full:https://registry.npmjs.org/@pnpm%2fnpm-conf set size:undefined disposed:false
1971 silly placeDep ROOT ansi-align@3.0.1 OK for: boxen@5.1.2 want: ^3.0.0
1972 silly placeDep ROOT camelcase@6.3.0 OK for: boxen@5.1.2 want: ^6.2.0
1973 silly placeDep node_modules/boxen chalk@4.1.2 OK for: boxen@5.1.2 want: ^4.1.0
1974 silly placeDep ROOT cli-boxes@2.2.1 OK for: boxen@5.1.2 want: ^2.2.1
1975 silly placeDep ROOT type-fest@0.20.2 OK for: boxen@5.1.2 want: ^0.20.2
1976 silly placeDep ROOT widest-line@3.1.0 OK for: boxen@5.1.2 want: ^3.1.0
1977 silly placeDep ROOT ci-info@2.0.0 OK for: is-ci@2.0.0 want: ^2.0.0
1978 silly placeDep ROOT global-dirs@3.0.1 OK for: is-installed-globally@0.4.0 want: ^3.0.0
1979 silly placeDep ROOT is-path-inside@3.0.3 OK for: is-installed-globally@0.4.0 want: ^3.0.2
1980 silly fetch manifest ini@2.0.0
1981 silly packumentCache full:https://registry.npmjs.org/ini cache-miss
1982 http fetch GET 200 https://registry.npmjs.org/ini 18ms (cache miss)
1983 silly packumentCache full:https://registry.npmjs.org/ini set size:undefined disposed:false
1984 silly placeDep ROOT ini@2.0.0 OK for: global-dirs@3.0.1 want: 2.0.0
1985 silly placeDep ROOT whatwg-fetch@3.6.20 OK for: isomorphic-fetch@3.0.0 want: ^3.4.1
1986 silly placeDep ROOT escape-goat@2.1.1 OK for: pupa@2.1.1 want: ^2.0.0
1987 silly placeDep ROOT @pnpm/npm-conf@3.0.3 OK for: registry-auth-token@5.1.1 want: ^3.0.2
1988 silly fetch manifest @pnpm/config.env-replace@^1.1.0
1989 silly packumentCache full:https://registry.npmjs.org/@pnpm%2fconfig.env-replace cache-miss
1990 silly fetch manifest @pnpm/network.ca-file@^1.0.1
1991 silly packumentCache full:https://registry.npmjs.org/@pnpm%2fnetwork.ca-file cache-miss
1992 silly fetch manifest config-chain@^1.1.11
1993 silly packumentCache full:https://registry.npmjs.org/config-chain cache-miss
1994 http fetch GET 200 https://registry.npmjs.org/config-chain 19ms (cache miss)
1995 silly packumentCache full:https://registry.npmjs.org/config-chain set size:undefined disposed:false
1996 http fetch GET 200 https://registry.npmjs.org/@pnpm%2fnetwork.ca-file 649ms (cache miss)
1997 silly packumentCache full:https://registry.npmjs.org/@pnpm%2fnetwork.ca-file set size:undefined disposed:false
1998 http fetch GET 200 https://registry.npmjs.org/@pnpm%2fconfig.env-replace 869ms (cache miss)
1999 silly packumentCache full:https://registry.npmjs.org/@pnpm%2fconfig.env-replace set size:undefined disposed:false
2000 silly placeDep ROOT @pnpm/config.env-replace@1.1.0 OK for: @pnpm/npm-conf@3.0.3 want: ^1.1.0
2001 silly placeDep ROOT @pnpm/network.ca-file@1.0.2 OK for: @pnpm/npm-conf@3.0.3 want: ^1.0.1
2002 silly placeDep ROOT config-chain@1.1.13 OK for: @pnpm/npm-conf@3.0.3 want: ^1.1.11
2003 silly fetch manifest graceful-fs@4.2.10
2004 silly packumentCache full:https://registry.npmjs.org/graceful-fs cache-hit
2005 silly fetch manifest proto-list@~1.2.1
2006 silly packumentCache full:https://registry.npmjs.org/proto-list cache-miss
2007 silly fetch manifest ini@^1.3.4
2008 silly packumentCache full:https://registry.npmjs.org/ini cache-miss
2009 http cache https://registry.npmjs.org/ini 4ms (cache hit)
2010 silly packumentCache full:https://registry.npmjs.org/ini set size:59124 disposed:false
2011 http fetch GET 200 https://registry.npmjs.org/proto-list 244ms (cache miss)
2012 silly packumentCache full:https://registry.npmjs.org/proto-list set size:undefined disposed:false
2013 silly placeDep node_modules/@pnpm/network.ca-file graceful-fs@4.2.10 OK for: @pnpm/network.ca-file@1.0.2 want: 4.2.10
2014 silly placeDep node_modules/config-chain ini@1.3.8 OK for: config-chain@1.1.13 want: ^1.3.4
2015 silly placeDep ROOT proto-list@1.2.4 OK for: config-chain@1.1.13 want: ~1.2.1
2016 silly placeDep ROOT rc@1.2.8 OK for: registry-url@5.1.0 want: ^1.2.8
2017 silly fetch manifest ini@~1.3.0
2018 silly packumentCache full:https://registry.npmjs.org/ini cache-hit
2019 silly fetch manifest minimist@^1.2.0
2020 silly packumentCache full:https://registry.npmjs.org/minimist cache-miss
2021 silly fetch manifest deep-extend@^0.6.0
2022 silly packumentCache full:https://registry.npmjs.org/deep-extend cache-miss
2023 silly fetch manifest strip-json-comments@~2.0.1
2024 silly packumentCache full:https://registry.npmjs.org/strip-json-comments cache-miss
2025 http fetch GET 200 https://registry.npmjs.org/minimist 21ms (cache miss)
2026 silly packumentCache full:https://registry.npmjs.org/minimist set size:undefined disposed:false
2027 http fetch GET 200 https://registry.npmjs.org/strip-json-comments 22ms (cache miss)
2028 silly packumentCache full:https://registry.npmjs.org/strip-json-comments set size:undefined disposed:false
2029 http fetch GET 200 https://registry.npmjs.org/deep-extend 23ms (cache miss)
2030 silly packumentCache full:https://registry.npmjs.org/deep-extend set size:undefined disposed:false
2031 silly placeDep ROOT deep-extend@0.6.0 OK for: rc@1.2.8 want: ^0.6.0
2032 silly placeDep node_modules/rc ini@1.3.8 OK for: rc@1.2.8 want: ~1.3.0
2033 silly placeDep ROOT minimist@1.2.8 OK for: rc@1.2.8 want: ^1.2.0
2034 silly placeDep ROOT strip-json-comments@2.0.1 OK for: rc@1.2.8 want: ~2.0.1
2035 silly placeDep node_modules/semver-diff semver@6.3.1 OK for: semver-diff@3.1.1 want: ^6.3.0
2036 silly placeDep ROOT defaults@1.0.4 OK for: wcwidth@1.0.1 want: ^1.0.3
2037 silly fetch manifest clone@^1.0.2
2038 silly packumentCache full:https://registry.npmjs.org/clone cache-miss
2039 http fetch GET 200 https://registry.npmjs.org/clone 24ms (cache miss)
2040 silly packumentCache full:https://registry.npmjs.org/clone set size:undefined disposed:false
2041 silly placeDep ROOT clone@1.0.4 OK for: defaults@1.0.4 want: ^1.0.2
2042 silly placeDep node_modules/winston @colors/colors@1.6.0 OK for: winston@3.19.0 want: ^1.6.0
2043 silly placeDep ROOT @dabh/diagnostics@2.0.8 OK for: winston@3.19.0 want: ^2.0.8
2044 silly placeDep ROOT logform@2.7.0 OK for: winston@3.19.0 want: ^2.7.0
2045 silly placeDep ROOT one-time@1.0.0 OK for: winston@3.19.0 want: ^1.0.0
2046 silly placeDep ROOT safe-stable-stringify@2.5.0 OK for: winston@3.19.0 want: ^2.3.1
2047 silly placeDep ROOT stack-trace@0.0.10 OK for: winston@3.19.0 want: 0.0.x
2048 silly fetch manifest @so-ric/colorspace@^1.1.6
2049 silly packumentCache full:https://registry.npmjs.org/@so-ric%2fcolorspace cache-miss
2050 silly fetch manifest enabled@2.0.x
2051 silly packumentCache full:https://registry.npmjs.org/enabled cache-miss
2052 silly fetch manifest kuler@^2.0.0
2053 silly packumentCache full:https://registry.npmjs.org/kuler cache-miss
2054 silly fetch manifest @colors/colors@1.6.0
2055 silly packumentCache full:https://registry.npmjs.org/@colors%2fcolors cache-hit
2056 silly fetch manifest @types/triple-beam@^1.3.2
2057 silly packumentCache full:https://registry.npmjs.org/@types%2ftriple-beam cache-miss
2058 silly fetch manifest fecha@^4.2.0
2059 silly packumentCache full:https://registry.npmjs.org/fecha cache-miss
2060 silly fetch manifest fn.name@1.x.x
2061 silly packumentCache full:https://registry.npmjs.org/fn.name cache-miss
2062 http fetch GET 200 https://registry.npmjs.org/fn.name 19ms (cache miss)
2063 silly packumentCache full:https://registry.npmjs.org/fn.name set size:undefined disposed:false
2064 http fetch GET 200 https://registry.npmjs.org/@types%2ftriple-beam 27ms (cache miss)
2065 silly packumentCache full:https://registry.npmjs.org/@types%2ftriple-beam set size:undefined disposed:false
2066 http fetch GET 200 https://registry.npmjs.org/enabled 29ms (cache miss)
2067 silly packumentCache full:https://registry.npmjs.org/enabled set size:undefined disposed:false
2068 http fetch GET 200 https://registry.npmjs.org/fecha 257ms (cache miss)
2069 silly packumentCache full:https://registry.npmjs.org/fecha set size:undefined disposed:false
2070 http fetch GET 200 https://registry.npmjs.org/@so-ric%2fcolorspace 262ms (cache miss)
2071 silly packumentCache full:https://registry.npmjs.org/@so-ric%2fcolorspace set size:undefined disposed:false
2072 http fetch GET 200 https://registry.npmjs.org/kuler 555ms (cache miss)
2073 silly packumentCache full:https://registry.npmjs.org/kuler set size:undefined disposed:false
2074 silly placeDep ROOT @so-ric/colorspace@1.1.6 OK for: @dabh/diagnostics@2.0.8 want: ^1.1.6
2075 silly placeDep ROOT enabled@2.0.0 OK for: @dabh/diagnostics@2.0.8 want: 2.0.x
2076 silly placeDep ROOT kuler@2.0.0 OK for: @dabh/diagnostics@2.0.8 want: ^2.0.0
2077 silly fetch manifest color@^5.0.2
2078 silly packumentCache full:https://registry.npmjs.org/color cache-miss
2079 silly fetch manifest text-hex@1.0.x
2080 silly packumentCache full:https://registry.npmjs.org/text-hex cache-miss
2081 http fetch GET 200 https://registry.npmjs.org/text-hex 18ms (cache miss)
2082 silly packumentCache full:https://registry.npmjs.org/text-hex set size:undefined disposed:false
2083 http fetch GET 200 https://registry.npmjs.org/color 21ms (cache miss)
2084 silly packumentCache full:https://registry.npmjs.org/color set size:undefined disposed:false
2085 silly placeDep ROOT color@5.0.3 OK for: @so-ric/colorspace@1.1.6 want: ^5.0.2
2086 silly placeDep ROOT text-hex@1.0.0 OK for: @so-ric/colorspace@1.1.6 want: 1.0.x
2087 silly fetch manifest color-convert@^3.1.3
2088 silly packumentCache full:https://registry.npmjs.org/color-convert cache-miss
2089 silly fetch manifest color-string@^2.1.3
2090 silly packumentCache full:https://registry.npmjs.org/color-string cache-miss
2091 http fetch GET 200 https://registry.npmjs.org/color-convert 19ms (cache revalidated)
2092 silly packumentCache full:https://registry.npmjs.org/color-convert set size:72663 disposed:false
2093 http fetch GET 200 https://registry.npmjs.org/color-string 20ms (cache miss)
2094 silly packumentCache full:https://registry.npmjs.org/color-string set size:undefined disposed:false
2095 silly placeDep node_modules/color color-convert@3.1.3 OK for: color@5.0.3 want: ^3.1.3
2096 silly placeDep ROOT color-string@2.1.4 OK for: color@5.0.3 want: ^2.1.3
2097 silly fetch manifest color-name@^2.0.0
2098 silly packumentCache full:https://registry.npmjs.org/color-name cache-miss
2099 silly fetch manifest color-name@^2.0.0
2100 silly packumentCache full:https://registry.npmjs.org/color-name cache-miss
2101 http fetch GET 200 https://registry.npmjs.org/color-name 44ms (cache revalidated)
2102 silly packumentCache full:https://registry.npmjs.org/color-name set size:20968 disposed:false
2103 http fetch GET 200 https://registry.npmjs.org/color-name 48ms (cache revalidated)
2104 silly packumentCache full:https://registry.npmjs.org/color-name set size:20968 disposed:false
2105 silly packumentCache full:https://registry.npmjs.org/color-name dispose
2106 silly placeDep node_modules/color-string color-name@2.1.1 OK for: color-string@2.1.4 want: ^2.0.0
2107 silly placeDep node_modules/logform @colors/colors@1.6.0 OK for: logform@2.7.0 want: 1.6.0
2108 silly placeDep ROOT @types/triple-beam@1.3.5 OK for: logform@2.7.0 want: ^1.3.2
2109 silly placeDep ROOT fecha@4.2.3 OK for: logform@2.7.0 want: ^4.2.0
2110 silly placeDep ROOT fn.name@1.1.0 OK for: one-time@1.0.0 want: 1.x.x
2111 silly placeDep ROOT imurmurhash@0.1.4 OK for: write-file-atomic@3.0.3 want: ^0.1.4
2112 silly placeDep ROOT is-typedarray@1.0.0 OK for: write-file-atomic@3.0.3 want: ^1.0.0
2113 silly placeDep node_modules/write-file-atomic signal-exit@3.0.7 OK for: write-file-atomic@3.0.3 want: ^3.0.2
2114 silly placeDep ROOT typedarray-to-buffer@3.1.5 OK for: write-file-atomic@3.0.3 want: ^3.1.5
2115 silly placeDep ROOT compress-commons@6.0.2 OK for: zip-stream@6.0.1 want: ^6.0.2
2116 silly placeDep node_modules/zip-stream readable-stream@4.7.0 OK for: zip-stream@6.0.1 want: ^4.0.0
2117 silly fetch manifest crc-32@^1.2.0
2118 silly packumentCache full:https://registry.npmjs.org/crc-32 cache-miss
2119 silly fetch manifest crc32-stream@^6.0.0
2120 silly packumentCache full:https://registry.npmjs.org/crc32-stream cache-miss
2121 http fetch GET 200 https://registry.npmjs.org/crc-32 247ms (cache miss)
2122 silly packumentCache full:https://registry.npmjs.org/crc-32 set size:undefined disposed:false
2123 http fetch GET 200 https://registry.npmjs.org/crc32-stream 261ms (cache miss)
2124 silly packumentCache full:https://registry.npmjs.org/crc32-stream set size:undefined disposed:false
2125 silly placeDep ROOT crc-32@1.2.2 OK for: compress-commons@6.0.2 want: ^1.2.0
2126 silly placeDep ROOT crc32-stream@6.0.0 OK for: compress-commons@6.0.2 want: ^6.0.0
2127 silly placeDep node_modules/compress-commons readable-stream@4.7.0 OK for: compress-commons@6.0.2 want: ^4.0.0
2128 silly placeDep node_modules/crc32-stream readable-stream@4.7.0 OK for: crc32-stream@6.0.0 want: ^4.0.0
2129 silly placeDep node_modules/@google-cloud/cloud-sql-connector node-fetch@3.3.2 OK for: gaxios@7.3.0 want: ^3.3.2
2130 silly placeDep node_modules/archiver-utils buffer@6.0.3 OK for: readable-stream@4.7.0 want: ^6.0.3
2131 silly placeDep ROOT events@3.3.0 OK for: readable-stream@4.7.0 want: ^3.3.0
2132 silly placeDep ROOT process@0.11.10 OK for: readable-stream@4.7.0 want: ^0.11.10
2133 silly placeDep node_modules/archiver buffer@6.0.3 OK for: readable-stream@4.7.0 want: ^6.0.3
2134 silly placeDep node_modules/cli-highlight cliui@7.0.4 OK for: yargs@16.2.2 want: ^7.0.2
2135 silly placeDep node_modules/cli-highlight yargs-parser@20.2.9 OK for: yargs@16.2.2 want: ^20.2.2
2136 silly placeDep node_modules/color color-name@2.1.1 OK for: color-convert@3.1.3 want: ^2.0.0
2137 silly placeDep node_modules/compress-commons buffer@6.0.3 OK for: readable-stream@4.7.0 want: ^6.0.3
2138 silly placeDep node_modules/compression ms@2.0.0 OK for: debug@2.6.9 want: 2.0.0
2139 silly placeDep node_modules/connect ms@2.0.0 OK for: debug@2.6.9 want: 2.0.0
2140 silly placeDep node_modules/connect encodeurl@1.0.2 OK for: finalhandler@1.1.2 want: ~1.0.2
2141 silly placeDep node_modules/connect on-finished@2.3.0 OK for: finalhandler@1.1.2 want: ~2.3.0
2142 silly placeDep node_modules/connect statuses@1.5.0 OK for: finalhandler@1.1.2 want: ~1.5.0
2143 silly placeDep node_modules/crc32-stream buffer@6.0.3 OK for: readable-stream@4.7.0 want: ^6.0.3
2144 silly placeDep node_modules/exegesis debug@2.6.9 OK for: body-parser@1.20.6 want: 2.6.9
2145 silly placeDep node_modules/exegesis iconv-lite@0.4.24 OK for: body-parser@1.20.6 want: ~0.4.24
2146 silly placeDep node_modules/exegesis type-is@1.6.18 OK for: body-parser@1.20.6 want: ~1.6.18
2147 silly fetch manifest media-typer@0.3.0
2148 silly packumentCache full:https://registry.npmjs.org/media-typer cache-miss
2149 http fetch GET 200 https://registry.npmjs.org/media-typer 248ms (cache revalidated)
2150 silly packumentCache full:https://registry.npmjs.org/media-typer set size:22074 disposed:false
2151 silly placeDep node_modules/exegesis ms@2.0.0 OK for: debug@2.6.9 want: 2.0.0
2152 silly placeDep node_modules/exegesis media-typer@0.3.0 OK for: type-is@1.6.18 want: 0.3.0
2153 silly placeDep node_modules/firebase-tools debug@2.6.9 OK for: body-parser@1.20.6 want: 2.6.9
2154 silly placeDep node_modules/firebase-tools iconv-lite@0.4.24 OK for: body-parser@1.20.6 want: ~0.4.24
2155 silly placeDep node_modules/firebase-tools raw-body@2.5.3 OK for: body-parser@1.20.6 want: ~2.5.3
2156 silly placeDep node_modules/firebase-tools type-is@1.6.18 OK for: body-parser@1.20.6 want: ~1.6.18
2157 silly placeDep node_modules/firebase-tools ms@2.0.0 OK for: debug@2.6.9 want: 2.0.0
2158 silly placeDep node_modules/firebase-tools accepts@1.3.8 OK for: express@4.22.2 want: ~1.3.8
2159 silly placeDep ROOT array-flatten@1.1.1 OK for: express@4.22.2 want: 1.1.1
2160 silly placeDep node_modules/firebase-tools content-disposition@0.5.4 OK for: express@4.22.2 want: ~0.5.4
2161 silly placeDep node_modules/firebase-tools cookie-signature@1.0.7 OK for: express@4.22.2 want: ~1.0.6
2162 silly placeDep node_modules/firebase-tools finalhandler@1.3.2 OK for: express@4.22.2 want: ~1.3.1
2163 silly placeDep node_modules/firebase-tools fresh@0.5.2 OK for: express@4.22.2 want: ~0.5.2
2164 silly placeDep node_modules/firebase-tools merge-descriptors@1.0.3 OK for: express@4.22.2 want: 1.0.3
2165 silly placeDep ROOT methods@1.1.2 OK for: express@4.22.2 want: ~1.1.2
2166 silly placeDep node_modules/firebase-tools path-to-regexp@0.1.13 OK for: express@4.22.2 want: ~0.1.12
2167 silly placeDep node_modules/firebase-tools range-parser@1.2.1 OK for: express@4.22.2 want: ~1.2.1
2168 silly placeDep node_modules/firebase-tools send@0.19.2 OK for: express@4.22.2 want: ~0.19.0
2169 silly placeDep node_modules/firebase-tools serve-static@1.16.3 OK for: express@4.22.2 want: ~1.16.2
2170 silly fetch manifest negotiator@0.6.3
2171 silly packumentCache full:https://registry.npmjs.org/negotiator cache-hit
2172 silly fetch manifest ms@2.1.3
2173 silly packumentCache full:https://registry.npmjs.org/ms cache-hit
2174 silly fetch manifest mime@1.6.0
2175 silly packumentCache full:https://registry.npmjs.org/mime cache-hit
2176 silly placeDep node_modules/firebase-tools negotiator@0.6.3 OK for: accepts@1.3.8 want: 0.6.3
2177 silly placeDep node_modules/firebase-tools gcp-metadata@6.1.1 OK for: google-auth-library@9.15.1 want: ^6.1.0
2178 silly fetch manifest google-logging-utils@^0.0.2
2179 silly packumentCache full:https://registry.npmjs.org/google-logging-utils cache-miss
2180 http fetch GET 200 https://registry.npmjs.org/google-logging-utils 19ms (cache revalidated)
2181 silly packumentCache full:https://registry.npmjs.org/google-logging-utils set size:28645 disposed:false
2182 silly placeDep node_modules/firebase-tools google-logging-utils@0.0.2 OK for: gcp-metadata@6.1.1 want: ^0.0.2
2183 silly placeDep node_modules/firebase-tools brace-expansion@1.1.18 OK for: minimatch@3.1.5 want: ^1.1.7
2184 silly fetch manifest concat-map@0.0.1
2185 silly packumentCache full:https://registry.npmjs.org/concat-map cache-miss
2186 http fetch GET 200 https://registry.npmjs.org/concat-map 21ms (cache miss)
2187 silly packumentCache full:https://registry.npmjs.org/concat-map set size:undefined disposed:false
2188 silly placeDep ROOT concat-map@0.0.1 OK for: brace-expansion@1.1.18 want: 0.0.1
2189 silly placeDep node_modules/firebase-tools/node_modules/send mime@1.6.0 OK for: send@0.19.2 want: 1.6.0
2190 silly placeDep node_modules/firebase-tools/node_modules/send ms@2.1.3 OK for: send@0.19.2 want: 2.1.3
2191 silly placeDep node_modules/firebase-tools media-typer@0.3.0 OK for: type-is@1.6.18 want: 0.3.0
2192 silly placeDep node_modules/googleapis-common node-fetch@3.3.2 OK for: gaxios@7.1.3 want: ^3.3.2
2193 silly placeDep node_modules/googleapis-common gtoken@8.0.0 OK for: google-auth-library@10.5.0 want: ^8.0.0
2194 silly placeDep ROOT core-util-is@1.0.3 OK for: readable-stream@2.3.8 want: ~1.0.0
2195 silly placeDep ROOT isarray@1.0.0 OK for: readable-stream@2.3.8 want: ~1.0.0
2196 silly placeDep ROOT process-nextick-args@2.0.1 OK for: readable-stream@2.3.8 want: ~2.0.0
2197 silly placeDep node_modules/lazystream safe-buffer@5.1.2 OK for: readable-stream@2.3.8 want: ~5.1.1
2198 silly placeDep node_modules/lazystream string_decoder@1.1.1 OK for: readable-stream@2.3.8 want: ~1.1.1
2199 silly placeDep node_modules/morgan ms@2.0.0 OK for: debug@2.6.9 want: 2.0.0
2200 silly placeDep node_modules/node-gyp isexe@4.0.0 OK for: which@6.0.1 want: ^4.0.0
2201 silly placeDep node_modules/superstatic isarray@0.0.1 OK for: path-to-regexp@1.9.0 want: 0.0.1
2202 silly placeDep node_modules/tcp-port-used ms@2.1.2 OK for: debug@4.3.1 want: 2.1.2
2203 silly placeDep node_modules/zip-stream buffer@6.0.3 OK for: readable-stream@4.7.0 want: ^6.0.3
2204 silly fetch manifest @firebase/rules-unit-testing@^5.0.1
2205 silly packumentCache full:https://registry.npmjs.org/@firebase%2frules-unit-testing cache-miss
2206 http fetch GET 200 https://registry.npmjs.org/@firebase%2frules-unit-testing 1063ms (cache miss)
2207 silly packumentCache full:https://registry.npmjs.org/@firebase%2frules-unit-testing set size:undefined disposed:false
2208 silly fetch manifest firebase@^12.0.0
2209 silly packumentCache full:https://registry.npmjs.org/firebase cache-miss
2210 http cache https://registry.npmjs.org/firebase 54ms (cache hit)
2211 silly packumentCache full:https://registry.npmjs.org/firebase set size:30179250 disposed:false
2212 silly placeDep ROOT @firebase/rules-unit-testing@5.0.1 OK for: @mba/functions@1.0.0 want: ^5.0.1
2213 warn EBADENGINE Unsupported engine {
2213 warn EBADENGINE   package: '@mba/functions@1.0.0',
2213 warn EBADENGINE   required: { node: '20' },
2213 warn EBADENGINE   current: { node: 'v24.13.0', npm: '11.6.2' }
2213 warn EBADENGINE }
2214 warn EBADENGINE Unsupported engine {
2214 warn EBADENGINE   package: '@mba/functions@1.0.0',
2214 warn EBADENGINE   required: { node: '20' },
2214 warn EBADENGINE   current: { node: 'v24.13.0', npm: '11.6.2' }
2214 warn EBADENGINE }
2215 silly reify moves {}
2216 silly audit bulk request {
2216 silly audit   '@mba/web': [ '1.0.0' ],
2216 silly audit   '@mba/functions': [ '1.0.0' ],
2216 silly audit   '@emnapi/runtime': [ '1.11.3' ],
2216 silly audit   '@esbuild/aix-ppc64': [ '0.21.5' ],
2216 silly audit   '@esbuild/android-arm': [ '0.21.5' ],
2216 silly audit   '@esbuild/android-arm64': [ '0.21.5' ],
2216 silly audit   '@esbuild/android-x64': [ '0.21.5' ],
2216 silly audit   '@esbuild/darwin-arm64': [ '0.21.5' ],
2216 silly audit   '@esbuild/darwin-x64': [ '0.21.5' ],
2216 silly audit   '@esbuild/freebsd-arm64': [ '0.21.5' ],
2216 silly audit   '@esbuild/freebsd-x64': [ '0.21.5' ],
2216 silly audit   '@esbuild/linux-arm': [ '0.21.5' ],
2216 silly audit   '@esbuild/linux-arm64': [ '0.21.5' ],
2216 silly audit   '@esbuild/linux-ia32': [ '0.21.5' ],
2216 silly audit   '@esbuild/linux-loong64': [ '0.21.5' ],
2216 silly audit   '@esbuild/linux-mips64el': [ '0.21.5' ],
2216 silly audit   '@esbuild/linux-ppc64': [ '0.21.5' ],
2216 silly audit   '@esbuild/linux-riscv64': [ '0.21.5' ],
2216 silly audit   '@esbuild/linux-s390x': [ '0.21.5' ],
2216 silly audit   '@esbuild/linux-x64': [ '0.21.5' ],
2216 silly audit   '@esbuild/netbsd-x64': [ '0.21.5' ],
2216 silly audit   '@esbuild/openbsd-x64': [ '0.21.5' ],
2216 silly audit   '@esbuild/sunos-x64': [ '0.21.5' ],
2216 silly audit   '@esbuild/win32-arm64': [ '0.21.5' ],
2216 silly audit   '@esbuild/win32-ia32': [ '0.21.5' ],
2216 silly audit   '@esbuild/win32-x64': [ '0.21.5' ],
2216 silly audit   '@fastify/busboy': [ '3.2.0' ],
2216 silly audit   '@firebase/ai': [ '2.14.0' ],
2216 silly audit   '@firebase/analytics': [ '0.10.23' ],
2216 silly audit   '@firebase/analytics-compat': [ '0.2.29' ],
2216 silly audit   '@firebase/analytics-types': [ '0.8.4' ],
2216 silly audit   '@firebase/app': [ '0.16.0' ],
2216 silly audit   '@firebase/app-check': [ '0.13.0' ],
2216 silly audit   '@firebase/app-check-compat': [ '0.4.6' ],
2216 silly audit   '@firebase/app-check-interop-types': [ '0.3.4' ],
2216 silly audit   '@firebase/app-check-types': [ '0.5.4' ],
2216 silly audit   '@firebase/app-compat': [ '0.5.16' ],
2216 silly audit   '@firebase/app-types': [ '0.9.5' ],
2216 silly audit   '@firebase/auth': [ '1.13.4' ],
2216 silly audit   '@firebase/auth-compat': [ '0.6.9' ],
2216 silly audit   '@firebase/auth-interop-types': [ '0.2.5' ],
2216 silly audit   '@firebase/auth-types': [ '0.13.1' ],
2216 silly audit   '@firebase/component': [ '0.7.4' ],
2216 silly audit   '@firebase/data-connect': [ '0.7.2' ],
2216 silly audit   '@firebase/database': [ '1.1.4' ],
2216 silly audit   '@firebase/database-compat': [ '2.1.5' ],
2216 silly audit   '@firebase/database-types': [ '1.0.21' ],
2216 silly audit   '@firebase/firestore': [ '4.17.0' ],
2216 silly audit   '@firebase/firestore-compat': [ '0.4.12' ],
2216 silly audit   '@firebase/firestore-types': [ '3.0.4' ],
2216 silly audit   '@grpc/grpc-js': [ '1.9.16', '1.14.4' ],
2216 silly audit   '@firebase/functions': [ '0.13.6' ],
2216 silly audit   '@firebase/functions-compat': [ '0.4.6' ],
2216 silly audit   '@firebase/functions-types': [ '0.6.4' ],
2216 silly audit   '@firebase/installations': [ '0.6.23' ],
2216 silly audit   '@firebase/installations-compat': [ '0.2.23' ],
2216 silly audit   '@firebase/installations-types': [ '0.5.4' ],
2216 silly audit   '@firebase/logger': [ '0.5.1' ],
2216 silly audit   '@firebase/messaging': [ '0.13.1' ],
2216 silly audit   '@firebase/messaging-compat': [ '0.2.28' ],
2216 silly audit   '@firebase/messaging-interop-types': [ '0.2.5' ],
2216 silly audit   '@firebase/performance': [ '0.7.13' ],
2216 silly audit   '@firebase/performance-compat': [ '0.2.26' ],
2216 silly audit   '@firebase/performance-types': [ '0.2.4' ],
2216 silly audit   '@firebase/remote-config': [ '0.9.1' ],
2216 silly audit   '@firebase/remote-config-compat': [ '0.2.28' ],
2216 silly audit   '@firebase/remote-config-types': [ '0.5.1' ],
2216 silly audit   '@firebase/storage': [ '0.14.4' ],
2216 silly audit   '@firebase/storage-compat': [ '0.4.4' ],
2216 silly audit   '@firebase/storage-types': [ '0.8.4' ],
2216 silly audit   '@firebase/util': [ '1.15.2' ],
2216 silly audit   '@firebase/webchannel-wrapper': [ '1.0.6' ],
2216 silly audit   '@google-cloud/firestore': [ '8.7.0' ],
2216 silly audit   '@google-cloud/paginator': [ '5.0.2', '6.1.0' ],
2216 silly audit   '@google-cloud/projectify': [ '4.0.0', '5.2.0' ],
2216 silly audit   '@google-cloud/promisify': [ '4.0.0', '5.1.0' ],
2216 silly audit   '@google-cloud/storage': [ '7.21.0' ],
2216 silly audit   'gcp-metadata': [ '6.1.1', '8.1.2' ],
2216 silly audit   'google-auth-library': [ '9.15.1', '10.9.1', '10.5.0' ],
2216 silly audit   'google-logging-utils': [ '0.0.2', '1.1.3' ],
2216 silly audit   '@grpc/proto-loader': [ '0.8.1', '0.7.15' ],
2216 silly audit   '@img/colour': [ '1.1.0' ],
2216 silly audit   '@img/sharp-darwin-arm64': [ '0.34.5' ],
2216 silly audit   '@img/sharp-darwin-x64': [ '0.34.5' ],
2216 silly audit   '@img/sharp-libvips-darwin-arm64': [ '1.2.4' ],
2216 silly audit   '@img/sharp-libvips-darwin-x64': [ '1.2.4' ],
2216 silly audit   '@img/sharp-libvips-linux-arm': [ '1.2.4' ],
2216 silly audit   '@img/sharp-libvips-linux-arm64': [ '1.2.4' ],
2216 silly audit   '@img/sharp-libvips-linux-ppc64': [ '1.2.4' ],
2216 silly audit   '@img/sharp-libvips-linux-riscv64': [ '1.2.4' ],
2216 silly audit   '@img/sharp-libvips-linux-s390x': [ '1.2.4' ],
2216 silly audit   '@img/sharp-libvips-linux-x64': [ '1.2.4' ],
2216 silly audit   '@img/sharp-libvips-linuxmusl-arm64': [ '1.2.4' ],
2216 silly audit   '@img/sharp-libvips-linuxmusl-x64': [ '1.2.4' ],
2216 silly audit   '@img/sharp-linux-arm': [ '0.34.5' ],
2216 silly audit   '@img/sharp-linux-arm64': [ '0.34.5' ],
2216 silly audit   '@img/sharp-linux-ppc64': [ '0.34.5' ],
2216 silly audit   '@img/sharp-linux-riscv64': [ '0.34.5' ],
2216 silly audit   '@img/sharp-linux-s390x': [ '0.34.5' ],
2216 silly audit   '@img/sharp-linux-x64': [ '0.34.5' ],
2216 silly audit   '@img/sharp-linuxmusl-arm64': [ '0.34.5' ],
2216 silly audit   '@img/sharp-linuxmusl-x64': [ '0.34.5' ],
2216 silly audit   '@img/sharp-wasm32': [ '0.34.5' ],
2216 silly audit   '@img/sharp-win32-arm64': [ '0.34.5' ],
2216 silly audit   '@img/sharp-win32-ia32': [ '0.34.5' ],
2216 silly audit   '@img/sharp-win32-x64': [ '0.34.5' ],
2216 silly audit   '@isaacs/cliui': [ '8.0.2' ],
2216 silly audit   'ansi-regex': [ '6.2.2', '5.0.1' ],
2216 silly audit   'ansi-styles': [ '6.2.3', '4.3.0' ],
2216 silly audit   'emoji-regex': [ '9.2.2', '8.0.0' ],
2216 silly audit   'string-width': [ '5.1.2', '4.2.3' ],
2216 silly audit   'strip-ansi': [ '7.2.0', '6.0.1' ],
2216 silly audit   'wrap-ansi': [ '8.1.0', '7.0.0', '6.2.0' ],
2216 silly audit   '@jridgewell/sourcemap-codec': [ '1.5.5' ],
2216 silly audit   '@js-sdsl/ordered-map': [ '4.4.2' ],
2216 silly audit   '@napi-rs/lzma-linux-x64-gnu': [ '1.5.1' ],
2216 silly audit   '@next/env': [ '16.2.12' ],
2216 silly audit   '@next/swc-darwin-arm64': [ '16.2.12' ],
2216 silly audit   '@next/swc-darwin-x64': [ '16.2.12' ],
2216 silly audit   '@next/swc-linux-arm64-gnu': [ '16.2.12' ],
2216 silly audit   '@next/swc-linux-arm64-musl': [ '16.2.12' ],
2216 silly audit   '@next/swc-linux-x64-gnu': [ '16.2.12' ],
2216 silly audit   '@next/swc-linux-x64-musl': [ '16.2.12' ],
2216 silly audit   '@next/swc-win32-arm64-msvc': [ '16.2.12' ],
2216 silly audit   '@next/swc-win32-x64-msvc': [ '16.2.12' ],
2216 silly audit   '@nodable/entities': [ '3.0.0' ],
2216 silly audit   '@pkgjs/parseargs': [ '0.11.0' ],
2216 silly audit   '@protobufjs/aspromise': [ '1.1.2' ],
2216 silly audit   '@protobufjs/base64': [ '1.1.2' ],
2216 silly audit   '@protobufjs/codegen': [ '2.0.5' ],
2216 silly audit   '@protobufjs/eventemitter': [ '1.1.1' ],
2216 silly audit   '@protobufjs/fetch': [ '1.1.1' ],
2216 silly audit   '@protobufjs/float': [ '1.0.2' ],
2216 silly audit   '@protobufjs/path': [ '1.1.2' ],
2216 silly audit   '@protobufjs/pool': [ '1.1.0' ],
2216 silly audit   '@protobufjs/utf8': [ '1.1.2' ],
2216 silly audit   '@rollup/rollup-android-arm-eabi': [ '4.62.4' ],
2216 silly audit   '@rollup/rollup-android-arm64': [ '4.62.4' ],
2216 silly audit   '@rollup/rollup-darwin-arm64': [ '4.62.4' ],
2216 silly audit   '@rollup/rollup-darwin-x64': [ '4.62.4' ],
2216 silly audit   '@rollup/rollup-freebsd-arm64': [ '4.62.4' ],
2216 silly audit   '@rollup/rollup-freebsd-x64': [ '4.62.4' ],
2216 silly audit   '@rollup/rollup-linux-arm-gnueabihf': [ '4.62.4' ],
2216 silly audit   '@rollup/rollup-linux-arm-musleabihf': [ '4.62.4' ],
2216 silly audit   '@rollup/rollup-linux-arm64-gnu': [ '4.62.4' ],
2216 silly audit   '@rollup/rollup-linux-arm64-musl': [ '4.62.4' ],
2216 silly audit   '@rollup/rollup-linux-loong64-gnu': [ '4.62.4' ],
2216 silly audit   '@rollup/rollup-linux-loong64-musl': [ '4.62.4' ],
2216 silly audit   '@rollup/rollup-linux-ppc64-gnu': [ '4.62.4' ],
2216 silly audit   '@rollup/rollup-linux-ppc64-musl': [ '4.62.4' ],
2216 silly audit   '@rollup/rollup-linux-riscv64-gnu': [ '4.62.4' ],
2216 silly audit   '@rollup/rollup-linux-riscv64-musl': [ '4.62.4' ],
2216 silly audit   '@rollup/rollup-linux-s390x-gnu': [ '4.62.4' ],
2216 silly audit   '@rollup/rollup-linux-x64-gnu': [ '4.62.4' ],
2216 silly audit   '@rollup/rollup-linux-x64-musl': [ '4.62.4' ],
2216 silly audit   '@rollup/rollup-openbsd-x64': [ '4.62.4' ],
2216 silly audit   '@rollup/rollup-openharmony-arm64': [ '4.62.4' ],
2216 silly audit   '@rollup/rollup-win32-arm64-msvc': [ '4.62.4' ],
2216 silly audit   '@rollup/rollup-win32-ia32-msvc': [ '4.62.4' ],
2216 silly audit   '@rollup/rollup-win32-x64-gnu': [ '4.62.4' ],
2216 silly audit   '@rollup/rollup-win32-x64-msvc': [ '4.62.4' ],
2216 silly audit   '@swc/helpers': [ '0.5.15' ],
2216 silly audit   '@tootallnate/once': [ '2.0.1' ],
2216 silly audit   '@types/body-parser': [ '1.19.6' ],
2216 silly audit   '@types/caseless': [ '0.12.5' ],
2216 silly audit   '@types/connect': [ '3.4.38' ],
2216 silly audit   '@types/cors': [ '2.8.19' ],
2216 silly audit   '@types/estree': [ '1.0.9' ],
2216 silly audit   '@types/express': [ '5.0.6' ],
2216 silly audit   '@types/express-serve-static-core': [ '5.1.3' ],
2216 silly audit   '@types/http-errors': [ '2.0.5' ],
2216 silly audit   '@types/jsonwebtoken': [ '9.0.10' ],
2216 silly audit   '@types/ms': [ '2.1.0' ],
2216 silly audit   '@types/node': [ '22.20.1' ],
2216 silly audit   '@types/qs': [ '6.15.1' ],
2216 silly audit   '@types/range-parser': [ '1.2.7' ],
2216 silly audit   '@types/react': [ '19.2.18' ],
2216 silly audit   '@types/react-dom': [ '19.2.4' ],
2216 silly audit   '@types/request': [ '2.48.13' ],
2216 silly audit   '@types/send': [ '1.2.1' ],
2216 silly audit   '@types/serve-static': [ '2.2.0' ],
2216 silly audit   '@types/tough-cookie': [ '4.0.5' ],
2216 silly audit   '@vitest/expect': [ '2.1.9' ],
2216 silly audit   '@vitest/mocker': [ '2.1.9' ],
2216 silly audit   '@vitest/pretty-format': [ '2.1.9' ],
2216 silly audit   '@vitest/runner': [ '2.1.9' ],
2216 silly audit   '@vitest/snapshot': [ '2.1.9' ],
2216 silly audit   '@vitest/spy': [ '2.1.9' ],
2216 silly audit   '@vitest/utils': [ '2.1.9' ],
2216 silly audit   'abort-controller': [ '3.0.0' ],
2216 silly audit   accepts: [ '2.0.0', '1.3.8' ],
2216 silly audit   'mime-db': [ '1.54.0', '1.52.0' ],
2216 silly audit   'mime-types': [ '3.0.2', '2.1.35' ],
2216 silly audit   'agent-base': [ '7.1.4', '6.0.2' ],
2216 silly audit   anynum: [ '1.0.1' ],
2216 silly audit   arrify: [ '2.0.1' ],
2216 silly audit   'assertion-error': [ '2.0.1' ],
2216 silly audit   'async-retry': [ '1.3.3' ],
2216 silly audit   asynckit: [ '0.4.0' ],
2216 silly audit   'balanced-match': [ '1.0.2' ],
2216 silly audit   'base64-js': [ '1.5.1' ],
2216 silly audit   'baseline-browser-mapping': [ '2.11.11' ],
2216 silly audit   'bignumber.js': [ '9.3.1' ],
2216 silly audit   'body-parser': [ '2.3.0', '1.20.6' ],
2216 silly audit   'content-type': [ '2.0.0', '1.0.5' ],
2216 silly audit   'brace-expansion': [ '2.1.4', '1.1.18' ],
2216 silly audit   'buffer-equal-constant-time': [ '1.0.1' ],
2216 silly audit   bytes: [ '3.1.2' ],
2216 silly audit   cac: [ '6.7.14' ],
2216 silly audit   'call-bind-apply-helpers': [ '1.0.2' ],
2216 silly audit   'call-bound': [ '1.0.4' ],
2216 silly audit   'caniuse-lite': [ '1.0.30001806' ],
2216 silly audit   chai: [ '5.3.3' ],
2216 silly audit   'check-error': [ '2.1.3' ],
2216 silly audit   'client-only': [ '0.0.1' ],
2216 silly audit   cliui: [ '8.0.1', '7.0.4' ],
2216 silly audit   'color-convert': [ '2.0.1', '3.1.3' ],
2216 silly audit   'color-name': [ '1.1.4', '2.1.1' ],
2216 silly audit   'combined-stream': [ '1.0.8' ],
2216 silly audit   'content-disposition': [ '1.1.0', '0.5.4' ],
2216 silly audit   cookie: [ '0.7.2' ],
2216 silly audit   'cookie-signature': [ '1.2.2', '1.0.7' ],
2216 silly audit   cors: [ '2.8.6' ],
2216 silly audit   'cross-spawn': [ '7.0.6' ],
2216 silly audit   csstype: [ '3.2.3' ],
2216 silly audit   'data-uri-to-buffer': [ '4.0.1', '6.0.2' ],
2216 silly audit   debug: [ '4.4.3', '2.6.9', '4.3.1' ],
2216 silly audit   'deep-eql': [ '5.0.2' ],
2216 silly audit   'delayed-stream': [ '1.0.0' ],
2216 silly audit   depd: [ '2.0.0' ],
2216 silly audit   'detect-libc': [ '2.1.2' ],
2216 silly audit   'dunder-proto': [ '1.0.1' ],
2216 silly audit   duplexify: [ '4.1.3' ],
2216 silly audit   eastasianwidth: [ '0.2.0' ],
2216 silly audit   'ecdsa-sig-formatter': [ '1.0.11' ],
2216 silly audit   'ee-first': [ '1.1.1' ],
2216 silly audit   encodeurl: [ '2.0.0', '1.0.2' ],
2216 silly audit   'end-of-stream': [ '1.4.5' ],
2216 silly audit   'es-define-property': [ '1.0.1' ],
2216 silly audit   'es-errors': [ '1.3.0' ],
2216 silly audit   'es-module-lexer': [ '1.7.0' ],
2216 silly audit   'es-object-atoms': [ '1.1.2' ],
2216 silly audit   'es-set-tostringtag': [ '2.1.0' ],
2216 silly audit   esbuild: [ '0.21.5' ],
2216 silly audit   escalade: [ '3.2.0' ],
2216 silly audit   'escape-html': [ '1.0.3' ],
2216 silly audit   'estree-walker': [ '3.0.3' ],
2216 silly audit   etag: [ '1.8.1' ],
2216 silly audit   'event-target-shim': [ '5.0.1' ],
2216 silly audit   'expect-type': [ '1.4.0' ],
2216 silly audit   express: [ '5.2.1', '4.22.2' ],
2216 silly audit   extend: [ '3.0.2' ],
2216 silly audit   'fast-deep-equal': [ '3.1.3' ],
2216 silly audit   'fast-xml-builder': [ '1.3.0' ],
2216 silly audit   'fast-xml-parser': [ '5.10.1' ],
2216 silly audit   'faye-websocket': [ '0.11.4' ],
2216 silly audit   'fetch-blob': [ '3.2.0' ],
2216 silly audit   finalhandler: [ '2.1.1', '1.1.2', '1.3.2' ],
2216 silly audit   firebase: [ '12.17.0' ],
2216 silly audit   'firebase-admin': [ '14.2.0' ],
2216 silly audit   'firebase-functions': [ '7.3.2' ],
2216 silly audit   'foreground-child': [ '3.3.1' ],
2216 silly audit   'form-data': [ '2.5.6', '4.0.6' ],
2216 silly audit   'formdata-polyfill': [ '4.0.10' ],
2216 silly audit   forwarded: [ '0.2.0' ],
2216 silly audit   fresh: [ '2.0.0', '0.5.2' ],
2216 silly audit   fsevents: [ '2.3.3' ],
2216 silly audit   'function-bind': [ '1.1.2' ],
2216 silly audit   'functional-red-black-tree': [ '1.0.1' ],
2216 silly audit   gaxios: [ '6.7.1', '7.3.0', '7.1.3' ],
2216 silly audit   'node-fetch': [ '3.3.2', '2.7.0' ],
2216 silly audit   'get-caller-file': [ '2.0.5' ],
2216 silly audit   'get-intrinsic': [ '1.3.0' ],
2216 silly audit   'get-proto': [ '1.0.1' ],
2216 silly audit   glob: [ '10.5.0' ],
2216 silly audit   'google-gax': [ '5.0.8' ],
2216 silly audit   gtoken: [ '8.0.0', '7.1.0' ],
2216 silly audit   'http-proxy-agent': [ '7.0.2', '5.0.0' ],
2216 silly audit   'retry-request': [ '8.0.4', '7.0.2' ],
2216 silly audit   'teeny-request': [ '10.1.4', '9.0.0' ],
2216 silly audit   gopd: [ '1.2.0' ],
2216 silly audit   'has-symbols': [ '1.1.0' ],
2216 silly audit   'has-tostringtag': [ '1.0.2' ],
2216 silly audit   hasown: [ '2.0.4' ],
2216 silly audit   'html-entities': [ '2.6.0' ],
2216 silly audit   'http-errors': [ '2.0.1' ],
2216 silly audit   'http-parser-js': [ '0.5.10' ],
2216 silly audit   'https-proxy-agent': [ '7.0.6', '5.0.1' ],
2216 silly audit   'iconv-lite': [ '0.7.3', '0.4.24' ],
2216 silly audit   idb: [ '7.1.1' ],
2216 silly audit   inherits: [ '2.0.4' ],
2216 silly audit   'ipaddr.js': [ '1.9.1' ],
2216 silly audit   'is-fullwidth-code-point': [ '3.0.0' ],
2216 silly audit   'is-promise': [ '4.0.0' ],
2216 silly audit   'is-stream': [ '2.0.1' ],
2216 silly audit   'is-unsafe': [ '2.0.0' ],
2216 silly audit   isexe: [ '2.0.0', '4.0.0' ],
2216 silly audit   jackspeak: [ '3.4.3' ],
2216 silly audit   jose: [ '6.2.7' ],
2216 silly audit   'json-bigint': [ '1.0.0' ],
2216 silly audit   jsonwebtoken: [ '9.0.3' ],
2216 silly audit   jwa: [ '2.0.1' ],
2216 silly audit   'jwks-rsa': [ '4.1.0' ],
2216 silly audit   jws: [ '4.0.1' ],
2216 silly audit   limiter: [ '1.1.5' ],
2216 silly audit   'lodash.camelcase': [ '4.3.0' ],
2216 silly audit   'lodash.clonedeep': [ '4.5.0' ],
2216 silly audit   'lodash.includes': [ '4.3.0' ],
2216 silly audit   'lodash.isboolean': [ '3.0.3' ],
2216 silly audit   'lodash.isinteger': [ '4.0.4' ],
2216 silly audit   'lodash.isnumber': [ '3.0.3' ],
2216 silly audit   'lodash.isplainobject': [ '4.0.6' ],
2216 silly audit   'lodash.isstring': [ '4.0.1' ],
2216 silly audit   'lodash.once': [ '4.1.1' ],
2216 silly audit   long: [ '5.3.2' ],
2216 silly audit   loupe: [ '3.2.1' ],
2216 silly audit   'lru-cache': [ '11.5.2', '10.4.3', '7.18.3' ],
2216 silly audit   'lru-memoizer': [ '3.0.0' ],
2216 silly audit   'magic-string': [ '0.30.21' ],
2216 silly audit   'math-intrinsics': [ '1.1.0' ],
2216 silly audit   'media-typer': [ '1.1.1', '0.3.0' ],
2216 silly audit   'merge-descriptors': [ '2.0.0', '1.0.3' ],
2216 silly audit   mime: [ '3.0.0', '2.6.0', '1.6.0' ],
2216 silly audit   minimatch: [ '9.0.9', '3.1.5', '5.1.9', '6.2.3' ],
2216 silly audit   minipass: [ '7.1.3' ],
2216 silly audit   ms: [ '2.1.3', '2.0.0', '2.1.2' ],
2216 silly audit   nanoid: [ '3.3.16' ],
2216 silly audit   negotiator: [ '1.0.0', '0.6.4', '0.6.3' ],
2216 silly audit   next: [ '16.2.12' ],
2216 silly audit   'node-domexception': [ '1.0.0' ],
2216 silly audit   'object-assign': [ '4.1.1' ],
2216 silly audit   'object-hash': [ '3.0.0' ],
2216 silly audit   'object-inspect': [ '1.13.4' ],
2216 silly audit   'on-finished': [ '2.4.1', '2.3.0' ],
2216 silly audit   once: [ '1.4.0' ],
2216 silly audit   'p-limit': [ '3.1.0' ],
2216 silly audit   'package-json-from-dist': [ '1.0.1' ],
2216 silly audit   parseurl: [ '1.3.3' ],
2216 silly audit   'path-expression-matcher': [ '1.6.2' ],
2216 silly audit   'path-key': [ '3.1.1' ],
2216 silly audit   'path-scurry': [ '1.11.1' ],
2216 silly audit   'path-to-regexp': [ '8.4.2', '1.9.0', '0.1.13' ],
2216 silly audit   pathe: [ '1.1.2' ],
2216 silly audit   pathval: [ '2.0.1' ],
2216 silly audit   picocolors: [ '1.1.1' ],
2216 silly audit   postcss: [ '8.4.31', '8.5.25' ],
2216 silly audit   'proto3-json-serializer': [ '3.0.4' ],
2216 silly audit   protobufjs: [ '7.6.5' ],
2216 silly audit   'proxy-addr': [ '2.0.7' ],
2216 silly audit   qs: [ '6.15.3' ],
2216 silly audit   'range-parser': [ '1.3.0', '1.2.1' ],
2216 silly audit   'raw-body': [ '3.0.2', '2.5.3' ],
2216 silly audit   re2js: [ '2.8.6' ],
2216 silly audit   react: [ '19.2.8' ],
2216 silly audit   'react-dom': [ '19.2.8' ],
2216 silly audit   'readable-stream': [ '3.6.2', '4.7.0', '2.3.8' ],
2216 silly audit   'require-directory': [ '2.1.1' ],
2216 silly audit   retry: [ '0.13.1' ],
2216 silly audit   rimraf: [ '5.0.10' ],
2216 silly audit   rollup: [ '4.62.4' ],
2216 silly audit   router: [ '2.2.0' ],
2216 silly audit   'safe-buffer': [ '5.2.1', '5.1.2' ],
2216 silly audit   'safer-buffer': [ '2.1.2' ],
2216 silly audit   scheduler: [ '0.27.0' ],
2216 silly audit   semver: [ '7.8.5', '6.3.1' ],
2216 silly audit   send: [ '1.2.1', '0.19.2' ],
2216 silly audit   'serve-static': [ '2.2.1', '1.16.3' ],
2216 silly audit   setprototypeof: [ '1.2.0' ],
2216 silly audit   sharp: [ '0.34.5' ],
2216 silly audit   'shebang-command': [ '2.0.0' ],
2216 silly audit   'shebang-regex': [ '3.0.0' ],
2216 silly audit   'side-channel': [ '1.1.1' ],
2216 silly audit   'side-channel-list': [ '1.0.1' ],
2216 silly audit   'side-channel-map': [ '1.0.1' ],
2216 silly audit   'side-channel-weakmap': [ '1.0.2' ],
2216 silly audit   siginfo: [ '2.0.0' ],
2216 silly audit   'signal-exit': [ '4.1.0', '3.0.7' ],
2216 silly audit   'source-map-js': [ '1.2.1' ],
2216 silly audit   stackback: [ '0.0.2' ],
2216 silly audit   statuses: [ '2.0.2', '1.5.0' ],
2216 silly audit   'std-env': [ '3.10.0' ],
2216 silly audit   'stream-events': [ '1.0.5' ],
2216 silly audit   'stream-shift': [ '1.0.3' ],
2216 silly audit   string_decoder: [ '1.3.0', '1.1.1' ],
2216 silly audit   strnum: [ '2.4.1' ],
2216 silly audit   stubs: [ '3.0.0' ],
2216 silly audit   'styled-jsx': [ '5.1.6' ],
2216 silly audit   tinybench: [ '2.9.0' ],
2216 silly audit   tinyexec: [ '0.3.2' ],
2216 silly audit   tinypool: [ '1.1.1' ],
2216 silly audit   tinyrainbow: [ '1.2.0' ],
2216 silly audit   tinyspy: [ '3.0.2' ],
2216 silly audit   toidentifier: [ '1.0.1' ],
2216 silly audit   tr46: [ '0.0.3' ],
2216 silly audit   tslib: [ '2.8.1' ],
2216 silly audit   'type-is': [ '2.1.0', '1.6.18' ],
2216 silly audit   typescript: [ '5.9.3' ],
2216 silly audit   'undici-types': [ '6.21.0' ],
2216 silly audit   unpipe: [ '1.0.0' ],
2216 silly audit   'util-deprecate': [ '1.0.2' ],
2216 silly audit   uuid: [ '9.0.1', '11.1.1' ],
2216 silly audit   vary: [ '1.1.2' ],
2216 silly audit   vite: [ '5.4.21' ],
2216 silly audit   'vite-node': [ '2.1.9' ],
2216 silly audit   vitest: [ '2.1.9' ],
2216 silly audit   'web-streams-polyfill': [ '3.3.3' ],
2216 silly audit   'web-vitals': [ '4.2.4' ],
2216 silly audit   'webidl-conversions': [ '3.0.1' ],
2216 silly audit   'websocket-driver': [ '0.7.5' ],
2216 silly audit   'websocket-extensions': [ '0.1.4' ],
2216 silly audit   'whatwg-url': [ '5.0.0' ],
2216 silly audit   which: [ '2.0.2', '6.0.1' ],
2216 silly audit   'why-is-node-running': [ '2.3.0' ],
2216 silly audit   wrappy: [ '1.0.2' ],
2216 silly audit   'xml-naming': [ '0.3.0' ],
2216 silly audit   y18n: [ '5.0.8' ],
2216 silly audit   yargs: [ '17.7.3', '16.2.2' ],
2216 silly audit   'yargs-parser': [ '21.1.1', '20.2.9' ],
2216 silly audit   'yocto-queue': [ '0.1.0' ],
2216 silly audit   zod: [ '3.25.76', '4.4.3' ],
2216 silly audit   '@mba/domain': [ '1.0.0' ],
2216 silly audit   'firebase-tools': [ '15.25.1' ],
2216 silly audit   '@apphosting/common': [ '0.0.8' ],
2216 silly audit   '@electric-sql/pglite': [ '0.3.16', '0.2.17' ],
2216 silly audit   '@electric-sql/pglite-tools': [ '0.2.21' ],
2216 silly audit   '@google-cloud/cloud-sql-connector': [ '1.11.3' ],
2216 silly audit   '@google-cloud/pubsub': [ '5.3.1' ],
2216 silly audit   '@inquirer/prompts': [ '7.10.1' ],
2216 silly audit   '@modelcontextprotocol/sdk': [ '1.30.0' ],
2216 silly audit   ajv: [ '8.20.0' ],
2216 silly audit   'ajv-formats': [ '3.0.1', '2.1.1' ],
2216 silly audit   archiver: [ '7.0.1' ],
2216 silly audit   'async-lock': [ '1.4.1' ],
2216 silly audit   chokidar: [ '3.6.0' ],
2216 silly audit   cjson: [ '0.3.3' ],
2216 silly audit   'cli-table3': [ '0.6.5' ],
2216 silly audit   colorette: [ '2.0.20' ],
2216 silly audit   commander: [ '5.1.0', '2.20.3', '10.0.1' ],
2216 silly audit   configstore: [ '5.0.1' ],
2216 silly audit   'cross-env': [ '7.0.3' ],
2216 silly audit   'csv-parse': [ '5.6.0' ],
2216 silly audit   exegesis: [ '4.3.0' ],
2216 silly audit   'exegesis-express': [ '4.0.0' ],
2216 silly audit   'fs-extra': [ '10.1.0' ],
2216 silly audit   fuzzy: [ '0.1.3' ],
2216 silly audit   ignore: [ '7.0.6' ],
2216 silly audit   'js-yaml': [ '4.3.1' ],
2216 silly audit   'libsodium-wrappers': [ '0.7.16' ],
2216 silly audit   lodash: [ '4.18.1' ],
2216 silly audit   lsofi: [ '2.0.0' ],
2216 silly audit   marked: [ '13.0.3' ],
2216 silly audit   'marked-terminal': [ '7.3.0' ],
2216 silly audit   morgan: [ '1.11.0' ],
2216 silly audit   open: [ '6.4.0' ],
2216 silly audit   ora: [ '5.4.1' ],
2216 silly audit   pg: [ '8.22.0' ],
2216 silly audit   'pg-gateway': [ '0.3.0-beta.4' ],
2216 silly audit   portfinder: [ '1.0.38' ],
2216 silly audit   progress: [ '2.0.3' ],
2216 silly audit   'proxy-agent': [ '6.5.0' ],
2216 silly audit   'sql-formatter': [ '15.8.2' ],
2216 silly audit   'stream-chain': [ '2.2.5' ],
2216 silly audit   'stream-json': [ '1.9.1' ],
2216 silly audit   superstatic: [ '10.0.0' ],
2216 silly audit   tar: [ '7.5.22' ],
2216 silly audit   'tcp-port-used': [ '1.0.3' ],
2216 silly audit   tmp: [ '0.2.7' ],
2216 silly audit   'triple-beam': [ '1.4.1' ],
2216 silly audit   undici: [ '6.28.0' ],
2216 silly audit   'universal-analytics': [ '0.5.4' ],
2216 silly audit   'update-notifier-cjs': [ '5.1.7' ],
2216 silly audit   winston: [ '3.19.0' ],
2216 silly audit   'winston-transport': [ '4.9.0' ],
2216 silly audit   ws: [ '8.21.1' ],
2216 silly audit   yaml: [ '2.9.0' ],
2216 silly audit   '@googleapis/sqladmin': [ '37.0.0' ],
2216 silly audit   'p-throttle': [ '8.1.0' ],
2216 silly audit   '@google-cloud/precise-date': [ '5.2.0' ],
2216 silly audit   '@opentelemetry/api': [ '1.9.1' ],
2216 silly audit   '@opentelemetry/core': [ '1.30.1' ],
2216 silly audit   '@opentelemetry/semantic-conventions': [ '1.39.0', '1.28.0' ],
2216 silly audit   'heap-js': [ '2.7.1' ],
2216 silly audit   'is-stream-ended': [ '0.1.4' ],
2216 silly audit   'lodash.snakecase': [ '4.1.1' ],
2216 silly audit   'p-defer': [ '3.0.0' ],
2216 silly audit   'googleapis-common': [ '8.0.3' ],
2216 silly audit   '@inquirer/checkbox': [ '4.3.2' ],
2216 silly audit   '@inquirer/confirm': [ '5.1.21' ],
2216 silly audit   '@inquirer/editor': [ '4.2.23' ],
2216 silly audit   '@inquirer/expand': [ '4.0.23' ],
2216 silly audit   '@inquirer/input': [ '4.3.1' ],
2216 silly audit   '@inquirer/number': [ '3.0.23' ],
2216 silly audit   '@inquirer/password': [ '4.0.23' ],
2216 silly audit   '@inquirer/rawlist': [ '4.1.11' ],
2216 silly audit   '@inquirer/search': [ '3.2.2' ],
2216 silly audit   '@inquirer/select': [ '4.4.2' ],
2216 silly audit   '@inquirer/ansi': [ '1.0.2' ],
2216 silly audit   '@inquirer/core': [ '10.3.2' ],
2216 silly audit   '@inquirer/figures': [ '1.0.15' ],
2216 silly audit   '@inquirer/type': [ '3.0.10' ],
2216 silly audit   'yoctocolors-cjs': [ '2.1.3' ],
2216 silly audit   'cli-width': [ '4.1.0' ],
2216 silly audit   'mute-stream': [ '2.0.0' ],
2216 silly audit   '@inquirer/external-editor': [ '1.0.3' ],
2216 silly audit   chardet: [ '2.2.0' ],
2216 silly audit   '@hono/node-server': [ '2.0.12' ],
2216 silly audit   hono: [ '4.12.33' ],
2216 silly audit   eventsource: [ '3.0.7' ],
2216 silly audit   'eventsource-parser': [ '3.1.0' ],
2216 silly audit   'express-rate-limit': [ '8.6.1' ],
2216 silly audit   'json-schema-typed': [ '8.0.2' ],
2216 silly audit   'pkce-challenge': [ '5.0.1' ],
2216 silly audit   'zod-to-json-schema': [ '3.25.2' ],
2216 silly audit   'fast-uri': [ '3.1.5' ],
2216 silly audit   'json-schema-traverse': [ '1.0.0' ],
2216 silly audit   'require-from-string': [ '2.0.2' ],
2216 silly audit   'archiver-utils': [ '5.0.2' ],
2216 silly audit   async: [ '3.2.6' ],
2216 silly audit   'buffer-crc32': [ '1.0.0' ],
2216 silly audit   'readdir-glob': [ '1.1.3' ],
2216 silly audit   'tar-stream': [ '3.2.0' ],
2216 silly audit   'zip-stream': [ '6.0.1' ],
2216 silly audit   'graceful-fs': [ '4.2.11', '4.2.10' ],
2216 silly audit   lazystream: [ '1.0.1' ],
2216 silly audit   'normalize-path': [ '3.0.0' ],
2216 silly audit   anymatch: [ '3.1.3' ],
2216 silly audit   braces: [ '3.0.3' ],
2216 silly audit   'glob-parent': [ '5.1.2' ],
2216 silly audit   'is-binary-path': [ '2.1.0' ],
2216 silly audit   'is-glob': [ '4.0.3' ],
2216 silly audit   readdirp: [ '3.6.0' ],
2216 silly audit   picomatch: [ '2.3.2' ],
2216 silly audit   'fill-range': [ '7.1.1' ],
2216 silly audit   'json-parse-helpfulerror': [ '1.0.3' ],
2216 silly audit   '@colors/colors': [ '1.5.0', '1.6.0' ],
2216 silly audit   'dot-prop': [ '5.3.0' ],
2216 silly audit   'make-dir': [ '3.1.0' ],
2216 silly audit   'unique-string': [ '2.0.0' ],
2216 silly audit   'write-file-atomic': [ '3.0.3' ],
2216 silly audit   'xdg-basedir': [ '4.0.0' ],
2216 silly audit   'is-obj': [ '2.0.0' ],
2216 silly audit   '@apidevtools/json-schema-ref-parser': [ '9.1.2' ],
2216 silly audit   'deep-freeze': [ '0.0.1' ],
2216 silly audit   'events-listener': [ '1.1.0' ],
2216 silly audit   'json-ptr': [ '3.1.1' ],
2216 silly audit   'openapi3-ts': [ '3.2.0' ],
2216 silly audit   'promise-breaker': [ '6.0.0' ],
2216 silly audit   '@jsdevtools/ono': [ '7.1.3' ],
2216 silly audit   '@types/json-schema': [ '7.0.15' ],
2216 silly audit   'call-me-maybe': [ '1.0.2' ],
2216 silly audit   'ip-address': [ '10.4.0' ],
2216 silly audit   'to-regex-range': [ '5.0.1' ],
2216 silly audit   jsonfile: [ '6.2.1' ],
2216 silly audit   universalify: [ '2.0.1' ],
2216 silly audit   'url-template': [ '2.0.8' ],
2216 silly audit   'binary-extensions': [ '2.3.0' ],
2216 silly audit   'is-extglob': [ '2.1.1' ],
2216 silly audit   argparse: [ '2.0.1' ],
2216 silly audit   jju: [ '1.4.0' ],
2216 silly audit   libsodium: [ '0.7.16' ],
2216 silly audit   'ansi-escapes': [ '7.3.0' ],
2216 silly audit   chalk: [ '5.6.2', '4.1.2' ],
2216 silly audit   'cli-highlight': [ '2.1.11' ],
2216 silly audit   'node-emoji': [ '2.2.0' ],
2216 silly audit   'supports-hyperlinks': [ '3.2.0' ],
2216 silly audit   environment: [ '1.1.0' ],
2216 silly audit   'highlight.js': [ '10.7.3' ],
2216 silly audit   mz: [ '2.7.0' ],
2216 silly audit   parse5: [ '5.1.1', '6.0.1' ],
2216 silly audit   'parse5-htmlparser2-tree-adapter': [ '6.0.1' ],
2216 silly audit   'basic-auth': [ '2.0.1' ],
2216 silly audit   'on-headers': [ '1.1.0' ],
2216 silly audit   'any-promise': [ '1.3.0' ],
2216 silly audit   'thenify-all': [ '1.6.0' ],
2216 silly audit   '@sindresorhus/is': [ '4.6.0' ],
2216 silly audit   'char-regex': [ '1.0.2' ],
2216 silly audit   emojilib: [ '2.4.0' ],
2216 silly audit   'skin-tone': [ '2.0.0' ],
2216 silly audit   'is-wsl': [ '1.1.0' ],
2216 silly audit   bl: [ '4.1.0' ],
2216 silly audit   'cli-cursor': [ '3.1.0' ],
2216 silly audit   'cli-spinners': [ '2.9.2' ],
2216 silly audit   'is-interactive': [ '1.0.0' ],
2216 silly audit   'is-unicode-supported': [ '0.1.0' ],
2216 silly audit   'log-symbols': [ '4.1.0' ],
2216 silly audit   wcwidth: [ '1.0.1' ],
2216 silly audit   buffer: [ '5.7.1', '6.0.3' ],
2216 silly audit   ieee754: [ '1.2.1' ],
2216 silly audit   'restore-cursor': [ '3.1.0' ],
2216 silly audit   'pg-cloudflare': [ '1.4.0' ],
2216 silly audit   'pg-connection-string': [ '2.14.0' ],
2216 silly audit   'pg-pool': [ '3.14.0' ],
2216 silly audit   'pg-protocol': [ '1.15.0' ],
2216 silly audit   'pg-types': [ '2.2.0' ],
2216 silly audit   pgpass: [ '1.0.5' ],
2216 silly audit   'pg-int8': [ '1.0.1' ],
2216 silly audit   'postgres-array': [ '2.0.0' ],
2216 silly audit   'postgres-bytea': [ '1.0.1' ],
2216 silly audit   'postgres-date': [ '1.0.7' ],
2216 silly audit   'postgres-interval': [ '1.2.0' ],
2216 silly audit   split2: [ '4.2.0' ],
2216 silly audit   xtend: [ '4.0.2' ],
2216 silly audit   'pac-proxy-agent': [ '7.2.0' ],
2216 silly audit   'proxy-from-env': [ '1.1.0' ],
2216 silly audit   'socks-proxy-agent': [ '8.0.5' ],
2216 silly audit   '@tootallnate/quickjs-emscripten': [ '0.23.0' ],
2216 silly audit   'get-uri': [ '6.0.5' ],
2216 silly audit   'pac-resolver': [ '7.0.1' ],
2216 silly audit   'basic-ftp': [ '5.3.1' ],
2216 silly audit   degenerator: [ '5.0.1' ],
2216 silly audit   netmask: [ '2.1.1' ],
2216 silly audit   'ast-types': [ '0.13.4' ],
2216 silly audit   escodegen: [ '2.1.0' ],
2216 silly audit   esprima: [ '4.0.1' ],
2216 silly audit   estraverse: [ '5.3.0' ],
2216 silly audit   esutils: [ '2.0.3' ],
2216 silly audit   'source-map': [ '0.6.1' ],
2216 silly audit   onetime: [ '5.1.2' ],
2216 silly audit   'mimic-fn': [ '2.1.0' ],
2216 silly audit   'unicode-emoji-modifier-base': [ '1.0.0' ],
2216 silly audit   socks: [ '2.8.9' ],
2216 silly audit   'smart-buffer': [ '4.2.0' ],
2216 silly audit   nearley: [ '2.20.1' ],
2216 silly audit   moo: [ '0.5.3' ],
2216 silly audit   'railroad-diagrams': [ '1.0.0' ],
2216 silly audit   randexp: [ '0.4.6' ],
2216 silly audit   'discontinuous-range': [ '1.0.0' ],
2216 silly audit   ret: [ '0.1.15' ],
2216 silly audit   'basic-auth-connect': [ '1.1.0' ],
2216 silly audit   compression: [ '1.8.1' ],
2216 silly audit   connect: [ '3.7.0' ],
2216 silly audit   destroy: [ '1.2.0' ],
2216 silly audit   'glob-slasher': [ '1.0.1' ],
2216 silly audit   'is-url': [ '1.2.4' ],
2216 silly audit   'join-path': [ '1.1.1' ],
2216 silly audit   re2: [ '1.24.1' ],
2216 silly audit   tsscmp: [ '1.0.6' ],
2216 silly audit   compressible: [ '2.0.18' ],
2216 silly audit   'utils-merge': [ '1.0.1' ],
2216 silly audit   'glob-slash': [ '1.0.0' ],
2216 silly audit   'lodash.isobject': [ '2.4.1' ],
2216 silly audit   toxic: [ '1.0.1' ],
2216 silly audit   'as-array': [ '2.0.0' ],
2216 silly audit   'url-join': [ '0.0.1' ],
2216 silly audit   'valid-url': [ '1.0.9' ],
2216 silly audit   'lodash._objecttypes': [ '2.4.1' ],
2216 silly audit   'install-artifact-from-github': [ '1.7.0' ],
2216 silly audit   nan: [ '2.28.0' ],
2216 silly audit   'node-gyp': [ '12.4.0' ],
2216 silly audit   'env-paths': [ '2.2.1' ],
2216 silly audit   'exponential-backoff': [ '3.1.3' ],
2216 silly audit   nopt: [ '9.0.0' ],
2216 silly audit   'proc-log': [ '6.1.0' ],
2216 silly audit   tinyglobby: [ '0.2.17' ],
2216 silly audit   abbrev: [ '4.0.0' ],
2216 silly audit   'has-flag': [ '4.0.0' ],
2216 silly audit   'supports-color': [ '7.2.0' ],
2216 silly audit   '@isaacs/fs-minipass': [ '4.0.1' ],
2216 silly audit   chownr: [ '3.0.0' ],
2216 silly audit   minizlib: [ '3.1.0' ],
2216 silly audit   yallist: [ '5.0.0' ],
2216 silly audit   b4a: [ '1.8.1' ],
2216 silly audit   'bare-fs': [ '4.7.4' ],
2216 silly audit   'fast-fifo': [ '1.3.2' ],
2216 silly audit   streamx: [ '2.28.0' ],
2216 silly audit   'bare-events': [ '2.9.1' ],
2216 silly audit   'bare-path': [ '3.1.1' ],
2216 silly audit   'bare-stream': [ '2.13.3' ],
2216 silly audit   'bare-url': [ '2.4.6' ],
2216 silly audit   teex: [ '1.0.1' ],
2216 silly audit   'events-universal': [ '1.0.1' ],
2216 silly audit   'text-decoder': [ '1.2.7' ],
2216 silly audit   is2: [ '2.0.1' ],
2216 silly audit   'deep-is': [ '0.1.4' ],
2216 silly audit   'ip-regex': [ '2.1.0' ],
2216 silly audit   thenify: [ '3.3.1' ],
2216 silly audit   fdir: [ '6.5.0' ],
2216 silly audit   'is-number': [ '7.0.0' ],
2216 silly audit   'crypto-random-string': [ '2.0.0' ],
2216 silly audit   boxen: [ '5.1.2' ],
2216 silly audit   'has-yarn': [ '2.1.0' ],
2216 silly audit   'import-lazy': [ '2.1.0' ],
2216 silly audit   'is-ci': [ '2.0.0' ],
2216 silly audit   'is-installed-globally': [ '0.4.0' ],
2216 silly audit   'is-npm': [ '5.0.0' ],
2216 silly audit   'is-yarn-global': [ '0.3.0' ],
2216 silly audit   'isomorphic-fetch': [ '3.0.0' ],
2216 silly audit   pupa: [ '2.1.1' ],
2216 silly audit   'registry-auth-token': [ '5.1.1' ],
2216 silly audit   'registry-url': [ '5.1.0' ],
2216 silly audit   'semver-diff': [ '3.1.1' ],
2216 silly audit   'ansi-align': [ '3.0.1' ],
2216 silly audit   camelcase: [ '6.3.0' ],
2216 silly audit   'cli-boxes': [ '2.2.1' ],
2216 silly audit   'type-fest': [ '0.20.2' ],
2216 silly audit   'widest-line': [ '3.1.0' ],
2216 silly audit   'ci-info': [ '2.0.0' ],
2216 silly audit   'global-dirs': [ '3.0.1' ],
2216 silly audit   'is-path-inside': [ '3.0.3' ],
2216 silly audit   ini: [ '2.0.0', '1.3.8' ],
2216 silly audit   'whatwg-fetch': [ '3.6.20' ],
2216 silly audit   'escape-goat': [ '2.1.1' ],
2216 silly audit   '@pnpm/npm-conf': [ '3.0.3' ],
2216 silly audit   '@pnpm/config.env-replace': [ '1.1.0' ],
2216 silly audit   '@pnpm/network.ca-file': [ '1.0.2' ],
2216 silly audit   'config-chain': [ '1.1.13' ],
2216 silly audit   'proto-list': [ '1.2.4' ],
2216 silly audit   rc: [ '1.2.8' ],
2216 silly audit   'deep-extend': [ '0.6.0' ],
2216 silly audit   minimist: [ '1.2.8' ],
2216 silly audit   'strip-json-comments': [ '2.0.1' ],
2216 silly audit   defaults: [ '1.0.4' ],
2216 silly audit   clone: [ '1.0.4' ],
2216 silly audit   '@dabh/diagnostics': [ '2.0.8' ],
2216 silly audit   logform: [ '2.7.0' ],
2216 silly audit   'one-time': [ '1.0.0' ],
2216 silly audit   'safe-stable-stringify': [ '2.5.0' ],
2216 silly audit   'stack-trace': [ '0.0.10' ],
2216 silly audit   '@so-ric/colorspace': [ '1.1.6' ],
2216 silly audit   enabled: [ '2.0.0' ],
2216 silly audit   kuler: [ '2.0.0' ],
2216 silly audit   color: [ '5.0.3' ],
2216 silly audit   'text-hex': [ '1.0.0' ],
2216 silly audit   'color-string': [ '2.1.4' ],
2216 silly audit   '@types/triple-beam': [ '1.3.5' ],
2216 silly audit   fecha: [ '4.2.3' ],
2216 silly audit   'fn.name': [ '1.1.0' ],
2216 silly audit   imurmurhash: [ '0.1.4' ],
2216 silly audit   'is-typedarray': [ '1.0.0' ],
2216 silly audit   'typedarray-to-buffer': [ '3.1.5' ],
2216 silly audit   'compress-commons': [ '6.0.2' ],
2216 silly audit   'crc-32': [ '1.2.2' ],
2216 silly audit   'crc32-stream': [ '6.0.0' ],
2216 silly audit   events: [ '3.3.0' ],
2216 silly audit   process: [ '0.11.10' ],
2216 silly audit   'array-flatten': [ '1.1.1' ],
2216 silly audit   methods: [ '1.1.2' ],
2216 silly audit   'concat-map': [ '0.0.1' ],
2216 silly audit   'core-util-is': [ '1.0.3' ],
2216 silly audit   isarray: [ '1.0.0', '0.0.1' ],
2216 silly audit   'process-nextick-args': [ '2.0.1' ],
2216 silly audit   '@firebase/rules-unit-testing': [ '5.0.1' ]
2216 silly audit }
2217 http cache @firebase/rules-unit-testing@https://registry.npmjs.org/@firebase/rules-unit-testing/-/rules-unit-testing-5.0.1.tgz 0ms (cache hit)
2218 http cache isarray@https://registry.npmjs.org/isarray/-/isarray-1.0.0.tgz 0ms (cache hit)
2219 http cache process-nextick-args@https://registry.npmjs.org/process-nextick-args/-/process-nextick-args-2.0.1.tgz 0ms (cache hit)
2220 http cache core-util-is@https://registry.npmjs.org/core-util-is/-/core-util-is-1.0.3.tgz 0ms (cache hit)
2221 http cache methods@https://registry.npmjs.org/methods/-/methods-1.1.2.tgz 0ms (cache hit)
2222 http cache concat-map@https://registry.npmjs.org/concat-map/-/concat-map-0.0.1.tgz 0ms (cache hit)
2223 http cache array-flatten@https://registry.npmjs.org/array-flatten/-/array-flatten-1.1.1.tgz 0ms (cache hit)
2224 http cache process@https://registry.npmjs.org/process/-/process-0.11.10.tgz 0ms (cache hit)
2225 http cache events@https://registry.npmjs.org/events/-/events-3.3.0.tgz 0ms (cache hit)
2226 http cache crc32-stream@https://registry.npmjs.org/crc32-stream/-/crc32-stream-6.0.0.tgz 0ms (cache hit)
2227 http cache compress-commons@https://registry.npmjs.org/compress-commons/-/compress-commons-6.0.2.tgz 0ms (cache hit)
2228 http cache crc-32@https://registry.npmjs.org/crc-32/-/crc-32-1.2.2.tgz 0ms (cache hit)
2229 http cache typedarray-to-buffer@https://registry.npmjs.org/typedarray-to-buffer/-/typedarray-to-buffer-3.1.5.tgz 0ms (cache hit)
2230 http cache is-typedarray@https://registry.npmjs.org/is-typedarray/-/is-typedarray-1.0.0.tgz 0ms (cache hit)
2231 http cache fn.name@https://registry.npmjs.org/fn.name/-/fn.name-1.1.0.tgz 0ms (cache hit)
2232 http cache @types/triple-beam@https://registry.npmjs.org/@types/triple-beam/-/triple-beam-1.3.5.tgz 0ms (cache hit)
2233 http cache imurmurhash@https://registry.npmjs.org/imurmurhash/-/imurmurhash-0.1.4.tgz 0ms (cache hit)
2234 http cache color@https://registry.npmjs.org/color/-/color-5.0.3.tgz 0ms (cache hit)
2235 http cache fecha@https://registry.npmjs.org/fecha/-/fecha-4.2.3.tgz 0ms (cache hit)
2236 http cache color-string@https://registry.npmjs.org/color-string/-/color-string-2.1.4.tgz 0ms (cache hit)
2237 http cache text-hex@https://registry.npmjs.org/text-hex/-/text-hex-1.0.0.tgz 0ms (cache hit)
2238 http cache kuler@https://registry.npmjs.org/kuler/-/kuler-2.0.0.tgz 0ms (cache hit)
2239 http cache enabled@https://registry.npmjs.org/enabled/-/enabled-2.0.0.tgz 0ms (cache hit)
2240 http cache @so-ric/colorspace@https://registry.npmjs.org/@so-ric/colorspace/-/colorspace-1.1.6.tgz 0ms (cache hit)
2241 http cache @dabh/diagnostics@https://registry.npmjs.org/@dabh/diagnostics/-/diagnostics-2.0.8.tgz 0ms (cache hit)
2242 http cache safe-stable-stringify@https://registry.npmjs.org/safe-stable-stringify/-/safe-stable-stringify-2.5.0.tgz 0ms (cache hit)
2243 http cache one-time@https://registry.npmjs.org/one-time/-/one-time-1.0.0.tgz 0ms (cache hit)
2244 http cache stack-trace@https://registry.npmjs.org/stack-trace/-/stack-trace-0.0.10.tgz 0ms (cache hit)
2245 http cache clone@https://registry.npmjs.org/clone/-/clone-1.0.4.tgz 0ms (cache hit)
2246 http cache logform@https://registry.npmjs.org/logform/-/logform-2.7.0.tgz 0ms (cache hit)
2247 http cache defaults@https://registry.npmjs.org/defaults/-/defaults-1.0.4.tgz 0ms (cache hit)
2248 http cache strip-json-comments@https://registry.npmjs.org/strip-json-comments/-/strip-json-comments-2.0.1.tgz 0ms (cache hit)
2249 http cache minimist@https://registry.npmjs.org/minimist/-/minimist-1.2.8.tgz 0ms (cache hit)
2250 http cache deep-extend@https://registry.npmjs.org/deep-extend/-/deep-extend-0.6.0.tgz 0ms (cache hit)
2251 http cache rc@https://registry.npmjs.org/rc/-/rc-1.2.8.tgz 0ms (cache hit)
2252 http cache proto-list@https://registry.npmjs.org/proto-list/-/proto-list-1.2.4.tgz 0ms (cache hit)
2253 http cache @pnpm/config.env-replace@https://registry.npmjs.org/@pnpm/config.env-replace/-/config.env-replace-1.1.0.tgz 0ms (cache hit)
2254 http cache config-chain@https://registry.npmjs.org/config-chain/-/config-chain-1.1.13.tgz 0ms (cache hit)
2255 http cache escape-goat@https://registry.npmjs.org/escape-goat/-/escape-goat-2.1.1.tgz 0ms (cache hit)
2256 http cache @pnpm/npm-conf@https://registry.npmjs.org/@pnpm/npm-conf/-/npm-conf-3.0.3.tgz 0ms (cache hit)
2257 http cache @pnpm/network.ca-file@https://registry.npmjs.org/@pnpm/network.ca-file/-/network.ca-file-1.0.2.tgz 0ms (cache hit)
2258 http cache whatwg-fetch@https://registry.npmjs.org/whatwg-fetch/-/whatwg-fetch-3.6.20.tgz 0ms (cache hit)
2259 http cache ini@https://registry.npmjs.org/ini/-/ini-2.0.0.tgz 0ms (cache hit)
2260 http cache global-dirs@https://registry.npmjs.org/global-dirs/-/global-dirs-3.0.1.tgz 0ms (cache hit)
2261 http cache is-path-inside@https://registry.npmjs.org/is-path-inside/-/is-path-inside-3.0.3.tgz 0ms (cache hit)
2262 http cache ci-info@https://registry.npmjs.org/ci-info/-/ci-info-2.0.0.tgz 0ms (cache hit)
2263 http cache widest-line@https://registry.npmjs.org/widest-line/-/widest-line-3.1.0.tgz 0ms (cache hit)
2264 http cache type-fest@https://registry.npmjs.org/type-fest/-/type-fest-0.20.2.tgz 0ms (cache hit)
2265 http cache cli-boxes@https://registry.npmjs.org/cli-boxes/-/cli-boxes-2.2.1.tgz 0ms (cache hit)
2266 http cache camelcase@https://registry.npmjs.org/camelcase/-/camelcase-6.3.0.tgz 0ms (cache hit)
2267 http cache ansi-align@https://registry.npmjs.org/ansi-align/-/ansi-align-3.0.1.tgz 0ms (cache hit)
2268 http cache semver-diff@https://registry.npmjs.org/semver-diff/-/semver-diff-3.1.1.tgz 0ms (cache hit)
2269 http cache registry-auth-token@https://registry.npmjs.org/registry-auth-token/-/registry-auth-token-5.1.1.tgz 0ms (cache hit)
2270 http cache pupa@https://registry.npmjs.org/pupa/-/pupa-2.1.1.tgz 0ms (cache hit)
2271 http cache registry-url@https://registry.npmjs.org/registry-url/-/registry-url-5.1.0.tgz 0ms (cache hit)
2272 http cache isomorphic-fetch@https://registry.npmjs.org/isomorphic-fetch/-/isomorphic-fetch-3.0.0.tgz 0ms (cache hit)
2273 http cache is-installed-globally@https://registry.npmjs.org/is-installed-globally/-/is-installed-globally-0.4.0.tgz 0ms (cache hit)
2274 http cache is-ci@https://registry.npmjs.org/is-ci/-/is-ci-2.0.0.tgz 0ms (cache hit)
2275 http cache is-npm@https://registry.npmjs.org/is-npm/-/is-npm-5.0.0.tgz 0ms (cache hit)
2276 http cache import-lazy@https://registry.npmjs.org/import-lazy/-/import-lazy-2.1.0.tgz 0ms (cache hit)
2277 http cache is-yarn-global@https://registry.npmjs.org/is-yarn-global/-/is-yarn-global-0.3.0.tgz 0ms (cache hit)
2278 http cache has-yarn@https://registry.npmjs.org/has-yarn/-/has-yarn-2.1.0.tgz 0ms (cache hit)
2279 http cache crypto-random-string@https://registry.npmjs.org/crypto-random-string/-/crypto-random-string-2.0.0.tgz 0ms (cache hit)
2280 http cache boxen@https://registry.npmjs.org/boxen/-/boxen-5.1.2.tgz 0ms (cache hit)
2281 http cache thenify@https://registry.npmjs.org/thenify/-/thenify-3.3.1.tgz 0ms (cache hit)
2282 http cache ip-regex@https://registry.npmjs.org/ip-regex/-/ip-regex-2.1.0.tgz 0ms (cache hit)
2283 http cache deep-is@https://registry.npmjs.org/deep-is/-/deep-is-0.1.4.tgz 0ms (cache hit)
2284 http cache is2@https://registry.npmjs.org/is2/-/is2-2.0.1.tgz 0ms (cache hit)
2285 http cache is-number@https://registry.npmjs.org/is-number/-/is-number-7.0.0.tgz 0ms (cache hit)
2286 http cache events-universal@https://registry.npmjs.org/events-universal/-/events-universal-1.0.1.tgz 0ms (cache hit)
2287 http cache text-decoder@https://registry.npmjs.org/text-decoder/-/text-decoder-1.2.7.tgz 0ms (cache hit)
2288 http cache teex@https://registry.npmjs.org/teex/-/teex-1.0.1.tgz 0ms (cache hit)
2289 http cache bare-url@https://registry.npmjs.org/bare-url/-/bare-url-2.4.6.tgz 0ms (cache hit)
2290 http cache bare-path@https://registry.npmjs.org/bare-path/-/bare-path-3.1.1.tgz 0ms (cache hit)
2291 http cache bare-events@https://registry.npmjs.org/bare-events/-/bare-events-2.9.1.tgz 0ms (cache hit)
2292 http cache streamx@https://registry.npmjs.org/streamx/-/streamx-2.28.0.tgz 0ms (cache hit)
2293 http cache fast-fifo@https://registry.npmjs.org/fast-fifo/-/fast-fifo-1.3.2.tgz 0ms (cache hit)
2294 http cache bare-fs@https://registry.npmjs.org/bare-fs/-/bare-fs-4.7.4.tgz 0ms (cache hit)
2295 http cache @isaacs/fs-minipass@https://registry.npmjs.org/@isaacs/fs-minipass/-/fs-minipass-4.0.1.tgz 0ms (cache hit)
2296 http cache minizlib@https://registry.npmjs.org/minizlib/-/minizlib-3.1.0.tgz 0ms (cache hit)
2297 http cache chownr@https://registry.npmjs.org/chownr/-/chownr-3.0.0.tgz 0ms (cache hit)
2298 http cache bare-stream@https://registry.npmjs.org/bare-stream/-/bare-stream-2.13.3.tgz 0ms (cache hit)
2299 http cache b4a@https://registry.npmjs.org/b4a/-/b4a-1.8.1.tgz 0ms (cache hit)
2300 http cache has-flag@https://registry.npmjs.org/has-flag/-/has-flag-4.0.0.tgz 0ms (cache hit)
2301 http cache yallist@https://registry.npmjs.org/yallist/-/yallist-5.0.0.tgz 0ms (cache hit)
2302 http cache abbrev@https://registry.npmjs.org/abbrev/-/abbrev-4.0.0.tgz 0ms (cache hit)
2303 http cache supports-color@https://registry.npmjs.org/supports-color/-/supports-color-7.2.0.tgz 0ms (cache hit)
2304 http cache tinyglobby@https://registry.npmjs.org/tinyglobby/-/tinyglobby-0.2.17.tgz 0ms (cache hit)
2305 http cache proc-log@https://registry.npmjs.org/proc-log/-/proc-log-6.1.0.tgz 0ms (cache hit)
2306 http cache nopt@https://registry.npmjs.org/nopt/-/nopt-9.0.0.tgz 0ms (cache hit)
2307 http cache env-paths@https://registry.npmjs.org/env-paths/-/env-paths-2.2.1.tgz 0ms (cache hit)
2308 http cache exponential-backoff@https://registry.npmjs.org/exponential-backoff/-/exponential-backoff-3.1.3.tgz 0ms (cache hit)
2309 http cache install-artifact-from-github@https://registry.npmjs.org/install-artifact-from-github/-/install-artifact-from-github-1.7.0.tgz 0ms (cache hit)
2310 http cache nan@https://registry.npmjs.org/nan/-/nan-2.28.0.tgz 0ms (cache hit)
2311 http cache lodash._objecttypes@https://registry.npmjs.org/lodash._objecttypes/-/lodash._objecttypes-2.4.1.tgz 0ms (cache hit)
2312 http cache node-gyp@https://registry.npmjs.org/node-gyp/-/node-gyp-12.4.0.tgz 0ms (cache hit)
2313 http cache valid-url@https://registry.npmjs.org/valid-url/-/valid-url-1.0.9.tgz 0ms (cache hit)
2314 http cache url-join@https://registry.npmjs.org/url-join/-/url-join-0.0.1.tgz 0ms (cache hit)
2315 http cache toxic@https://registry.npmjs.org/toxic/-/toxic-1.0.1.tgz 0ms (cache hit)
2316 http cache as-array@https://registry.npmjs.org/as-array/-/as-array-2.0.0.tgz 0ms (cache hit)
2317 http cache glob-slash@https://registry.npmjs.org/glob-slash/-/glob-slash-1.0.0.tgz 0ms (cache hit)
2318 http cache lodash.isobject@https://registry.npmjs.org/lodash.isobject/-/lodash.isobject-2.4.1.tgz 0ms (cache hit)
2319 http cache utils-merge@https://registry.npmjs.org/utils-merge/-/utils-merge-1.0.1.tgz 0ms (cache hit)
2320 http cache compressible@https://registry.npmjs.org/compressible/-/compressible-2.0.18.tgz 0ms (cache hit)
2321 http cache tsscmp@https://registry.npmjs.org/tsscmp/-/tsscmp-1.0.6.tgz 0ms (cache hit)
2322 http cache re2@https://registry.npmjs.org/re2/-/re2-1.24.1.tgz 0ms (cache hit)
2323 http cache join-path@https://registry.npmjs.org/join-path/-/join-path-1.1.1.tgz 0ms (cache hit)
2324 http cache glob-slasher@https://registry.npmjs.org/glob-slasher/-/glob-slasher-1.0.1.tgz 0ms (cache hit)
2325 http cache is-url@https://registry.npmjs.org/is-url/-/is-url-1.2.4.tgz 0ms (cache hit)
2326 http cache destroy@https://registry.npmjs.org/destroy/-/destroy-1.2.0.tgz 0ms (cache hit)
2327 http cache connect@https://registry.npmjs.org/connect/-/connect-3.7.0.tgz 0ms (cache hit)
2328 http cache compression@https://registry.npmjs.org/compression/-/compression-1.8.1.tgz 0ms (cache hit)
2329 http cache basic-auth-connect@https://registry.npmjs.org/basic-auth-connect/-/basic-auth-connect-1.1.0.tgz 0ms (cache hit)
2330 http cache ret@https://registry.npmjs.org/ret/-/ret-0.1.15.tgz 0ms (cache hit)
2331 http cache discontinuous-range@https://registry.npmjs.org/discontinuous-range/-/discontinuous-range-1.0.0.tgz 0ms (cache hit)
2332 http cache railroad-diagrams@https://registry.npmjs.org/railroad-diagrams/-/railroad-diagrams-1.0.0.tgz 0ms (cache hit)
2333 http cache socks@https://registry.npmjs.org/socks/-/socks-2.8.9.tgz 0ms (cache hit)
2334 http cache nearley@https://registry.npmjs.org/nearley/-/nearley-2.20.1.tgz 0ms (cache hit)
2335 http cache smart-buffer@https://registry.npmjs.org/smart-buffer/-/smart-buffer-4.2.0.tgz 0ms (cache hit)
2336 http cache randexp@https://registry.npmjs.org/randexp/-/randexp-0.4.6.tgz 0ms (cache hit)
2337 http cache mimic-fn@https://registry.npmjs.org/mimic-fn/-/mimic-fn-2.1.0.tgz 0ms (cache hit)
2338 http cache moo@https://registry.npmjs.org/moo/-/moo-0.5.3.tgz 0ms (cache hit)
2339 http cache unicode-emoji-modifier-base@https://registry.npmjs.org/unicode-emoji-modifier-base/-/unicode-emoji-modifier-base-1.0.0.tgz 0ms (cache hit)
2340 http cache source-map@https://registry.npmjs.org/source-map/-/source-map-0.6.1.tgz 0ms (cache hit)
2341 http cache onetime@https://registry.npmjs.org/onetime/-/onetime-5.1.2.tgz 0ms (cache hit)
2342 http cache esprima@https://registry.npmjs.org/esprima/-/esprima-4.0.1.tgz 0ms (cache hit)
2343 http cache estraverse@https://registry.npmjs.org/estraverse/-/estraverse-5.3.0.tgz 0ms (cache hit)
2344 http cache esutils@https://registry.npmjs.org/esutils/-/esutils-2.0.3.tgz 0ms (cache hit)
2345 http cache netmask@https://registry.npmjs.org/netmask/-/netmask-2.1.1.tgz 0ms (cache hit)
2346 http cache ast-types@https://registry.npmjs.org/ast-types/-/ast-types-0.13.4.tgz 0ms (cache hit)
2347 http cache escodegen@https://registry.npmjs.org/escodegen/-/escodegen-2.1.0.tgz 0ms (cache hit)
2348 http cache basic-ftp@https://registry.npmjs.org/basic-ftp/-/basic-ftp-5.3.1.tgz 0ms (cache hit)
2349 http cache degenerator@https://registry.npmjs.org/degenerator/-/degenerator-5.0.1.tgz 0ms (cache hit)
2350 http cache @tootallnate/quickjs-emscripten@https://registry.npmjs.org/@tootallnate/quickjs-emscripten/-/quickjs-emscripten-0.23.0.tgz 0ms (cache hit)
2351 http cache pac-resolver@https://registry.npmjs.org/pac-resolver/-/pac-resolver-7.0.1.tgz 0ms (cache hit)
2352 http cache get-uri@https://registry.npmjs.org/get-uri/-/get-uri-6.0.5.tgz 0ms (cache hit)
2353 http cache socks-proxy-agent@https://registry.npmjs.org/socks-proxy-agent/-/socks-proxy-agent-8.0.5.tgz 0ms (cache hit)
2354 http cache pac-proxy-agent@https://registry.npmjs.org/pac-proxy-agent/-/pac-proxy-agent-7.2.0.tgz 0ms (cache hit)
2355 http cache split2@https://registry.npmjs.org/split2/-/split2-4.2.0.tgz 0ms (cache hit)
2356 http cache xtend@https://registry.npmjs.org/xtend/-/xtend-4.0.2.tgz 0ms (cache hit)
2357 http cache postgres-date@https://registry.npmjs.org/postgres-date/-/postgres-date-1.0.7.tgz 0ms (cache hit)
2358 http cache postgres-interval@https://registry.npmjs.org/postgres-interval/-/postgres-interval-1.2.0.tgz 0ms (cache hit)
2359 http cache postgres-bytea@https://registry.npmjs.org/postgres-bytea/-/postgres-bytea-1.0.1.tgz 0ms (cache hit)
2360 http cache proxy-from-env@https://registry.npmjs.org/proxy-from-env/-/proxy-from-env-1.1.0.tgz 0ms (cache hit)
2361 http cache postgres-array@https://registry.npmjs.org/postgres-array/-/postgres-array-2.0.0.tgz 0ms (cache hit)
2362 http cache pg-int8@https://registry.npmjs.org/pg-int8/-/pg-int8-1.0.1.tgz 0ms (cache hit)
2363 http cache pg-protocol@https://registry.npmjs.org/pg-protocol/-/pg-protocol-1.15.0.tgz 0ms (cache hit)
2364 http cache pg-types@https://registry.npmjs.org/pg-types/-/pg-types-2.2.0.tgz 0ms (cache hit)
2365 http cache pg-pool@https://registry.npmjs.org/pg-pool/-/pg-pool-3.14.0.tgz 0ms (cache hit)
2366 http cache pg-connection-string@https://registry.npmjs.org/pg-connection-string/-/pg-connection-string-2.14.0.tgz 0ms (cache hit)
2367 http cache pgpass@https://registry.npmjs.org/pgpass/-/pgpass-1.0.5.tgz 0ms (cache hit)
2368 http cache restore-cursor@https://registry.npmjs.org/restore-cursor/-/restore-cursor-3.1.0.tgz 0ms (cache hit)
2369 http cache ieee754@https://registry.npmjs.org/ieee754/-/ieee754-1.2.1.tgz 1ms (cache hit)
2370 http cache pg-cloudflare@https://registry.npmjs.org/pg-cloudflare/-/pg-cloudflare-1.4.0.tgz 0ms (cache hit)
2371 http cache wcwidth@https://registry.npmjs.org/wcwidth/-/wcwidth-1.0.1.tgz 0ms (cache hit)
2372 http cache is-unicode-supported@https://registry.npmjs.org/is-unicode-supported/-/is-unicode-supported-0.1.0.tgz 0ms (cache hit)
2373 http cache buffer@https://registry.npmjs.org/buffer/-/buffer-5.7.1.tgz 0ms (cache hit)
2374 http cache log-symbols@https://registry.npmjs.org/log-symbols/-/log-symbols-4.1.0.tgz 0ms (cache hit)
2375 http cache cli-spinners@https://registry.npmjs.org/cli-spinners/-/cli-spinners-2.9.2.tgz 0ms (cache hit)
2376 http cache cli-cursor@https://registry.npmjs.org/cli-cursor/-/cli-cursor-3.1.0.tgz 0ms (cache hit)
2377 http cache is-interactive@https://registry.npmjs.org/is-interactive/-/is-interactive-1.0.0.tgz 0ms (cache hit)
2378 http cache is-wsl@https://registry.npmjs.org/is-wsl/-/is-wsl-1.1.0.tgz 0ms (cache hit)
2379 http cache bl@https://registry.npmjs.org/bl/-/bl-4.1.0.tgz 0ms (cache hit)
2380 http cache emojilib@https://registry.npmjs.org/emojilib/-/emojilib-2.4.0.tgz 0ms (cache hit)
2381 http cache skin-tone@https://registry.npmjs.org/skin-tone/-/skin-tone-2.0.0.tgz 0ms (cache hit)
2382 http cache char-regex@https://registry.npmjs.org/char-regex/-/char-regex-1.0.2.tgz 0ms (cache hit)
2383 http cache any-promise@https://registry.npmjs.org/any-promise/-/any-promise-1.3.0.tgz 0ms (cache hit)
2384 http cache on-headers@https://registry.npmjs.org/on-headers/-/on-headers-1.1.0.tgz 0ms (cache hit)
2385 http cache thenify-all@https://registry.npmjs.org/thenify-all/-/thenify-all-1.6.0.tgz 0ms (cache hit)
2386 http cache @sindresorhus/is@https://registry.npmjs.org/@sindresorhus/is/-/is-4.6.0.tgz 0ms (cache hit)
2387 http cache basic-auth@https://registry.npmjs.org/basic-auth/-/basic-auth-2.0.1.tgz 0ms (cache hit)
2388 http cache parse5-htmlparser2-tree-adapter@https://registry.npmjs.org/parse5-htmlparser2-tree-adapter/-/parse5-htmlparser2-tree-adapter-6.0.1.tgz 0ms (cache hit)
2389 http cache parse5@https://registry.npmjs.org/parse5/-/parse5-5.1.1.tgz 0ms (cache hit)
2390 http cache environment@https://registry.npmjs.org/environment/-/environment-1.1.0.tgz 0ms (cache hit)
2391 http cache mz@https://registry.npmjs.org/mz/-/mz-2.7.0.tgz 0ms (cache hit)
2392 http cache highlight.js@https://registry.npmjs.org/highlight.js/-/highlight.js-10.7.3.tgz 0ms (cache hit)
2393 http cache supports-hyperlinks@https://registry.npmjs.org/supports-hyperlinks/-/supports-hyperlinks-3.2.0.tgz 0ms (cache hit)
2394 http cache chalk@https://registry.npmjs.org/chalk/-/chalk-5.6.2.tgz 0ms (cache hit)
2395 http cache cli-highlight@https://registry.npmjs.org/cli-highlight/-/cli-highlight-2.1.11.tgz 0ms (cache hit)
2396 http cache node-emoji@https://registry.npmjs.org/node-emoji/-/node-emoji-2.2.0.tgz 0ms (cache hit)
2397 http cache ansi-escapes@https://registry.npmjs.org/ansi-escapes/-/ansi-escapes-7.3.0.tgz 0ms (cache hit)
2398 http cache libsodium@https://registry.npmjs.org/libsodium/-/libsodium-0.7.16.tgz 0ms (cache hit)
2399 http cache argparse@https://registry.npmjs.org/argparse/-/argparse-2.0.1.tgz 0ms (cache hit)
2400 http cache is-extglob@https://registry.npmjs.org/is-extglob/-/is-extglob-2.1.1.tgz 0ms (cache hit)
2401 http cache jju@https://registry.npmjs.org/jju/-/jju-1.4.0.tgz 0ms (cache hit)
2402 http cache binary-extensions@https://registry.npmjs.org/binary-extensions/-/binary-extensions-2.3.0.tgz 0ms (cache hit)
2403 http cache url-template@https://registry.npmjs.org/url-template/-/url-template-2.0.8.tgz 0ms (cache hit)
2404 http cache universalify@https://registry.npmjs.org/universalify/-/universalify-2.0.1.tgz 0ms (cache hit)
2405 http cache ip-address@https://registry.npmjs.org/ip-address/-/ip-address-10.4.0.tgz 0ms (cache hit)
2406 http cache jsonfile@https://registry.npmjs.org/jsonfile/-/jsonfile-6.2.1.tgz 0ms (cache hit)
2407 http cache to-regex-range@https://registry.npmjs.org/to-regex-range/-/to-regex-range-5.0.1.tgz 0ms (cache hit)
2408 http cache @types/json-schema@https://registry.npmjs.org/@types/json-schema/-/json-schema-7.0.15.tgz 0ms (cache hit)
2409 http cache @jsdevtools/ono@https://registry.npmjs.org/@jsdevtools/ono/-/ono-7.1.3.tgz 0ms (cache hit)
2410 http cache call-me-maybe@https://registry.npmjs.org/call-me-maybe/-/call-me-maybe-1.0.2.tgz 0ms (cache hit)
2411 http cache promise-breaker@https://registry.npmjs.org/promise-breaker/-/promise-breaker-6.0.0.tgz 0ms (cache hit)
2412 http cache openapi3-ts@https://registry.npmjs.org/openapi3-ts/-/openapi3-ts-3.2.0.tgz 0ms (cache hit)
2413 http cache json-ptr@https://registry.npmjs.org/json-ptr/-/json-ptr-3.1.1.tgz 0ms (cache hit)
2414 http cache deep-freeze@https://registry.npmjs.org/deep-freeze/-/deep-freeze-0.0.1.tgz 0ms (cache hit)
2415 http cache @apidevtools/json-schema-ref-parser@https://registry.npmjs.org/@apidevtools/json-schema-ref-parser/-/json-schema-ref-parser-9.1.2.tgz 0ms (cache hit)
2416 http cache is-obj@https://registry.npmjs.org/is-obj/-/is-obj-2.0.0.tgz 0ms (cache hit)
2417 http cache events-listener@https://registry.npmjs.org/events-listener/-/events-listener-1.1.0.tgz 0ms (cache hit)
2418 http cache write-file-atomic@https://registry.npmjs.org/write-file-atomic/-/write-file-atomic-3.0.3.tgz 0ms (cache hit)
2419 http cache unique-string@https://registry.npmjs.org/unique-string/-/unique-string-2.0.0.tgz 0ms (cache hit)
2420 http cache @colors/colors@https://registry.npmjs.org/@colors/colors/-/colors-1.5.0.tgz 0ms (cache hit)
2421 http cache xdg-basedir@https://registry.npmjs.org/xdg-basedir/-/xdg-basedir-4.0.0.tgz 0ms (cache hit)
2422 http cache make-dir@https://registry.npmjs.org/make-dir/-/make-dir-3.1.0.tgz 0ms (cache hit)
2423 http cache dot-prop@https://registry.npmjs.org/dot-prop/-/dot-prop-5.3.0.tgz 0ms (cache hit)
2424 http cache json-parse-helpfulerror@https://registry.npmjs.org/json-parse-helpfulerror/-/json-parse-helpfulerror-1.0.3.tgz 0ms (cache hit)
2425 http cache readdirp@https://registry.npmjs.org/readdirp/-/readdirp-3.6.0.tgz 0ms (cache hit)
2426 http cache picomatch@https://registry.npmjs.org/picomatch/-/picomatch-2.3.2.tgz 0ms (cache hit)
2427 http cache fill-range@https://registry.npmjs.org/fill-range/-/fill-range-7.1.1.tgz 0ms (cache hit)
2428 http cache is-binary-path@https://registry.npmjs.org/is-binary-path/-/is-binary-path-2.1.0.tgz 0ms (cache hit)
2429 http cache is-glob@https://registry.npmjs.org/is-glob/-/is-glob-4.0.3.tgz 0ms (cache hit)
2430 http cache glob-parent@https://registry.npmjs.org/glob-parent/-/glob-parent-5.1.2.tgz 0ms (cache hit)
2431 http cache anymatch@https://registry.npmjs.org/anymatch/-/anymatch-3.1.3.tgz 0ms (cache hit)
2432 http cache lazystream@https://registry.npmjs.org/lazystream/-/lazystream-1.0.1.tgz 0ms (cache hit)
2433 http cache braces@https://registry.npmjs.org/braces/-/braces-3.0.3.tgz 0ms (cache hit)
2434 http cache graceful-fs@https://registry.npmjs.org/graceful-fs/-/graceful-fs-4.2.11.tgz 0ms (cache hit)
2435 http cache normalize-path@https://registry.npmjs.org/normalize-path/-/normalize-path-3.0.0.tgz 0ms (cache hit)
2436 http cache zip-stream@https://registry.npmjs.org/zip-stream/-/zip-stream-6.0.1.tgz 0ms (cache hit)
2437 http cache tar-stream@https://registry.npmjs.org/tar-stream/-/tar-stream-3.2.0.tgz 0ms (cache hit)
2438 http cache buffer-crc32@https://registry.npmjs.org/buffer-crc32/-/buffer-crc32-1.0.0.tgz 0ms (cache hit)
2439 http cache readdir-glob@https://registry.npmjs.org/readdir-glob/-/readdir-glob-1.1.3.tgz 0ms (cache hit)
2440 http cache async@https://registry.npmjs.org/async/-/async-3.2.6.tgz 0ms (cache hit)
2441 http cache archiver-utils@https://registry.npmjs.org/archiver-utils/-/archiver-utils-5.0.2.tgz 0ms (cache hit)
2442 http cache require-from-string@https://registry.npmjs.org/require-from-string/-/require-from-string-2.0.2.tgz 0ms (cache hit)
2443 http cache fast-uri@https://registry.npmjs.org/fast-uri/-/fast-uri-3.1.5.tgz 0ms (cache hit)
2444 http cache zod-to-json-schema@https://registry.npmjs.org/zod-to-json-schema/-/zod-to-json-schema-3.25.2.tgz 0ms (cache hit)
2445 http cache pkce-challenge@https://registry.npmjs.org/pkce-challenge/-/pkce-challenge-5.0.1.tgz 0ms (cache hit)
2446 http cache json-schema-traverse@https://registry.npmjs.org/json-schema-traverse/-/json-schema-traverse-1.0.0.tgz 0ms (cache hit)
2447 http cache json-schema-typed@https://registry.npmjs.org/json-schema-typed/-/json-schema-typed-8.0.2.tgz 0ms (cache hit)
2448 http cache express-rate-limit@https://registry.npmjs.org/express-rate-limit/-/express-rate-limit-8.6.1.tgz 0ms (cache hit)
2449 http cache eventsource@https://registry.npmjs.org/eventsource/-/eventsource-3.0.7.tgz 0ms (cache hit)
2450 http cache @hono/node-server@https://registry.npmjs.org/@hono/node-server/-/node-server-2.0.12.tgz 0ms (cache hit)
2451 http cache eventsource-parser@https://registry.npmjs.org/eventsource-parser/-/eventsource-parser-3.1.0.tgz 0ms (cache hit)
2452 http cache @inquirer/external-editor@https://registry.npmjs.org/@inquirer/external-editor/-/external-editor-1.0.3.tgz 0ms (cache hit)
2453 http cache hono@https://registry.npmjs.org/hono/-/hono-4.12.33.tgz 0ms (cache hit)
2454 http cache chardet@https://registry.npmjs.org/chardet/-/chardet-2.2.0.tgz 0ms (cache hit)
2455 http cache mute-stream@https://registry.npmjs.org/mute-stream/-/mute-stream-2.0.0.tgz 0ms (cache hit)
2456 http cache @inquirer/type@https://registry.npmjs.org/@inquirer/type/-/type-3.0.10.tgz 0ms (cache hit)
2457 http cache yoctocolors-cjs@https://registry.npmjs.org/yoctocolors-cjs/-/yoctocolors-cjs-2.1.3.tgz 0ms (cache hit)
2458 http cache cli-width@https://registry.npmjs.org/cli-width/-/cli-width-4.1.0.tgz 0ms (cache hit)
2459 http cache @inquirer/figures@https://registry.npmjs.org/@inquirer/figures/-/figures-1.0.15.tgz 0ms (cache hit)
2460 http cache @inquirer/ansi@https://registry.npmjs.org/@inquirer/ansi/-/ansi-1.0.2.tgz 0ms (cache hit)
2461 http cache @inquirer/core@https://registry.npmjs.org/@inquirer/core/-/core-10.3.2.tgz 0ms (cache hit)
2462 http cache @inquirer/select@https://registry.npmjs.org/@inquirer/select/-/select-4.4.2.tgz 0ms (cache hit)
2463 http cache @inquirer/search@https://registry.npmjs.org/@inquirer/search/-/search-3.2.2.tgz 0ms (cache hit)
2464 http cache @inquirer/password@https://registry.npmjs.org/@inquirer/password/-/password-4.0.23.tgz 0ms (cache hit)
2465 http cache @inquirer/number@https://registry.npmjs.org/@inquirer/number/-/number-3.0.23.tgz 0ms (cache hit)
2466 http cache @inquirer/rawlist@https://registry.npmjs.org/@inquirer/rawlist/-/rawlist-4.1.11.tgz 0ms (cache hit)
2467 http cache @inquirer/input@https://registry.npmjs.org/@inquirer/input/-/input-4.3.1.tgz 0ms (cache hit)
2468 http cache @inquirer/confirm@https://registry.npmjs.org/@inquirer/confirm/-/confirm-5.1.21.tgz 0ms (cache hit)
2469 http cache @inquirer/expand@https://registry.npmjs.org/@inquirer/expand/-/expand-4.0.23.tgz 0ms (cache hit)
2470 http cache @inquirer/editor@https://registry.npmjs.org/@inquirer/editor/-/editor-4.2.23.tgz 0ms (cache hit)
2471 http cache @inquirer/checkbox@https://registry.npmjs.org/@inquirer/checkbox/-/checkbox-4.3.2.tgz 0ms (cache hit)
2472 http cache googleapis-common@https://registry.npmjs.org/googleapis-common/-/googleapis-common-8.0.3.tgz 0ms (cache hit)
2473 http cache p-defer@https://registry.npmjs.org/p-defer/-/p-defer-3.0.0.tgz 0ms (cache hit)
2474 http cache lodash.snakecase@https://registry.npmjs.org/lodash.snakecase/-/lodash.snakecase-4.1.1.tgz 0ms (cache hit)
2475 http cache is-stream-ended@https://registry.npmjs.org/is-stream-ended/-/is-stream-ended-0.1.4.tgz 0ms (cache hit)
2476 http cache @opentelemetry/semantic-conventions@https://registry.npmjs.org/@opentelemetry/semantic-conventions/-/semantic-conventions-1.39.0.tgz 0ms (cache hit)
2477 http cache heap-js@https://registry.npmjs.org/heap-js/-/heap-js-2.7.1.tgz 0ms (cache hit)
2478 http cache @google-cloud/precise-date@https://registry.npmjs.org/@google-cloud/precise-date/-/precise-date-5.2.0.tgz 0ms (cache hit)
2479 http cache @opentelemetry/api@https://registry.npmjs.org/@opentelemetry/api/-/api-1.9.1.tgz 0ms (cache hit)
2480 http cache @googleapis/sqladmin@https://registry.npmjs.org/@googleapis/sqladmin/-/sqladmin-37.0.0.tgz 0ms (cache hit)
2481 http cache p-throttle@https://registry.npmjs.org/p-throttle/-/p-throttle-8.1.0.tgz 0ms (cache hit)
2482 http cache @opentelemetry/core@https://registry.npmjs.org/@opentelemetry/core/-/core-1.30.1.tgz 0ms (cache hit)
2483 http cache yaml@https://registry.npmjs.org/yaml/-/yaml-2.9.0.tgz 0ms (cache hit)
2484 http cache ws@https://registry.npmjs.org/ws/-/ws-8.21.1.tgz 0ms (cache hit)
2485 http cache winston-transport@https://registry.npmjs.org/winston-transport/-/winston-transport-4.9.0.tgz 0ms (cache hit)
2486 http cache winston@https://registry.npmjs.org/winston/-/winston-3.19.0.tgz 0ms (cache hit)
2487 http cache undici@https://registry.npmjs.org/undici/-/undici-6.28.0.tgz 0ms (cache hit)
2488 http cache triple-beam@https://registry.npmjs.org/triple-beam/-/triple-beam-1.4.1.tgz 0ms (cache hit)
2489 http cache update-notifier-cjs@https://registry.npmjs.org/update-notifier-cjs/-/update-notifier-cjs-5.1.7.tgz 0ms (cache hit)
2490 http cache universal-analytics@https://registry.npmjs.org/universal-analytics/-/universal-analytics-0.5.4.tgz 0ms (cache hit)
2491 http cache tmp@https://registry.npmjs.org/tmp/-/tmp-0.2.7.tgz 0ms (cache hit)
2492 http cache tcp-port-used@https://registry.npmjs.org/tcp-port-used/-/tcp-port-used-1.0.3.tgz 0ms (cache hit)
2493 http cache tar@https://registry.npmjs.org/tar/-/tar-7.5.22.tgz 0ms (cache hit)
2494 http cache stream-json@https://registry.npmjs.org/stream-json/-/stream-json-1.9.1.tgz 0ms (cache hit)
2495 http cache stream-chain@https://registry.npmjs.org/stream-chain/-/stream-chain-2.2.5.tgz 0ms (cache hit)
2496 http cache superstatic@https://registry.npmjs.org/superstatic/-/superstatic-10.0.0.tgz 0ms (cache hit)
2497 http cache sql-formatter@https://registry.npmjs.org/sql-formatter/-/sql-formatter-15.8.2.tgz 0ms (cache hit)
2498 http cache proxy-agent@https://registry.npmjs.org/proxy-agent/-/proxy-agent-6.5.0.tgz 0ms (cache hit)
2499 http cache progress@https://registry.npmjs.org/progress/-/progress-2.0.3.tgz 0ms (cache hit)
2500 http cache portfinder@https://registry.npmjs.org/portfinder/-/portfinder-1.0.38.tgz 0ms (cache hit)
2501 http cache pglite-2@https://registry.npmjs.org/@electric-sql/pglite/-/pglite-0.2.17.tgz 0ms (cache hit)
2502 http cache pg-gateway@https://registry.npmjs.org/pg-gateway/-/pg-gateway-0.3.0-beta.4.tgz 0ms (cache hit)
2503 http cache pg@https://registry.npmjs.org/pg/-/pg-8.22.0.tgz 0ms (cache hit)
2504 http cache ora@https://registry.npmjs.org/ora/-/ora-5.4.1.tgz 0ms (cache hit)
2505 http cache open@https://registry.npmjs.org/open/-/open-6.4.0.tgz 0ms (cache hit)
2506 http cache morgan@https://registry.npmjs.org/morgan/-/morgan-1.11.0.tgz 0ms (cache hit)
2507 http cache marked-terminal@https://registry.npmjs.org/marked-terminal/-/marked-terminal-7.3.0.tgz 0ms (cache hit)
2508 http cache marked@https://registry.npmjs.org/marked/-/marked-13.0.3.tgz 0ms (cache hit)
2509 http cache lsofi@https://registry.npmjs.org/lsofi/-/lsofi-2.0.0.tgz 0ms (cache hit)
2510 http cache lodash@https://registry.npmjs.org/lodash/-/lodash-4.18.1.tgz 0ms (cache hit)
2511 http cache libsodium-wrappers@https://registry.npmjs.org/libsodium-wrappers/-/libsodium-wrappers-0.7.16.tgz 0ms (cache hit)
2512 http cache js-yaml@https://registry.npmjs.org/js-yaml/-/js-yaml-4.3.1.tgz 0ms (cache hit)
2513 http cache ignore@https://registry.npmjs.org/ignore/-/ignore-7.0.6.tgz 0ms (cache hit)
2514 http cache fuzzy@https://registry.npmjs.org/fuzzy/-/fuzzy-0.1.3.tgz 0ms (cache hit)
2515 http cache fs-extra@https://registry.npmjs.org/fs-extra/-/fs-extra-10.1.0.tgz 0ms (cache hit)
2516 http cache exegesis-express@https://registry.npmjs.org/exegesis-express/-/exegesis-express-4.0.0.tgz 0ms (cache hit)
2517 http cache exegesis@https://registry.npmjs.org/exegesis/-/exegesis-4.3.0.tgz 0ms (cache hit)
2518 http cache csv-parse@https://registry.npmjs.org/csv-parse/-/csv-parse-5.6.0.tgz 0ms (cache hit)
2519 http cache colorette@https://registry.npmjs.org/colorette/-/colorette-2.0.20.tgz 0ms (cache hit)
2520 http cache commander@https://registry.npmjs.org/commander/-/commander-5.1.0.tgz 0ms (cache hit)
2521 http cache cross-env@https://registry.npmjs.org/cross-env/-/cross-env-7.0.3.tgz 0ms (cache hit)
2522 http cache configstore@https://registry.npmjs.org/configstore/-/configstore-5.0.1.tgz 0ms (cache hit)
2523 http cache cli-table3@https://registry.npmjs.org/cli-table3/-/cli-table3-0.6.5.tgz 0ms (cache hit)
2524 http cache chokidar@https://registry.npmjs.org/chokidar/-/chokidar-3.6.0.tgz 0ms (cache hit)
2525 http cache async-lock@https://registry.npmjs.org/async-lock/-/async-lock-1.4.1.tgz 0ms (cache hit)
2526 http cache cjson@https://registry.npmjs.org/cjson/-/cjson-0.3.3.tgz 0ms (cache hit)
2527 http cache @modelcontextprotocol/sdk@https://registry.npmjs.org/@modelcontextprotocol/sdk/-/sdk-1.30.0.tgz 0ms (cache hit)
2528 http cache @inquirer/prompts@https://registry.npmjs.org/@inquirer/prompts/-/prompts-7.10.1.tgz 0ms (cache hit)
2529 http cache archiver@https://registry.npmjs.org/archiver/-/archiver-7.0.1.tgz 0ms (cache hit)
2530 http cache ajv-formats@https://registry.npmjs.org/ajv-formats/-/ajv-formats-3.0.1.tgz 0ms (cache hit)
2531 http cache ajv@https://registry.npmjs.org/ajv/-/ajv-8.20.0.tgz 0ms (cache hit)
2532 http cache @google-cloud/pubsub@https://registry.npmjs.org/@google-cloud/pubsub/-/pubsub-5.3.1.tgz 0ms (cache hit)
2533 http cache @google-cloud/cloud-sql-connector@https://registry.npmjs.org/@google-cloud/cloud-sql-connector/-/cloud-sql-connector-1.11.3.tgz 0ms (cache hit)
2534 http cache @apphosting/common@https://registry.npmjs.org/@apphosting/common/-/common-0.0.8.tgz 0ms (cache hit)
2535 http cache @electric-sql/pglite@https://registry.npmjs.org/@electric-sql/pglite/-/pglite-0.3.16.tgz 0ms (cache hit)
2536 http cache @electric-sql/pglite-tools@https://registry.npmjs.org/@electric-sql/pglite-tools/-/pglite-tools-0.2.21.tgz 0ms (cache hit)
2537 http cache firebase-tools@https://registry.npmjs.org/firebase-tools/-/firebase-tools-15.25.1.tgz 0ms (cache hit)
2538 http cache buffer@https://registry.npmjs.org/buffer/-/buffer-6.0.3.tgz 0ms (cache hit)
2539 http cache color-convert@https://registry.npmjs.org/color-convert/-/color-convert-3.1.3.tgz 0ms (cache hit)
2540 http cache readable-stream@https://registry.npmjs.org/readable-stream/-/readable-stream-4.7.0.tgz 0ms (cache hit)
2541 http cache readable-stream@https://registry.npmjs.org/readable-stream/-/readable-stream-4.7.0.tgz 0ms (cache hit)
2542 http cache @colors/colors@https://registry.npmjs.org/@colors/colors/-/colors-1.6.0.tgz 0ms (cache hit)
2543 http cache buffer@https://registry.npmjs.org/buffer/-/buffer-6.0.3.tgz 0ms (cache hit)
2544 http cache color-name@https://registry.npmjs.org/color-name/-/color-name-2.1.1.tgz 0ms (cache hit)
2545 http cache color-name@https://registry.npmjs.org/color-name/-/color-name-2.1.1.tgz 0ms (cache hit)
2546 http cache ini@https://registry.npmjs.org/ini/-/ini-1.3.8.tgz 0ms (cache hit)
2547 http cache ini@https://registry.npmjs.org/ini/-/ini-1.3.8.tgz 0ms (cache hit)
2548 http cache chalk@https://registry.npmjs.org/chalk/-/chalk-4.1.2.tgz 0ms (cache hit)
2549 http cache semver@https://registry.npmjs.org/semver/-/semver-6.3.1.tgz 0ms (cache hit)
2550 http cache graceful-fs@https://registry.npmjs.org/graceful-fs/-/graceful-fs-4.2.10.tgz 0ms (cache hit)
2551 http cache isexe@https://registry.npmjs.org/isexe/-/isexe-4.0.0.tgz 0ms (cache hit)
2552 http cache which@https://registry.npmjs.org/which/-/which-6.0.1.tgz 0ms (cache hit)
2553 http cache fdir@https://registry.npmjs.org/fdir/-/fdir-6.5.0.tgz 0ms (cache hit)
2554 http cache ms@https://registry.npmjs.org/ms/-/ms-2.0.0.tgz 0ms (cache hit)
2555 http cache on-finished@https://registry.npmjs.org/on-finished/-/on-finished-2.3.0.tgz 0ms (cache hit)
2556 http cache statuses@https://registry.npmjs.org/statuses/-/statuses-1.5.0.tgz 0ms (cache hit)
2557 http cache encodeurl@https://registry.npmjs.org/encodeurl/-/encodeurl-1.0.2.tgz 0ms (cache hit)
2558 http cache debug@https://registry.npmjs.org/debug/-/debug-2.6.9.tgz 0ms (cache hit)
2559 http cache ms@https://registry.npmjs.org/ms/-/ms-2.0.0.tgz 0ms (cache hit)
2560 http cache finalhandler@https://registry.npmjs.org/finalhandler/-/finalhandler-1.1.2.tgz 0ms (cache hit)
2561 http cache commander@https://registry.npmjs.org/commander/-/commander-2.20.3.tgz 0ms (cache hit)
2562 http cache debug@https://registry.npmjs.org/debug/-/debug-2.6.9.tgz 0ms (cache hit)
2563 http cache negotiator@https://registry.npmjs.org/negotiator/-/negotiator-0.6.4.tgz 0ms (cache hit)
2564 http cache data-uri-to-buffer@https://registry.npmjs.org/data-uri-to-buffer/-/data-uri-to-buffer-6.0.2.tgz 0ms (cache hit)
2565 http cache http-proxy-agent@https://registry.npmjs.org/http-proxy-agent/-/http-proxy-agent-7.0.2.tgz 0ms (cache hit)
2566 http cache signal-exit@https://registry.npmjs.org/signal-exit/-/signal-exit-3.0.7.tgz 0ms (cache hit)
2567 http cache parse5@https://registry.npmjs.org/parse5/-/parse5-6.0.1.tgz 0ms (cache hit)
2568 http cache chalk@https://registry.npmjs.org/chalk/-/chalk-4.1.2.tgz 0ms (cache hit)
2569 http cache safe-buffer@https://registry.npmjs.org/safe-buffer/-/safe-buffer-5.1.2.tgz 0ms (cache hit)
2570 http cache yargs@https://registry.npmjs.org/yargs/-/yargs-16.2.2.tgz 0ms (cache hit)
2571 http cache cliui@https://registry.npmjs.org/cliui/-/cliui-7.0.4.tgz 0ms (cache hit)
2572 http cache chalk@https://registry.npmjs.org/chalk/-/chalk-4.1.2.tgz 0ms (cache hit)
2573 http cache yargs-parser@https://registry.npmjs.org/yargs-parser/-/yargs-parser-20.2.9.tgz 0ms (cache hit)
2574 http cache signal-exit@https://registry.npmjs.org/signal-exit/-/signal-exit-3.0.7.tgz 0ms (cache hit)
2575 http cache semver@https://registry.npmjs.org/semver/-/semver-6.3.1.tgz 0ms (cache hit)
2576 http cache buffer@https://registry.npmjs.org/buffer/-/buffer-6.0.3.tgz 0ms (cache hit)
2577 http cache safe-buffer@https://registry.npmjs.org/safe-buffer/-/safe-buffer-5.1.2.tgz 0ms (cache hit)
2578 http cache readable-stream@https://registry.npmjs.org/readable-stream/-/readable-stream-4.7.0.tgz 0ms (cache hit)
2579 http cache string_decoder@https://registry.npmjs.org/string_decoder/-/string_decoder-1.1.1.tgz 0ms (cache hit)
2580 http cache readable-stream@https://registry.npmjs.org/readable-stream/-/readable-stream-2.3.8.tgz 0ms (cache hit)
2581 http cache minimatch@https://registry.npmjs.org/minimatch/-/minimatch-5.1.9.tgz 0ms (cache hit)
2582 http cache wrap-ansi@https://registry.npmjs.org/wrap-ansi/-/wrap-ansi-6.2.0.tgz 0ms (cache hit)
2583 http cache readable-stream@https://registry.npmjs.org/readable-stream/-/readable-stream-4.7.0.tgz 0ms (cache hit)
2584 http cache buffer@https://registry.npmjs.org/buffer/-/buffer-6.0.3.tgz 0ms (cache hit)
2585 http cache gtoken@https://registry.npmjs.org/gtoken/-/gtoken-8.0.0.tgz 0ms (cache hit)
2586 http cache gaxios@https://registry.npmjs.org/gaxios/-/gaxios-7.1.3.tgz 0ms (cache hit)
2587 http cache google-auth-library@https://registry.npmjs.org/google-auth-library/-/google-auth-library-10.5.0.tgz 0ms (cache hit)
2588 http cache node-fetch@https://registry.npmjs.org/node-fetch/-/node-fetch-3.3.2.tgz 0ms (cache hit)
2589 http cache @opentelemetry/semantic-conventions@https://registry.npmjs.org/@opentelemetry/semantic-conventions/-/semantic-conventions-1.28.0.tgz 0ms (cache hit)
2590 http cache @colors/colors@https://registry.npmjs.org/@colors/colors/-/colors-1.6.0.tgz 0ms (cache hit)
2591 http cache ms@https://registry.npmjs.org/ms/-/ms-2.1.2.tgz 0ms (cache hit)
2592 http cache uuid@https://registry.npmjs.org/uuid/-/uuid-11.1.1.tgz 0ms (cache hit)
2593 http cache chalk@https://registry.npmjs.org/chalk/-/chalk-4.1.2.tgz 0ms (cache hit)
2594 http cache isarray@https://registry.npmjs.org/isarray/-/isarray-0.0.1.tgz 0ms (cache hit)
2595 http cache debug@https://registry.npmjs.org/debug/-/debug-4.3.1.tgz 0ms (cache hit)
2596 http cache lru-cache@https://registry.npmjs.org/lru-cache/-/lru-cache-7.18.3.tgz 0ms (cache hit)
2597 http cache http-proxy-agent@https://registry.npmjs.org/http-proxy-agent/-/http-proxy-agent-7.0.2.tgz 0ms (cache hit)
2598 http cache path-to-regexp@https://registry.npmjs.org/path-to-regexp/-/path-to-regexp-1.9.0.tgz 0ms (cache hit)
2599 http cache minimatch@https://registry.npmjs.org/minimatch/-/minimatch-6.2.3.tgz 0ms (cache hit)
2600 http cache commander@https://registry.npmjs.org/commander/-/commander-10.0.1.tgz 0ms (cache hit)
2601 http cache ansi-regex@https://registry.npmjs.org/ansi-regex/-/ansi-regex-6.2.2.tgz 0ms (cache hit)
2602 http cache ms@https://registry.npmjs.org/ms/-/ms-2.0.0.tgz 0ms (cache hit)
2603 http cache chalk@https://registry.npmjs.org/chalk/-/chalk-4.1.2.tgz 0ms (cache hit)
2604 http cache debug@https://registry.npmjs.org/debug/-/debug-2.6.9.tgz 0ms (cache hit)
2605 http cache media-typer@https://registry.npmjs.org/media-typer/-/media-typer-0.3.0.tgz 0ms (cache hit)
2606 http cache ms@https://registry.npmjs.org/ms/-/ms-2.0.0.tgz 0ms (cache hit)
2607 http cache debug@https://registry.npmjs.org/debug/-/debug-2.6.9.tgz 0ms (cache hit)
2608 http cache raw-body@https://registry.npmjs.org/raw-body/-/raw-body-2.5.3.tgz 0ms (cache hit)
2609 http cache body-parser@https://registry.npmjs.org/body-parser/-/body-parser-1.20.6.tgz 0ms (cache hit)
2610 http cache type-is@https://registry.npmjs.org/type-is/-/type-is-1.6.18.tgz 0ms (cache hit)
2611 http cache ajv-formats@https://registry.npmjs.org/ajv-formats/-/ajv-formats-2.1.1.tgz 0ms (cache hit)
2612 http cache iconv-lite@https://registry.npmjs.org/iconv-lite/-/iconv-lite-0.4.24.tgz 0ms (cache hit)
2613 http cache readable-stream@https://registry.npmjs.org/readable-stream/-/readable-stream-4.7.0.tgz 0ms (cache hit)
2614 http cache buffer@https://registry.npmjs.org/buffer/-/buffer-6.0.3.tgz 0ms (cache hit)
2615 http cache node-fetch@https://registry.npmjs.org/node-fetch/-/node-fetch-3.3.2.tgz 0ms (cache hit)
2616 http cache gaxios@https://registry.npmjs.org/gaxios/-/gaxios-7.3.0.tgz 0ms (cache hit)
2617 http cache @google-cloud/projectify@https://registry.npmjs.org/@google-cloud/projectify/-/projectify-5.2.0.tgz 0ms (cache hit)
2618 http cache @google-cloud/paginator@https://registry.npmjs.org/@google-cloud/paginator/-/paginator-6.1.0.tgz 0ms (cache hit)
2619 http cache media-typer@https://registry.npmjs.org/media-typer/-/media-typer-0.3.0.tgz 0ms (cache hit)
2620 http cache google-logging-utils@https://registry.npmjs.org/google-logging-utils/-/google-logging-utils-0.0.2.tgz 0ms (cache hit)
2621 http cache brace-expansion@https://registry.npmjs.org/brace-expansion/-/brace-expansion-1.1.18.tgz 0ms (cache hit)
2622 http cache @google-cloud/promisify@https://registry.npmjs.org/@google-cloud/promisify/-/promisify-5.1.0.tgz 0ms (cache hit)
2623 http cache serve-static@https://registry.npmjs.org/serve-static/-/serve-static-1.16.3.tgz 0ms (cache hit)
2624 http cache gcp-metadata@https://registry.npmjs.org/gcp-metadata/-/gcp-metadata-6.1.1.tgz 0ms (cache hit)
2625 http cache mime@https://registry.npmjs.org/mime/-/mime-1.6.0.tgz 0ms (cache hit)
2626 http cache negotiator@https://registry.npmjs.org/negotiator/-/negotiator-0.6.3.tgz 0ms (cache hit)
2627 http cache ms@https://registry.npmjs.org/ms/-/ms-2.1.3.tgz 0ms (cache hit)
2628 http cache send@https://registry.npmjs.org/send/-/send-0.19.2.tgz 0ms (cache hit)
2629 http cache range-parser@https://registry.npmjs.org/range-parser/-/range-parser-1.2.1.tgz 0ms (cache hit)
2630 http cache path-to-regexp@https://registry.npmjs.org/path-to-regexp/-/path-to-regexp-0.1.13.tgz 0ms (cache hit)
2631 http cache merge-descriptors@https://registry.npmjs.org/merge-descriptors/-/merge-descriptors-1.0.3.tgz 0ms (cache hit)
2632 http cache fresh@https://registry.npmjs.org/fresh/-/fresh-0.5.2.tgz 0ms (cache hit)
2633 http cache finalhandler@https://registry.npmjs.org/finalhandler/-/finalhandler-1.3.2.tgz 0ms (cache hit)
2634 http cache cookie-signature@https://registry.npmjs.org/cookie-signature/-/cookie-signature-1.0.7.tgz 0ms (cache hit)
2635 http cache content-disposition@https://registry.npmjs.org/content-disposition/-/content-disposition-0.5.4.tgz 0ms (cache hit)
2636 http cache ms@https://registry.npmjs.org/ms/-/ms-2.0.0.tgz 0ms (cache hit)
2637 http cache accepts@https://registry.npmjs.org/accepts/-/accepts-1.3.8.tgz 0ms (cache hit)
2638 http cache type-is@https://registry.npmjs.org/type-is/-/type-is-1.6.18.tgz 0ms (cache hit)
2639 http cache debug@https://registry.npmjs.org/debug/-/debug-2.6.9.tgz 0ms (cache hit)
2640 http cache iconv-lite@https://registry.npmjs.org/iconv-lite/-/iconv-lite-0.4.24.tgz 0ms (cache hit)
2641 http cache minimatch@https://registry.npmjs.org/minimatch/-/minimatch-3.1.5.tgz 0ms (cache hit)
2642 http cache zod@https://registry.npmjs.org/zod/-/zod-4.4.3.tgz 0ms (cache hit)
2643 http cache mime@https://registry.npmjs.org/mime/-/mime-2.6.0.tgz 0ms (cache hit)
2644 http cache raw-body@https://registry.npmjs.org/raw-body/-/raw-body-2.5.3.tgz 0ms (cache hit)
2645 http cache google-auth-library@https://registry.npmjs.org/google-auth-library/-/google-auth-library-9.15.1.tgz 0ms (cache hit)
2646 http cache form-data@https://registry.npmjs.org/form-data/-/form-data-4.0.6.tgz 0ms (cache hit)
2647 silly tarball no local data for @firebase/rules-unit-testing@https://registry.npmjs.org/@firebase/rules-unit-testing/-/rules-unit-testing-5.0.1.tgz. Extracting by manifest.
2648 silly tarball no local data for isarray@https://registry.npmjs.org/isarray/-/isarray-1.0.0.tgz. Extracting by manifest.
2649 silly tarball no local data for process-nextick-args@https://registry.npmjs.org/process-nextick-args/-/process-nextick-args-2.0.1.tgz. Extracting by manifest.
2650 silly tarball no local data for core-util-is@https://registry.npmjs.org/core-util-is/-/core-util-is-1.0.3.tgz. Extracting by manifest.
2651 silly tarball no local data for concat-map@https://registry.npmjs.org/concat-map/-/concat-map-0.0.1.tgz. Extracting by manifest.
2652 silly tarball no local data for process@https://registry.npmjs.org/process/-/process-0.11.10.tgz. Extracting by manifest.
2653 silly tarball no local data for events@https://registry.npmjs.org/events/-/events-3.3.0.tgz. Extracting by manifest.
2654 silly tarball no local data for crc32-stream@https://registry.npmjs.org/crc32-stream/-/crc32-stream-6.0.0.tgz. Extracting by manifest.
2655 silly tarball no local data for compress-commons@https://registry.npmjs.org/compress-commons/-/compress-commons-6.0.2.tgz. Extracting by manifest.
2656 silly tarball no local data for crc-32@https://registry.npmjs.org/crc-32/-/crc-32-1.2.2.tgz. Extracting by manifest.
2657 http cache body-parser@https://registry.npmjs.org/body-parser/-/body-parser-1.20.6.tgz 0ms (cache hit)
2658 silly tarball no local data for typedarray-to-buffer@https://registry.npmjs.org/typedarray-to-buffer/-/typedarray-to-buffer-3.1.5.tgz. Extracting by manifest.
2659 silly tarball no local data for is-typedarray@https://registry.npmjs.org/is-typedarray/-/is-typedarray-1.0.0.tgz. Extracting by manifest.
2660 http cache express@https://registry.npmjs.org/express/-/express-4.22.2.tgz 1ms (cache hit)
2661 silly tarball no local data for fn.name@https://registry.npmjs.org/fn.name/-/fn.name-1.1.0.tgz. Extracting by manifest.
2662 silly tarball no local data for @types/triple-beam@https://registry.npmjs.org/@types/triple-beam/-/triple-beam-1.3.5.tgz. Extracting by manifest.
2663 silly tarball no local data for imurmurhash@https://registry.npmjs.org/imurmurhash/-/imurmurhash-0.1.4.tgz. Extracting by manifest.
2664 silly tarball no local data for color@https://registry.npmjs.org/color/-/color-5.0.3.tgz. Extracting by manifest.
2665 silly tarball no local data for fecha@https://registry.npmjs.org/fecha/-/fecha-4.2.3.tgz. Extracting by manifest.
2666 silly tarball no local data for color-string@https://registry.npmjs.org/color-string/-/color-string-2.1.4.tgz. Extracting by manifest.
2667 silly tarball no local data for text-hex@https://registry.npmjs.org/text-hex/-/text-hex-1.0.0.tgz. Extracting by manifest.
2668 silly tarball no local data for kuler@https://registry.npmjs.org/kuler/-/kuler-2.0.0.tgz. Extracting by manifest.
2669 silly tarball no local data for enabled@https://registry.npmjs.org/enabled/-/enabled-2.0.0.tgz. Extracting by manifest.
2670 silly tarball no local data for @so-ric/colorspace@https://registry.npmjs.org/@so-ric/colorspace/-/colorspace-1.1.6.tgz. Extracting by manifest.
2671 silly tarball no local data for @dabh/diagnostics@https://registry.npmjs.org/@dabh/diagnostics/-/diagnostics-2.0.8.tgz. Extracting by manifest.
2672 silly tarball no local data for safe-stable-stringify@https://registry.npmjs.org/safe-stable-stringify/-/safe-stable-stringify-2.5.0.tgz. Extracting by manifest.
2673 silly tarball no local data for one-time@https://registry.npmjs.org/one-time/-/one-time-1.0.0.tgz. Extracting by manifest.
2674 silly tarball no local data for stack-trace@https://registry.npmjs.org/stack-trace/-/stack-trace-0.0.10.tgz. Extracting by manifest.
2675 silly tarball no local data for clone@https://registry.npmjs.org/clone/-/clone-1.0.4.tgz. Extracting by manifest.
2676 silly tarball no local data for logform@https://registry.npmjs.org/logform/-/logform-2.7.0.tgz. Extracting by manifest.
2677 silly tarball no local data for defaults@https://registry.npmjs.org/defaults/-/defaults-1.0.4.tgz. Extracting by manifest.
2678 silly tarball no local data for strip-json-comments@https://registry.npmjs.org/strip-json-comments/-/strip-json-comments-2.0.1.tgz. Extracting by manifest.
2679 silly tarball no local data for minimist@https://registry.npmjs.org/minimist/-/minimist-1.2.8.tgz. Extracting by manifest.
2680 silly tarball no local data for deep-extend@https://registry.npmjs.org/deep-extend/-/deep-extend-0.6.0.tgz. Extracting by manifest.
2681 silly tarball no local data for rc@https://registry.npmjs.org/rc/-/rc-1.2.8.tgz. Extracting by manifest.
2682 silly tarball no local data for proto-list@https://registry.npmjs.org/proto-list/-/proto-list-1.2.4.tgz. Extracting by manifest.
2683 silly tarball no local data for @pnpm/config.env-replace@https://registry.npmjs.org/@pnpm/config.env-replace/-/config.env-replace-1.1.0.tgz. Extracting by manifest.
2684 silly tarball no local data for config-chain@https://registry.npmjs.org/config-chain/-/config-chain-1.1.13.tgz. Extracting by manifest.
2685 silly tarball no local data for escape-goat@https://registry.npmjs.org/escape-goat/-/escape-goat-2.1.1.tgz. Extracting by manifest.
2686 silly tarball no local data for @pnpm/npm-conf@https://registry.npmjs.org/@pnpm/npm-conf/-/npm-conf-3.0.3.tgz. Extracting by manifest.
2687 silly tarball no local data for @pnpm/network.ca-file@https://registry.npmjs.org/@pnpm/network.ca-file/-/network.ca-file-1.0.2.tgz. Extracting by manifest.
2688 silly tarball no local data for whatwg-fetch@https://registry.npmjs.org/whatwg-fetch/-/whatwg-fetch-3.6.20.tgz. Extracting by manifest.
2689 silly tarball no local data for ini@https://registry.npmjs.org/ini/-/ini-2.0.0.tgz. Extracting by manifest.
2690 silly tarball no local data for global-dirs@https://registry.npmjs.org/global-dirs/-/global-dirs-3.0.1.tgz. Extracting by manifest.
2691 silly tarball no local data for is-path-inside@https://registry.npmjs.org/is-path-inside/-/is-path-inside-3.0.3.tgz. Extracting by manifest.
2692 silly tarball no local data for ci-info@https://registry.npmjs.org/ci-info/-/ci-info-2.0.0.tgz. Extracting by manifest.
2693 silly tarball no local data for widest-line@https://registry.npmjs.org/widest-line/-/widest-line-3.1.0.tgz. Extracting by manifest.
2694 silly tarball no local data for type-fest@https://registry.npmjs.org/type-fest/-/type-fest-0.20.2.tgz. Extracting by manifest.
2695 silly tarball no local data for cli-boxes@https://registry.npmjs.org/cli-boxes/-/cli-boxes-2.2.1.tgz. Extracting by manifest.
2696 silly tarball no local data for camelcase@https://registry.npmjs.org/camelcase/-/camelcase-6.3.0.tgz. Extracting by manifest.
2697 silly tarball no local data for ansi-align@https://registry.npmjs.org/ansi-align/-/ansi-align-3.0.1.tgz. Extracting by manifest.
2698 silly tarball no local data for semver-diff@https://registry.npmjs.org/semver-diff/-/semver-diff-3.1.1.tgz. Extracting by manifest.
2699 silly tarball no local data for registry-auth-token@https://registry.npmjs.org/registry-auth-token/-/registry-auth-token-5.1.1.tgz. Extracting by manifest.
2700 silly tarball no local data for pupa@https://registry.npmjs.org/pupa/-/pupa-2.1.1.tgz. Extracting by manifest.
2701 silly tarball no local data for registry-url@https://registry.npmjs.org/registry-url/-/registry-url-5.1.0.tgz. Extracting by manifest.
2702 silly tarball no local data for isomorphic-fetch@https://registry.npmjs.org/isomorphic-fetch/-/isomorphic-fetch-3.0.0.tgz. Extracting by manifest.
2703 silly tarball no local data for is-installed-globally@https://registry.npmjs.org/is-installed-globally/-/is-installed-globally-0.4.0.tgz. Extracting by manifest.
2704 silly tarball no local data for is-ci@https://registry.npmjs.org/is-ci/-/is-ci-2.0.0.tgz. Extracting by manifest.
2705 silly tarball no local data for is-npm@https://registry.npmjs.org/is-npm/-/is-npm-5.0.0.tgz. Extracting by manifest.
2706 silly tarball no local data for import-lazy@https://registry.npmjs.org/import-lazy/-/import-lazy-2.1.0.tgz. Extracting by manifest.
2707 silly tarball no local data for is-yarn-global@https://registry.npmjs.org/is-yarn-global/-/is-yarn-global-0.3.0.tgz. Extracting by manifest.
2708 silly tarball no local data for has-yarn@https://registry.npmjs.org/has-yarn/-/has-yarn-2.1.0.tgz. Extracting by manifest.
2709 silly tarball no local data for crypto-random-string@https://registry.npmjs.org/crypto-random-string/-/crypto-random-string-2.0.0.tgz. Extracting by manifest.
2710 silly tarball no local data for boxen@https://registry.npmjs.org/boxen/-/boxen-5.1.2.tgz. Extracting by manifest.
2711 silly tarball no local data for thenify@https://registry.npmjs.org/thenify/-/thenify-3.3.1.tgz. Extracting by manifest.
2712 silly tarball no local data for ip-regex@https://registry.npmjs.org/ip-regex/-/ip-regex-2.1.0.tgz. Extracting by manifest.
2713 silly tarball no local data for deep-is@https://registry.npmjs.org/deep-is/-/deep-is-0.1.4.tgz. Extracting by manifest.
2714 silly tarball no local data for is2@https://registry.npmjs.org/is2/-/is2-2.0.1.tgz. Extracting by manifest.
2715 silly tarball no local data for is-number@https://registry.npmjs.org/is-number/-/is-number-7.0.0.tgz. Extracting by manifest.
2716 silly tarball no local data for events-universal@https://registry.npmjs.org/events-universal/-/events-universal-1.0.1.tgz. Extracting by manifest.
2717 silly tarball no local data for text-decoder@https://registry.npmjs.org/text-decoder/-/text-decoder-1.2.7.tgz. Extracting by manifest.
2718 silly tarball no local data for teex@https://registry.npmjs.org/teex/-/teex-1.0.1.tgz. Extracting by manifest.
2719 silly tarball no local data for bare-url@https://registry.npmjs.org/bare-url/-/bare-url-2.4.6.tgz. Extracting by manifest.
2720 silly tarball no local data for bare-path@https://registry.npmjs.org/bare-path/-/bare-path-3.1.1.tgz. Extracting by manifest.
2721 silly tarball no local data for bare-events@https://registry.npmjs.org/bare-events/-/bare-events-2.9.1.tgz. Extracting by manifest.
2722 silly tarball no local data for streamx@https://registry.npmjs.org/streamx/-/streamx-2.28.0.tgz. Extracting by manifest.
2723 silly tarball no local data for fast-fifo@https://registry.npmjs.org/fast-fifo/-/fast-fifo-1.3.2.tgz. Extracting by manifest.
2724 silly tarball no local data for bare-fs@https://registry.npmjs.org/bare-fs/-/bare-fs-4.7.4.tgz. Extracting by manifest.
2725 silly tarball no local data for @isaacs/fs-minipass@https://registry.npmjs.org/@isaacs/fs-minipass/-/fs-minipass-4.0.1.tgz. Extracting by manifest.
2726 silly tarball no local data for minizlib@https://registry.npmjs.org/minizlib/-/minizlib-3.1.0.tgz. Extracting by manifest.
2727 silly tarball no local data for chownr@https://registry.npmjs.org/chownr/-/chownr-3.0.0.tgz. Extracting by manifest.
2728 silly tarball no local data for bare-stream@https://registry.npmjs.org/bare-stream/-/bare-stream-2.13.3.tgz. Extracting by manifest.
2729 silly tarball no local data for b4a@https://registry.npmjs.org/b4a/-/b4a-1.8.1.tgz. Extracting by manifest.
2730 silly tarball no local data for has-flag@https://registry.npmjs.org/has-flag/-/has-flag-4.0.0.tgz. Extracting by manifest.
2731 silly tarball no local data for yallist@https://registry.npmjs.org/yallist/-/yallist-5.0.0.tgz. Extracting by manifest.
2732 silly tarball no local data for abbrev@https://registry.npmjs.org/abbrev/-/abbrev-4.0.0.tgz. Extracting by manifest.
2733 silly tarball no local data for supports-color@https://registry.npmjs.org/supports-color/-/supports-color-7.2.0.tgz. Extracting by manifest.
2734 silly tarball no local data for tinyglobby@https://registry.npmjs.org/tinyglobby/-/tinyglobby-0.2.17.tgz. Extracting by manifest.
2735 silly tarball no local data for proc-log@https://registry.npmjs.org/proc-log/-/proc-log-6.1.0.tgz. Extracting by manifest.
2736 silly tarball no local data for nopt@https://registry.npmjs.org/nopt/-/nopt-9.0.0.tgz. Extracting by manifest.
2737 silly tarball no local data for env-paths@https://registry.npmjs.org/env-paths/-/env-paths-2.2.1.tgz. Extracting by manifest.
2738 silly tarball no local data for exponential-backoff@https://registry.npmjs.org/exponential-backoff/-/exponential-backoff-3.1.3.tgz. Extracting by manifest.
2739 silly tarball no local data for install-artifact-from-github@https://registry.npmjs.org/install-artifact-from-github/-/install-artifact-from-github-1.7.0.tgz. Extracting by manifest.
2740 silly tarball no local data for nan@https://registry.npmjs.org/nan/-/nan-2.28.0.tgz. Extracting by manifest.
2741 silly tarball no local data for lodash._objecttypes@https://registry.npmjs.org/lodash._objecttypes/-/lodash._objecttypes-2.4.1.tgz. Extracting by manifest.
2742 silly tarball no local data for node-gyp@https://registry.npmjs.org/node-gyp/-/node-gyp-12.4.0.tgz. Extracting by manifest.
2743 silly tarball no local data for valid-url@https://registry.npmjs.org/valid-url/-/valid-url-1.0.9.tgz. Extracting by manifest.
2744 silly tarball no local data for url-join@https://registry.npmjs.org/url-join/-/url-join-0.0.1.tgz. Extracting by manifest.
2745 silly tarball no local data for toxic@https://registry.npmjs.org/toxic/-/toxic-1.0.1.tgz. Extracting by manifest.
2746 silly tarball no local data for as-array@https://registry.npmjs.org/as-array/-/as-array-2.0.0.tgz. Extracting by manifest.
2747 silly tarball no local data for glob-slash@https://registry.npmjs.org/glob-slash/-/glob-slash-1.0.0.tgz. Extracting by manifest.
2748 silly tarball no local data for lodash.isobject@https://registry.npmjs.org/lodash.isobject/-/lodash.isobject-2.4.1.tgz. Extracting by manifest.
2749 silly tarball no local data for compressible@https://registry.npmjs.org/compressible/-/compressible-2.0.18.tgz. Extracting by manifest.
2750 silly tarball no local data for tsscmp@https://registry.npmjs.org/tsscmp/-/tsscmp-1.0.6.tgz. Extracting by manifest.
2751 silly tarball no local data for re2@https://registry.npmjs.org/re2/-/re2-1.24.1.tgz. Extracting by manifest.
2752 silly tarball no local data for join-path@https://registry.npmjs.org/join-path/-/join-path-1.1.1.tgz. Extracting by manifest.
2753 silly tarball no local data for glob-slasher@https://registry.npmjs.org/glob-slasher/-/glob-slasher-1.0.1.tgz. Extracting by manifest.
2754 silly tarball no local data for is-url@https://registry.npmjs.org/is-url/-/is-url-1.2.4.tgz. Extracting by manifest.
2755 silly tarball no local data for connect@https://registry.npmjs.org/connect/-/connect-3.7.0.tgz. Extracting by manifest.
2756 silly tarball no local data for compression@https://registry.npmjs.org/compression/-/compression-1.8.1.tgz. Extracting by manifest.
2757 silly tarball no local data for basic-auth-connect@https://registry.npmjs.org/basic-auth-connect/-/basic-auth-connect-1.1.0.tgz. Extracting by manifest.
2758 silly tarball no local data for ret@https://registry.npmjs.org/ret/-/ret-0.1.15.tgz. Extracting by manifest.
2759 silly tarball no local data for discontinuous-range@https://registry.npmjs.org/discontinuous-range/-/discontinuous-range-1.0.0.tgz. Extracting by manifest.
2760 silly tarball no local data for railroad-diagrams@https://registry.npmjs.org/railroad-diagrams/-/railroad-diagrams-1.0.0.tgz. Extracting by manifest.
2761 silly tarball no local data for socks@https://registry.npmjs.org/socks/-/socks-2.8.9.tgz. Extracting by manifest.
2762 silly tarball no local data for nearley@https://registry.npmjs.org/nearley/-/nearley-2.20.1.tgz. Extracting by manifest.
2763 silly tarball no local data for smart-buffer@https://registry.npmjs.org/smart-buffer/-/smart-buffer-4.2.0.tgz. Extracting by manifest.
2764 silly tarball no local data for randexp@https://registry.npmjs.org/randexp/-/randexp-0.4.6.tgz. Extracting by manifest.
2765 silly tarball no local data for mimic-fn@https://registry.npmjs.org/mimic-fn/-/mimic-fn-2.1.0.tgz. Extracting by manifest.
2766 silly tarball no local data for moo@https://registry.npmjs.org/moo/-/moo-0.5.3.tgz. Extracting by manifest.
2767 silly tarball no local data for unicode-emoji-modifier-base@https://registry.npmjs.org/unicode-emoji-modifier-base/-/unicode-emoji-modifier-base-1.0.0.tgz. Extracting by manifest.
2768 silly tarball no local data for source-map@https://registry.npmjs.org/source-map/-/source-map-0.6.1.tgz. Extracting by manifest.
2769 silly tarball no local data for onetime@https://registry.npmjs.org/onetime/-/onetime-5.1.2.tgz. Extracting by manifest.
2770 silly tarball no local data for esprima@https://registry.npmjs.org/esprima/-/esprima-4.0.1.tgz. Extracting by manifest.
2771 silly tarball no local data for estraverse@https://registry.npmjs.org/estraverse/-/estraverse-5.3.0.tgz. Extracting by manifest.
2772 silly tarball no local data for esutils@https://registry.npmjs.org/esutils/-/esutils-2.0.3.tgz. Extracting by manifest.
2773 silly tarball no local data for netmask@https://registry.npmjs.org/netmask/-/netmask-2.1.1.tgz. Extracting by manifest.
2774 silly tarball no local data for ast-types@https://registry.npmjs.org/ast-types/-/ast-types-0.13.4.tgz. Extracting by manifest.
2775 silly tarball no local data for escodegen@https://registry.npmjs.org/escodegen/-/escodegen-2.1.0.tgz. Extracting by manifest.
2776 silly tarball no local data for basic-ftp@https://registry.npmjs.org/basic-ftp/-/basic-ftp-5.3.1.tgz. Extracting by manifest.
2777 silly tarball no local data for degenerator@https://registry.npmjs.org/degenerator/-/degenerator-5.0.1.tgz. Extracting by manifest.
2778 silly tarball no local data for @tootallnate/quickjs-emscripten@https://registry.npmjs.org/@tootallnate/quickjs-emscripten/-/quickjs-emscripten-0.23.0.tgz. Extracting by manifest.
2779 silly tarball no local data for pac-resolver@https://registry.npmjs.org/pac-resolver/-/pac-resolver-7.0.1.tgz. Extracting by manifest.
2780 silly tarball no local data for get-uri@https://registry.npmjs.org/get-uri/-/get-uri-6.0.5.tgz. Extracting by manifest.
2781 silly tarball no local data for socks-proxy-agent@https://registry.npmjs.org/socks-proxy-agent/-/socks-proxy-agent-8.0.5.tgz. Extracting by manifest.
2782 silly tarball no local data for pac-proxy-agent@https://registry.npmjs.org/pac-proxy-agent/-/pac-proxy-agent-7.2.0.tgz. Extracting by manifest.
2783 silly tarball no local data for split2@https://registry.npmjs.org/split2/-/split2-4.2.0.tgz. Extracting by manifest.
2784 silly tarball no local data for xtend@https://registry.npmjs.org/xtend/-/xtend-4.0.2.tgz. Extracting by manifest.
2785 silly tarball no local data for postgres-date@https://registry.npmjs.org/postgres-date/-/postgres-date-1.0.7.tgz. Extracting by manifest.
2786 silly tarball no local data for postgres-interval@https://registry.npmjs.org/postgres-interval/-/postgres-interval-1.2.0.tgz. Extracting by manifest.
2787 silly tarball no local data for postgres-bytea@https://registry.npmjs.org/postgres-bytea/-/postgres-bytea-1.0.1.tgz. Extracting by manifest.
2788 silly tarball no local data for proxy-from-env@https://registry.npmjs.org/proxy-from-env/-/proxy-from-env-1.1.0.tgz. Extracting by manifest.
2789 silly tarball no local data for postgres-array@https://registry.npmjs.org/postgres-array/-/postgres-array-2.0.0.tgz. Extracting by manifest.
2790 silly tarball no local data for pg-int8@https://registry.npmjs.org/pg-int8/-/pg-int8-1.0.1.tgz. Extracting by manifest.
2791 silly tarball no local data for pg-protocol@https://registry.npmjs.org/pg-protocol/-/pg-protocol-1.15.0.tgz. Extracting by manifest.
2792 silly tarball no local data for pg-types@https://registry.npmjs.org/pg-types/-/pg-types-2.2.0.tgz. Extracting by manifest.
2793 silly tarball no local data for pg-pool@https://registry.npmjs.org/pg-pool/-/pg-pool-3.14.0.tgz. Extracting by manifest.
2794 silly tarball no local data for pg-connection-string@https://registry.npmjs.org/pg-connection-string/-/pg-connection-string-2.14.0.tgz. Extracting by manifest.
2795 silly tarball no local data for pgpass@https://registry.npmjs.org/pgpass/-/pgpass-1.0.5.tgz. Extracting by manifest.
2796 silly tarball no local data for restore-cursor@https://registry.npmjs.org/restore-cursor/-/restore-cursor-3.1.0.tgz. Extracting by manifest.
2797 silly tarball no local data for ieee754@https://registry.npmjs.org/ieee754/-/ieee754-1.2.1.tgz. Extracting by manifest.
2798 silly tarball no local data for pg-cloudflare@https://registry.npmjs.org/pg-cloudflare/-/pg-cloudflare-1.4.0.tgz. Extracting by manifest.
2799 silly tarball no local data for wcwidth@https://registry.npmjs.org/wcwidth/-/wcwidth-1.0.1.tgz. Extracting by manifest.
2800 silly tarball no local data for is-unicode-supported@https://registry.npmjs.org/is-unicode-supported/-/is-unicode-supported-0.1.0.tgz. Extracting by manifest.
2801 silly tarball no local data for buffer@https://registry.npmjs.org/buffer/-/buffer-5.7.1.tgz. Extracting by manifest.
2802 silly tarball no local data for log-symbols@https://registry.npmjs.org/log-symbols/-/log-symbols-4.1.0.tgz. Extracting by manifest.
2803 silly tarball no local data for cli-spinners@https://registry.npmjs.org/cli-spinners/-/cli-spinners-2.9.2.tgz. Extracting by manifest.
2804 silly tarball no local data for cli-cursor@https://registry.npmjs.org/cli-cursor/-/cli-cursor-3.1.0.tgz. Extracting by manifest.
2805 silly tarball no local data for is-interactive@https://registry.npmjs.org/is-interactive/-/is-interactive-1.0.0.tgz. Extracting by manifest.
2806 silly tarball no local data for is-wsl@https://registry.npmjs.org/is-wsl/-/is-wsl-1.1.0.tgz. Extracting by manifest.
2807 silly tarball no local data for bl@https://registry.npmjs.org/bl/-/bl-4.1.0.tgz. Extracting by manifest.
2808 silly tarball no local data for emojilib@https://registry.npmjs.org/emojilib/-/emojilib-2.4.0.tgz. Extracting by manifest.
2809 silly tarball no local data for skin-tone@https://registry.npmjs.org/skin-tone/-/skin-tone-2.0.0.tgz. Extracting by manifest.
2810 silly tarball no local data for char-regex@https://registry.npmjs.org/char-regex/-/char-regex-1.0.2.tgz. Extracting by manifest.
2811 silly tarball no local data for any-promise@https://registry.npmjs.org/any-promise/-/any-promise-1.3.0.tgz. Extracting by manifest.
2812 silly tarball no local data for on-headers@https://registry.npmjs.org/on-headers/-/on-headers-1.1.0.tgz. Extracting by manifest.
2813 silly tarball no local data for thenify-all@https://registry.npmjs.org/thenify-all/-/thenify-all-1.6.0.tgz. Extracting by manifest.
2814 silly tarball no local data for @sindresorhus/is@https://registry.npmjs.org/@sindresorhus/is/-/is-4.6.0.tgz. Extracting by manifest.
2815 silly tarball no local data for basic-auth@https://registry.npmjs.org/basic-auth/-/basic-auth-2.0.1.tgz. Extracting by manifest.
2816 silly tarball no local data for parse5-htmlparser2-tree-adapter@https://registry.npmjs.org/parse5-htmlparser2-tree-adapter/-/parse5-htmlparser2-tree-adapter-6.0.1.tgz. Extracting by manifest.
2817 silly tarball no local data for parse5@https://registry.npmjs.org/parse5/-/parse5-5.1.1.tgz. Extracting by manifest.
2818 silly tarball no local data for environment@https://registry.npmjs.org/environment/-/environment-1.1.0.tgz. Extracting by manifest.
2819 silly tarball no local data for mz@https://registry.npmjs.org/mz/-/mz-2.7.0.tgz. Extracting by manifest.
2820 silly tarball no local data for highlight.js@https://registry.npmjs.org/highlight.js/-/highlight.js-10.7.3.tgz. Extracting by manifest.
2821 silly tarball no local data for supports-hyperlinks@https://registry.npmjs.org/supports-hyperlinks/-/supports-hyperlinks-3.2.0.tgz. Extracting by manifest.
2822 silly tarball no local data for chalk@https://registry.npmjs.org/chalk/-/chalk-5.6.2.tgz. Extracting by manifest.
2823 silly tarball no local data for cli-highlight@https://registry.npmjs.org/cli-highlight/-/cli-highlight-2.1.11.tgz. Extracting by manifest.
2824 silly tarball no local data for node-emoji@https://registry.npmjs.org/node-emoji/-/node-emoji-2.2.0.tgz. Extracting by manifest.
2825 silly tarball no local data for ansi-escapes@https://registry.npmjs.org/ansi-escapes/-/ansi-escapes-7.3.0.tgz. Extracting by manifest.
2826 silly tarball no local data for libsodium@https://registry.npmjs.org/libsodium/-/libsodium-0.7.16.tgz. Extracting by manifest.
2827 silly tarball no local data for argparse@https://registry.npmjs.org/argparse/-/argparse-2.0.1.tgz. Extracting by manifest.
2828 silly tarball no local data for is-extglob@https://registry.npmjs.org/is-extglob/-/is-extglob-2.1.1.tgz. Extracting by manifest.
2829 silly tarball no local data for jju@https://registry.npmjs.org/jju/-/jju-1.4.0.tgz. Extracting by manifest.
2830 silly tarball no local data for binary-extensions@https://registry.npmjs.org/binary-extensions/-/binary-extensions-2.3.0.tgz. Extracting by manifest.
2831 silly tarball no local data for url-template@https://registry.npmjs.org/url-template/-/url-template-2.0.8.tgz. Extracting by manifest.
2832 silly tarball no local data for universalify@https://registry.npmjs.org/universalify/-/universalify-2.0.1.tgz. Extracting by manifest.
2833 silly tarball no local data for ip-address@https://registry.npmjs.org/ip-address/-/ip-address-10.4.0.tgz. Extracting by manifest.
2834 silly tarball no local data for jsonfile@https://registry.npmjs.org/jsonfile/-/jsonfile-6.2.1.tgz. Extracting by manifest.
2835 silly tarball no local data for to-regex-range@https://registry.npmjs.org/to-regex-range/-/to-regex-range-5.0.1.tgz. Extracting by manifest.
2836 silly tarball no local data for @types/json-schema@https://registry.npmjs.org/@types/json-schema/-/json-schema-7.0.15.tgz. Extracting by manifest.
2837 silly tarball no local data for @jsdevtools/ono@https://registry.npmjs.org/@jsdevtools/ono/-/ono-7.1.3.tgz. Extracting by manifest.
2838 silly tarball no local data for call-me-maybe@https://registry.npmjs.org/call-me-maybe/-/call-me-maybe-1.0.2.tgz. Extracting by manifest.
2839 silly tarball no local data for promise-breaker@https://registry.npmjs.org/promise-breaker/-/promise-breaker-6.0.0.tgz. Extracting by manifest.
2840 silly tarball no local data for openapi3-ts@https://registry.npmjs.org/openapi3-ts/-/openapi3-ts-3.2.0.tgz. Extracting by manifest.
2841 silly tarball no local data for json-ptr@https://registry.npmjs.org/json-ptr/-/json-ptr-3.1.1.tgz. Extracting by manifest.
2842 silly tarball no local data for deep-freeze@https://registry.npmjs.org/deep-freeze/-/deep-freeze-0.0.1.tgz. Extracting by manifest.
2843 silly tarball no local data for @apidevtools/json-schema-ref-parser@https://registry.npmjs.org/@apidevtools/json-schema-ref-parser/-/json-schema-ref-parser-9.1.2.tgz. Extracting by manifest.
2844 silly tarball no local data for is-obj@https://registry.npmjs.org/is-obj/-/is-obj-2.0.0.tgz. Extracting by manifest.
2845 silly tarball no local data for events-listener@https://registry.npmjs.org/events-listener/-/events-listener-1.1.0.tgz. Extracting by manifest.
2846 silly tarball no local data for write-file-atomic@https://registry.npmjs.org/write-file-atomic/-/write-file-atomic-3.0.3.tgz. Extracting by manifest.
2847 silly tarball no local data for unique-string@https://registry.npmjs.org/unique-string/-/unique-string-2.0.0.tgz. Extracting by manifest.
2848 silly tarball no local data for @colors/colors@https://registry.npmjs.org/@colors/colors/-/colors-1.5.0.tgz. Extracting by manifest.
2849 silly tarball no local data for xdg-basedir@https://registry.npmjs.org/xdg-basedir/-/xdg-basedir-4.0.0.tgz. Extracting by manifest.
2850 silly tarball no local data for make-dir@https://registry.npmjs.org/make-dir/-/make-dir-3.1.0.tgz. Extracting by manifest.
2851 silly tarball no local data for dot-prop@https://registry.npmjs.org/dot-prop/-/dot-prop-5.3.0.tgz. Extracting by manifest.
2852 silly tarball no local data for json-parse-helpfulerror@https://registry.npmjs.org/json-parse-helpfulerror/-/json-parse-helpfulerror-1.0.3.tgz. Extracting by manifest.
2853 silly tarball no local data for readdirp@https://registry.npmjs.org/readdirp/-/readdirp-3.6.0.tgz. Extracting by manifest.
2854 silly tarball no local data for picomatch@https://registry.npmjs.org/picomatch/-/picomatch-2.3.2.tgz. Extracting by manifest.
2855 silly tarball no local data for fill-range@https://registry.npmjs.org/fill-range/-/fill-range-7.1.1.tgz. Extracting by manifest.
2856 silly tarball no local data for is-binary-path@https://registry.npmjs.org/is-binary-path/-/is-binary-path-2.1.0.tgz. Extracting by manifest.
2857 silly tarball no local data for is-glob@https://registry.npmjs.org/is-glob/-/is-glob-4.0.3.tgz. Extracting by manifest.
2858 silly tarball no local data for glob-parent@https://registry.npmjs.org/glob-parent/-/glob-parent-5.1.2.tgz. Extracting by manifest.
2859 silly tarball no local data for anymatch@https://registry.npmjs.org/anymatch/-/anymatch-3.1.3.tgz. Extracting by manifest.
2860 silly tarball no local data for lazystream@https://registry.npmjs.org/lazystream/-/lazystream-1.0.1.tgz. Extracting by manifest.
2861 silly tarball no local data for braces@https://registry.npmjs.org/braces/-/braces-3.0.3.tgz. Extracting by manifest.
2862 silly tarball no local data for graceful-fs@https://registry.npmjs.org/graceful-fs/-/graceful-fs-4.2.11.tgz. Extracting by manifest.
2863 silly tarball no local data for normalize-path@https://registry.npmjs.org/normalize-path/-/normalize-path-3.0.0.tgz. Extracting by manifest.
2864 silly tarball no local data for zip-stream@https://registry.npmjs.org/zip-stream/-/zip-stream-6.0.1.tgz. Extracting by manifest.
2865 silly tarball no local data for tar-stream@https://registry.npmjs.org/tar-stream/-/tar-stream-3.2.0.tgz. Extracting by manifest.
2866 silly tarball no local data for buffer-crc32@https://registry.npmjs.org/buffer-crc32/-/buffer-crc32-1.0.0.tgz. Extracting by manifest.
2867 silly tarball no local data for readdir-glob@https://registry.npmjs.org/readdir-glob/-/readdir-glob-1.1.3.tgz. Extracting by manifest.
2868 silly tarball no local data for async@https://registry.npmjs.org/async/-/async-3.2.6.tgz. Extracting by manifest.
2869 silly tarball no local data for archiver-utils@https://registry.npmjs.org/archiver-utils/-/archiver-utils-5.0.2.tgz. Extracting by manifest.
2870 silly tarball no local data for require-from-string@https://registry.npmjs.org/require-from-string/-/require-from-string-2.0.2.tgz. Extracting by manifest.
2871 silly tarball no local data for fast-uri@https://registry.npmjs.org/fast-uri/-/fast-uri-3.1.5.tgz. Extracting by manifest.
2872 silly tarball no local data for zod-to-json-schema@https://registry.npmjs.org/zod-to-json-schema/-/zod-to-json-schema-3.25.2.tgz. Extracting by manifest.
2873 silly tarball no local data for pkce-challenge@https://registry.npmjs.org/pkce-challenge/-/pkce-challenge-5.0.1.tgz. Extracting by manifest.
2874 silly tarball no local data for json-schema-traverse@https://registry.npmjs.org/json-schema-traverse/-/json-schema-traverse-1.0.0.tgz. Extracting by manifest.
2875 silly tarball no local data for json-schema-typed@https://registry.npmjs.org/json-schema-typed/-/json-schema-typed-8.0.2.tgz. Extracting by manifest.
2876 silly tarball no local data for express-rate-limit@https://registry.npmjs.org/express-rate-limit/-/express-rate-limit-8.6.1.tgz. Extracting by manifest.
2877 silly tarball no local data for eventsource@https://registry.npmjs.org/eventsource/-/eventsource-3.0.7.tgz. Extracting by manifest.
2878 silly tarball no local data for @hono/node-server@https://registry.npmjs.org/@hono/node-server/-/node-server-2.0.12.tgz. Extracting by manifest.
2879 silly tarball no local data for eventsource-parser@https://registry.npmjs.org/eventsource-parser/-/eventsource-parser-3.1.0.tgz. Extracting by manifest.
2880 silly tarball no local data for @inquirer/external-editor@https://registry.npmjs.org/@inquirer/external-editor/-/external-editor-1.0.3.tgz. Extracting by manifest.
2881 silly tarball no local data for hono@https://registry.npmjs.org/hono/-/hono-4.12.33.tgz. Extracting by manifest.
2882 silly tarball no local data for chardet@https://registry.npmjs.org/chardet/-/chardet-2.2.0.tgz. Extracting by manifest.
2883 silly tarball no local data for mute-stream@https://registry.npmjs.org/mute-stream/-/mute-stream-2.0.0.tgz. Extracting by manifest.
2884 silly tarball no local data for @inquirer/type@https://registry.npmjs.org/@inquirer/type/-/type-3.0.10.tgz. Extracting by manifest.
2885 silly tarball no local data for yoctocolors-cjs@https://registry.npmjs.org/yoctocolors-cjs/-/yoctocolors-cjs-2.1.3.tgz. Extracting by manifest.
2886 silly tarball no local data for cli-width@https://registry.npmjs.org/cli-width/-/cli-width-4.1.0.tgz. Extracting by manifest.
2887 silly tarball no local data for @inquirer/figures@https://registry.npmjs.org/@inquirer/figures/-/figures-1.0.15.tgz. Extracting by manifest.
2888 silly tarball no local data for @inquirer/ansi@https://registry.npmjs.org/@inquirer/ansi/-/ansi-1.0.2.tgz. Extracting by manifest.
2889 silly tarball no local data for @inquirer/core@https://registry.npmjs.org/@inquirer/core/-/core-10.3.2.tgz. Extracting by manifest.
2890 silly tarball no local data for @inquirer/select@https://registry.npmjs.org/@inquirer/select/-/select-4.4.2.tgz. Extracting by manifest.
2891 silly tarball no local data for @inquirer/search@https://registry.npmjs.org/@inquirer/search/-/search-3.2.2.tgz. Extracting by manifest.
2892 silly tarball no local data for @inquirer/password@https://registry.npmjs.org/@inquirer/password/-/password-4.0.23.tgz. Extracting by manifest.
2893 silly tarball no local data for @inquirer/number@https://registry.npmjs.org/@inquirer/number/-/number-3.0.23.tgz. Extracting by manifest.
2894 silly tarball no local data for @inquirer/rawlist@https://registry.npmjs.org/@inquirer/rawlist/-/rawlist-4.1.11.tgz. Extracting by manifest.
2895 silly tarball no local data for @inquirer/input@https://registry.npmjs.org/@inquirer/input/-/input-4.3.1.tgz. Extracting by manifest.
2896 silly tarball no local data for @inquirer/confirm@https://registry.npmjs.org/@inquirer/confirm/-/confirm-5.1.21.tgz. Extracting by manifest.
2897 silly tarball no local data for @inquirer/expand@https://registry.npmjs.org/@inquirer/expand/-/expand-4.0.23.tgz. Extracting by manifest.
2898 silly tarball no local data for @inquirer/editor@https://registry.npmjs.org/@inquirer/editor/-/editor-4.2.23.tgz. Extracting by manifest.
2899 silly tarball no local data for @inquirer/checkbox@https://registry.npmjs.org/@inquirer/checkbox/-/checkbox-4.3.2.tgz. Extracting by manifest.
2900 silly tarball no local data for googleapis-common@https://registry.npmjs.org/googleapis-common/-/googleapis-common-8.0.3.tgz. Extracting by manifest.
2901 silly tarball no local data for p-defer@https://registry.npmjs.org/p-defer/-/p-defer-3.0.0.tgz. Extracting by manifest.
2902 silly tarball no local data for lodash.snakecase@https://registry.npmjs.org/lodash.snakecase/-/lodash.snakecase-4.1.1.tgz. Extracting by manifest.
2903 silly tarball no local data for is-stream-ended@https://registry.npmjs.org/is-stream-ended/-/is-stream-ended-0.1.4.tgz. Extracting by manifest.
2904 silly tarball no local data for @opentelemetry/semantic-conventions@https://registry.npmjs.org/@opentelemetry/semantic-conventions/-/semantic-conventions-1.39.0.tgz. Extracting by manifest.
2905 silly tarball no local data for heap-js@https://registry.npmjs.org/heap-js/-/heap-js-2.7.1.tgz. Extracting by manifest.
2906 silly tarball no local data for @google-cloud/precise-date@https://registry.npmjs.org/@google-cloud/precise-date/-/precise-date-5.2.0.tgz. Extracting by manifest.
2907 silly tarball no local data for @googleapis/sqladmin@https://registry.npmjs.org/@googleapis/sqladmin/-/sqladmin-37.0.0.tgz. Extracting by manifest.
2908 silly tarball no local data for p-throttle@https://registry.npmjs.org/p-throttle/-/p-throttle-8.1.0.tgz. Extracting by manifest.
2909 silly tarball no local data for @opentelemetry/core@https://registry.npmjs.org/@opentelemetry/core/-/core-1.30.1.tgz. Extracting by manifest.
2910 silly tarball no local data for yaml@https://registry.npmjs.org/yaml/-/yaml-2.9.0.tgz. Extracting by manifest.
2911 silly tarball no local data for ws@https://registry.npmjs.org/ws/-/ws-8.21.1.tgz. Extracting by manifest.
2912 silly tarball no local data for winston-transport@https://registry.npmjs.org/winston-transport/-/winston-transport-4.9.0.tgz. Extracting by manifest.
2913 silly tarball no local data for winston@https://registry.npmjs.org/winston/-/winston-3.19.0.tgz. Extracting by manifest.
2914 silly tarball no local data for undici@https://registry.npmjs.org/undici/-/undici-6.28.0.tgz. Extracting by manifest.
2915 silly tarball no local data for triple-beam@https://registry.npmjs.org/triple-beam/-/triple-beam-1.4.1.tgz. Extracting by manifest.
2916 silly tarball no local data for update-notifier-cjs@https://registry.npmjs.org/update-notifier-cjs/-/update-notifier-cjs-5.1.7.tgz. Extracting by manifest.
2917 silly tarball no local data for universal-analytics@https://registry.npmjs.org/universal-analytics/-/universal-analytics-0.5.4.tgz. Extracting by manifest.
2918 silly tarball no local data for tmp@https://registry.npmjs.org/tmp/-/tmp-0.2.7.tgz. Extracting by manifest.
2919 silly tarball no local data for tcp-port-used@https://registry.npmjs.org/tcp-port-used/-/tcp-port-used-1.0.3.tgz. Extracting by manifest.
2920 silly tarball no local data for tar@https://registry.npmjs.org/tar/-/tar-7.5.22.tgz. Extracting by manifest.
2921 silly tarball no local data for stream-json@https://registry.npmjs.org/stream-json/-/stream-json-1.9.1.tgz. Extracting by manifest.
2922 silly tarball no local data for stream-chain@https://registry.npmjs.org/stream-chain/-/stream-chain-2.2.5.tgz. Extracting by manifest.
2923 silly tarball no local data for superstatic@https://registry.npmjs.org/superstatic/-/superstatic-10.0.0.tgz. Extracting by manifest.
2924 silly tarball no local data for sql-formatter@https://registry.npmjs.org/sql-formatter/-/sql-formatter-15.8.2.tgz. Extracting by manifest.
2925 silly tarball no local data for proxy-agent@https://registry.npmjs.org/proxy-agent/-/proxy-agent-6.5.0.tgz. Extracting by manifest.
2926 silly tarball no local data for progress@https://registry.npmjs.org/progress/-/progress-2.0.3.tgz. Extracting by manifest.
2927 silly tarball no local data for portfinder@https://registry.npmjs.org/portfinder/-/portfinder-1.0.38.tgz. Extracting by manifest.
2928 silly tarball no local data for pglite-2@https://registry.npmjs.org/@electric-sql/pglite/-/pglite-0.2.17.tgz. Extracting by manifest.
2929 silly tarball no local data for pg-gateway@https://registry.npmjs.org/pg-gateway/-/pg-gateway-0.3.0-beta.4.tgz. Extracting by manifest.
2930 silly tarball no local data for pg@https://registry.npmjs.org/pg/-/pg-8.22.0.tgz. Extracting by manifest.
2931 silly tarball no local data for ora@https://registry.npmjs.org/ora/-/ora-5.4.1.tgz. Extracting by manifest.
2932 silly tarball no local data for open@https://registry.npmjs.org/open/-/open-6.4.0.tgz. Extracting by manifest.
2933 silly tarball no local data for morgan@https://registry.npmjs.org/morgan/-/morgan-1.11.0.tgz. Extracting by manifest.
2934 silly tarball no local data for marked-terminal@https://registry.npmjs.org/marked-terminal/-/marked-terminal-7.3.0.tgz. Extracting by manifest.
2935 silly tarball no local data for marked@https://registry.npmjs.org/marked/-/marked-13.0.3.tgz. Extracting by manifest.
2936 silly tarball no local data for lsofi@https://registry.npmjs.org/lsofi/-/lsofi-2.0.0.tgz. Extracting by manifest.
2937 silly tarball no local data for lodash@https://registry.npmjs.org/lodash/-/lodash-4.18.1.tgz. Extracting by manifest.
2938 silly tarball no local data for libsodium-wrappers@https://registry.npmjs.org/libsodium-wrappers/-/libsodium-wrappers-0.7.16.tgz. Extracting by manifest.
2939 silly tarball no local data for js-yaml@https://registry.npmjs.org/js-yaml/-/js-yaml-4.3.1.tgz. Extracting by manifest.
2940 silly tarball no local data for ignore@https://registry.npmjs.org/ignore/-/ignore-7.0.6.tgz. Extracting by manifest.
2941 silly tarball no local data for fuzzy@https://registry.npmjs.org/fuzzy/-/fuzzy-0.1.3.tgz. Extracting by manifest.
2942 silly tarball no local data for fs-extra@https://registry.npmjs.org/fs-extra/-/fs-extra-10.1.0.tgz. Extracting by manifest.
2943 silly tarball no local data for exegesis-express@https://registry.npmjs.org/exegesis-express/-/exegesis-express-4.0.0.tgz. Extracting by manifest.
2944 silly tarball no local data for exegesis@https://registry.npmjs.org/exegesis/-/exegesis-4.3.0.tgz. Extracting by manifest.
2945 silly tarball no local data for csv-parse@https://registry.npmjs.org/csv-parse/-/csv-parse-5.6.0.tgz. Extracting by manifest.
2946 silly tarball no local data for colorette@https://registry.npmjs.org/colorette/-/colorette-2.0.20.tgz. Extracting by manifest.
2947 silly tarball no local data for commander@https://registry.npmjs.org/commander/-/commander-5.1.0.tgz. Extracting by manifest.
2948 silly tarball no local data for cross-env@https://registry.npmjs.org/cross-env/-/cross-env-7.0.3.tgz. Extracting by manifest.
2949 silly tarball no local data for configstore@https://registry.npmjs.org/configstore/-/configstore-5.0.1.tgz. Extracting by manifest.
2950 silly tarball no local data for cli-table3@https://registry.npmjs.org/cli-table3/-/cli-table3-0.6.5.tgz. Extracting by manifest.
2951 silly tarball no local data for chokidar@https://registry.npmjs.org/chokidar/-/chokidar-3.6.0.tgz. Extracting by manifest.
2952 silly tarball no local data for async-lock@https://registry.npmjs.org/async-lock/-/async-lock-1.4.1.tgz. Extracting by manifest.
2953 silly tarball no local data for cjson@https://registry.npmjs.org/cjson/-/cjson-0.3.3.tgz. Extracting by manifest.
2954 silly tarball no local data for @modelcontextprotocol/sdk@https://registry.npmjs.org/@modelcontextprotocol/sdk/-/sdk-1.30.0.tgz. Extracting by manifest.
2955 silly tarball no local data for @inquirer/prompts@https://registry.npmjs.org/@inquirer/prompts/-/prompts-7.10.1.tgz. Extracting by manifest.
2956 silly tarball no local data for archiver@https://registry.npmjs.org/archiver/-/archiver-7.0.1.tgz. Extracting by manifest.
2957 silly tarball no local data for ajv-formats@https://registry.npmjs.org/ajv-formats/-/ajv-formats-3.0.1.tgz. Extracting by manifest.
2958 silly tarball no local data for ajv@https://registry.npmjs.org/ajv/-/ajv-8.20.0.tgz. Extracting by manifest.
2959 silly tarball no local data for @google-cloud/pubsub@https://registry.npmjs.org/@google-cloud/pubsub/-/pubsub-5.3.1.tgz. Extracting by manifest.
2960 silly tarball no local data for @google-cloud/cloud-sql-connector@https://registry.npmjs.org/@google-cloud/cloud-sql-connector/-/cloud-sql-connector-1.11.3.tgz. Extracting by manifest.
2961 silly tarball no local data for @apphosting/common@https://registry.npmjs.org/@apphosting/common/-/common-0.0.8.tgz. Extracting by manifest.
2962 silly tarball no local data for @electric-sql/pglite@https://registry.npmjs.org/@electric-sql/pglite/-/pglite-0.3.16.tgz. Extracting by manifest.
2963 silly tarball no local data for @electric-sql/pglite-tools@https://registry.npmjs.org/@electric-sql/pglite-tools/-/pglite-tools-0.2.21.tgz. Extracting by manifest.
2964 silly tarball no local data for firebase-tools@https://registry.npmjs.org/firebase-tools/-/firebase-tools-15.25.1.tgz. Extracting by manifest.
2965 silly tarball no local data for buffer@https://registry.npmjs.org/buffer/-/buffer-6.0.3.tgz. Extracting by manifest.
2966 silly tarball no local data for color-convert@https://registry.npmjs.org/color-convert/-/color-convert-3.1.3.tgz. Extracting by manifest.
2967 silly tarball no local data for readable-stream@https://registry.npmjs.org/readable-stream/-/readable-stream-4.7.0.tgz. Extracting by manifest.
2968 silly tarball no local data for readable-stream@https://registry.npmjs.org/readable-stream/-/readable-stream-4.7.0.tgz. Extracting by manifest.
2969 silly tarball no local data for @colors/colors@https://registry.npmjs.org/@colors/colors/-/colors-1.6.0.tgz. Extracting by manifest.
2970 silly tarball no local data for buffer@https://registry.npmjs.org/buffer/-/buffer-6.0.3.tgz. Extracting by manifest.
2971 silly tarball no local data for color-name@https://registry.npmjs.org/color-name/-/color-name-2.1.1.tgz. Extracting by manifest.
2972 silly tarball no local data for color-name@https://registry.npmjs.org/color-name/-/color-name-2.1.1.tgz. Extracting by manifest.
2973 silly tarball no local data for ini@https://registry.npmjs.org/ini/-/ini-1.3.8.tgz. Extracting by manifest.
2974 silly tarball no local data for ini@https://registry.npmjs.org/ini/-/ini-1.3.8.tgz. Extracting by manifest.
2975 silly tarball no local data for chalk@https://registry.npmjs.org/chalk/-/chalk-4.1.2.tgz. Extracting by manifest.
2976 silly tarball no local data for semver@https://registry.npmjs.org/semver/-/semver-6.3.1.tgz. Extracting by manifest.
2977 silly tarball no local data for graceful-fs@https://registry.npmjs.org/graceful-fs/-/graceful-fs-4.2.10.tgz. Extracting by manifest.
2978 silly tarball no local data for isexe@https://registry.npmjs.org/isexe/-/isexe-4.0.0.tgz. Extracting by manifest.
2979 silly tarball no local data for which@https://registry.npmjs.org/which/-/which-6.0.1.tgz. Extracting by manifest.
2980 silly tarball no local data for fdir@https://registry.npmjs.org/fdir/-/fdir-6.5.0.tgz. Extracting by manifest.
2981 silly tarball no local data for on-finished@https://registry.npmjs.org/on-finished/-/on-finished-2.3.0.tgz. Extracting by manifest.
2982 silly tarball no local data for statuses@https://registry.npmjs.org/statuses/-/statuses-1.5.0.tgz. Extracting by manifest.
2983 silly tarball no local data for encodeurl@https://registry.npmjs.org/encodeurl/-/encodeurl-1.0.2.tgz. Extracting by manifest.
2984 silly tarball no local data for finalhandler@https://registry.npmjs.org/finalhandler/-/finalhandler-1.1.2.tgz. Extracting by manifest.
2985 silly tarball no local data for commander@https://registry.npmjs.org/commander/-/commander-2.20.3.tgz. Extracting by manifest.
2986 silly tarball no local data for negotiator@https://registry.npmjs.org/negotiator/-/negotiator-0.6.4.tgz. Extracting by manifest.
2987 silly tarball no local data for data-uri-to-buffer@https://registry.npmjs.org/data-uri-to-buffer/-/data-uri-to-buffer-6.0.2.tgz. Extracting by manifest.
2988 silly tarball no local data for signal-exit@https://registry.npmjs.org/signal-exit/-/signal-exit-3.0.7.tgz. Extracting by manifest.
2989 silly tarball no local data for parse5@https://registry.npmjs.org/parse5/-/parse5-6.0.1.tgz. Extracting by manifest.
2990 silly tarball no local data for chalk@https://registry.npmjs.org/chalk/-/chalk-4.1.2.tgz. Extracting by manifest.
2991 silly tarball no local data for safe-buffer@https://registry.npmjs.org/safe-buffer/-/safe-buffer-5.1.2.tgz. Extracting by manifest.
2992 silly tarball no local data for yargs@https://registry.npmjs.org/yargs/-/yargs-16.2.2.tgz. Extracting by manifest.
2993 silly tarball no local data for cliui@https://registry.npmjs.org/cliui/-/cliui-7.0.4.tgz. Extracting by manifest.
2994 silly tarball no local data for chalk@https://registry.npmjs.org/chalk/-/chalk-4.1.2.tgz. Extracting by manifest.
2995 silly tarball no local data for yargs-parser@https://registry.npmjs.org/yargs-parser/-/yargs-parser-20.2.9.tgz. Extracting by manifest.
2996 silly tarball no local data for signal-exit@https://registry.npmjs.org/signal-exit/-/signal-exit-3.0.7.tgz. Extracting by manifest.
2997 silly tarball no local data for semver@https://registry.npmjs.org/semver/-/semver-6.3.1.tgz. Extracting by manifest.
2998 silly tarball no local data for buffer@https://registry.npmjs.org/buffer/-/buffer-6.0.3.tgz. Extracting by manifest.
2999 silly tarball no local data for safe-buffer@https://registry.npmjs.org/safe-buffer/-/safe-buffer-5.1.2.tgz. Extracting by manifest.
3000 silly tarball no local data for readable-stream@https://registry.npmjs.org/readable-stream/-/readable-stream-4.7.0.tgz. Extracting by manifest.
3001 silly tarball no local data for string_decoder@https://registry.npmjs.org/string_decoder/-/string_decoder-1.1.1.tgz. Extracting by manifest.
3002 silly tarball no local data for readable-stream@https://registry.npmjs.org/readable-stream/-/readable-stream-2.3.8.tgz. Extracting by manifest.
3003 silly tarball no local data for minimatch@https://registry.npmjs.org/minimatch/-/minimatch-5.1.9.tgz. Extracting by manifest.
3004 silly tarball no local data for wrap-ansi@https://registry.npmjs.org/wrap-ansi/-/wrap-ansi-6.2.0.tgz. Extracting by manifest.
3005 silly tarball no local data for readable-stream@https://registry.npmjs.org/readable-stream/-/readable-stream-4.7.0.tgz. Extracting by manifest.
3006 silly tarball no local data for buffer@https://registry.npmjs.org/buffer/-/buffer-6.0.3.tgz. Extracting by manifest.
3007 silly tarball no local data for gaxios@https://registry.npmjs.org/gaxios/-/gaxios-7.1.3.tgz. Extracting by manifest.
3008 silly tarball no local data for @opentelemetry/semantic-conventions@https://registry.npmjs.org/@opentelemetry/semantic-conventions/-/semantic-conventions-1.28.0.tgz. Extracting by manifest.
3009 silly tarball no local data for @colors/colors@https://registry.npmjs.org/@colors/colors/-/colors-1.6.0.tgz. Extracting by manifest.
3010 silly tarball no local data for ms@https://registry.npmjs.org/ms/-/ms-2.1.2.tgz. Extracting by manifest.
3011 silly tarball no local data for uuid@https://registry.npmjs.org/uuid/-/uuid-11.1.1.tgz. Extracting by manifest.
3012 silly tarball no local data for chalk@https://registry.npmjs.org/chalk/-/chalk-4.1.2.tgz. Extracting by manifest.
3013 silly tarball no local data for isarray@https://registry.npmjs.org/isarray/-/isarray-0.0.1.tgz. Extracting by manifest.
3014 silly tarball no local data for debug@https://registry.npmjs.org/debug/-/debug-4.3.1.tgz. Extracting by manifest.
3015 silly tarball no local data for lru-cache@https://registry.npmjs.org/lru-cache/-/lru-cache-7.18.3.tgz. Extracting by manifest.
3016 silly tarball no local data for path-to-regexp@https://registry.npmjs.org/path-to-regexp/-/path-to-regexp-1.9.0.tgz. Extracting by manifest.
3017 silly tarball no local data for minimatch@https://registry.npmjs.org/minimatch/-/minimatch-6.2.3.tgz. Extracting by manifest.
3018 silly tarball no local data for commander@https://registry.npmjs.org/commander/-/commander-10.0.1.tgz. Extracting by manifest.
3019 silly tarball no local data for chalk@https://registry.npmjs.org/chalk/-/chalk-4.1.2.tgz. Extracting by manifest.
3020 silly tarball no local data for ajv-formats@https://registry.npmjs.org/ajv-formats/-/ajv-formats-2.1.1.tgz. Extracting by manifest.
3021 silly tarball no local data for readable-stream@https://registry.npmjs.org/readable-stream/-/readable-stream-4.7.0.tgz. Extracting by manifest.
3022 silly tarball no local data for buffer@https://registry.npmjs.org/buffer/-/buffer-6.0.3.tgz. Extracting by manifest.
3023 silly tarball no local data for @google-cloud/projectify@https://registry.npmjs.org/@google-cloud/projectify/-/projectify-5.2.0.tgz. Extracting by manifest.
3024 silly tarball no local data for @google-cloud/paginator@https://registry.npmjs.org/@google-cloud/paginator/-/paginator-6.1.0.tgz. Extracting by manifest.
3025 silly tarball no local data for brace-expansion@https://registry.npmjs.org/brace-expansion/-/brace-expansion-1.1.18.tgz. Extracting by manifest.
3026 silly tarball no local data for @google-cloud/promisify@https://registry.npmjs.org/@google-cloud/promisify/-/promisify-5.1.0.tgz. Extracting by manifest.
3027 silly tarball no local data for minimatch@https://registry.npmjs.org/minimatch/-/minimatch-3.1.5.tgz. Extracting by manifest.
3028 silly tarball no local data for zod@https://registry.npmjs.org/zod/-/zod-4.4.3.tgz. Extracting by manifest.
3029 silly tarball no local data for mime@https://registry.npmjs.org/mime/-/mime-2.6.0.tgz. Extracting by manifest.
3030 silly tarball no local data for form-data@https://registry.npmjs.org/form-data/-/form-data-4.0.6.tgz. Extracting by manifest.
3031 http fetch POST 200 https://registry.npmjs.org/-/npm/v1/security/advisories/bulk 412ms
3032 silly audit report {
3032 silly audit report   esbuild: [
3032 silly audit report     {
3032 silly audit report       id: 1102341,
3032 silly audit report       url: 'https://github.com/advisories/GHSA-67mh-4wv8-2f99',
3032 silly audit report       title: 'esbuild enables any website to send any requests to the development server and read the response',
3032 silly audit report       severity: 'moderate',
3032 silly audit report       vulnerable_versions: '<=0.24.2',
3032 silly audit report       cwe: [Array],
3032 silly audit report       cvss: [Object]
3032 silly audit report     }
3032 silly audit report   ],
3032 silly audit report   postcss: [
3032 silly audit report     {
3032 silly audit report       id: 1117015,
3032 silly audit report       url: 'https://github.com/advisories/GHSA-qx2v-qp2m-jg93',
3032 silly audit report       title: 'PostCSS has XSS via Unescaped </style> in its CSS Stringify Output',
3032 silly audit report       severity: 'moderate',
3032 silly audit report       vulnerable_versions: '<8.5.10',
3032 silly audit report       cwe: [Array],
3032 silly audit report       cvss: [Object]
3032 silly audit report     },
3032 silly audit report     {
3032 silly audit report       id: 1124252,
3032 silly audit report       url: 'https://github.com/advisories/GHSA-6g55-p6wh-862q',
3032 silly audit report       title: 'PostCSS: Arbitrary file read and information disclosure via attacker-controlled sourceMappingURL in CSS comments',
3032 silly audit report       severity: 'high',
3032 silly audit report       vulnerable_versions: '<=8.5.11',
3032 silly audit report       cwe: [Array],
3032 silly audit report       cvss: [Object]
3032 silly audit report     },
3032 silly audit report     {
3032 silly audit report       id: 1124288,
3032 silly audit report       url: 'https://github.com/advisories/GHSA-r28c-9q8g-f849',
3032 silly audit report       title: 'PostCSS: Path Traversal in Previous Source Map Auto-Loading (sourceMappingURL) leads to Arbitrary .map File Disclosure',
3032 silly audit report       severity: 'high',
3032 silly audit report       vulnerable_versions: '<=8.5.17',
3032 silly audit report       cwe: [Array],
3032 silly audit report       cvss: [Object]
3032 silly audit report     }
3032 silly audit report   ],
3032 silly audit report   sharp: [
3032 silly audit report     {
3032 silly audit report       id: 1124066,
3032 silly audit report       url: 'https://github.com/advisories/GHSA-f88m-g3jw-g9cj',
3032 silly audit report       title: 'sharp inherited vulnerabilities in libvips: CVE-2026-33327, CVE-2026-33328, CVE-2026-35590, CVE-2026-35591',
3032 silly audit report       severity: 'high',
3032 silly audit report       vulnerable_versions: '<0.35.0',
3032 silly audit report       cwe: [Array],
3032 silly audit report       cvss: [Object]
3032 silly audit report     }
3032 silly audit report   ],
3032 silly audit report   uuid: [
3032 silly audit report     {
3032 silly audit report       id: 1119441,
3032 silly audit report       url: 'https://github.com/advisories/GHSA-w5hq-g745-h8pq',
3032 silly audit report       title: 'uuid: Missing buffer bounds check in v3/v5/v6 when buf is provided',
3032 silly audit report       severity: 'moderate',
3032 silly audit report       vulnerable_versions: '<11.1.1',
3032 silly audit report       cwe: [Array],
3032 silly audit report       cvss: [Object]
3032 silly audit report     }
3032 silly audit report   ],
3032 silly audit report   vite: [
3032 silly audit report     {
3032 silly audit report       id: 1120784,
3032 silly audit report       url: 'https://github.com/advisories/GHSA-v6wh-96g9-6wx3',
3032 silly audit report       title: 'launch-editor: NTLMv2 hash disclosure via UNC path handling on Windows',
3032 silly audit report       severity: 'moderate',
3032 silly audit report       vulnerable_versions: '<=6.4.2',
3032 silly audit report       cwe: [Array],
3032 silly audit report       cvss: [Object]
3032 silly audit report     },
3032 silly audit report     {
3032 silly audit report       id: 1116229,
3032 silly audit report       url: 'https://github.com/advisories/GHSA-4w7w-66w2-5vf9',
3032 silly audit report       title: 'Vite Vulnerable to Path Traversal in Optimized Deps `.map` Handling',
3032 silly audit report       severity: 'moderate',
3032 silly audit report       vulnerable_versions: '<=6.4.1',
3032 silly audit report       cwe: [Array],
3032 silly audit report       cvss: [Object]
3032 silly audit report     },
3032 silly audit report     {
3032 silly audit report       id: 1123525,
3032 silly audit report       url: 'https://github.com/advisories/GHSA-fx2h-pf6j-xcff',
3032 silly audit report       title: 'vite: `server.fs.deny` bypass on Windows alternate paths',
3032 silly audit report       severity: 'high',
3032 silly audit report       vulnerable_versions: '<=6.4.2',
3032 silly audit report       cwe: [Array],
3032 silly audit report       cvss: [Object]
3032 silly audit report     }
3032 silly audit report   ],
3032 silly audit report   vitest: [
3032 silly audit report     {
3032 silly audit report       id: 1120126,
3032 silly audit report       url: 'https://github.com/advisories/GHSA-5xrq-8626-4rwp',
3032 silly audit report       title: 'When Vitest UI server is listening, arbitrary file can be read and executed',
3032 silly audit report       severity: 'critical',
3032 silly audit report       vulnerable_versions: '<3.2.6',
3032 silly audit report       cwe: [Array],
3032 silly audit report       cvss: [Object]
3032 silly audit report     }
3032 silly audit report   ],
3032 silly audit report   '@opentelemetry/core': [
3032 silly audit report     {
3032 silly audit report       id: 1120821,
3032 silly audit report       url: 'https://github.com/advisories/GHSA-8988-4f7v-96qf',
3032 silly audit report       title: 'OpenTelemetry Core: Unbounded memory allocation in W3C Baggage propagation',
3032 silly audit report       severity: 'moderate',
3032 silly audit report       vulnerable_versions: '<2.8.0',
3032 silly audit report       cwe: [Array],
3032 silly audit report       cvss: [Object]
3032 silly audit report     }
3032 silly audit report   ],
3032 silly audit report   re2: [
3032 silly audit report     {
3032 silly audit report       id: 1130576,
3032 silly audit report       url: 'https://github.com/advisories/GHSA-ff84-5f28-78qj',
3032 silly audit report       title: 're2: Out-of-bounds heap read in `exec`/`test`/`match` via attacker-influenced `lastIndex` on a non-ASCII subject → uncatchable process crash (DoS)',
3032 silly audit report       severity: 'moderate',
3032 silly audit report       vulnerable_versions: '<=1.25.1',
3032 silly audit report       cwe: [Array],
3032 silly audit report       cvss: [Object]
3032 silly audit report     },
3032 silly audit report     {
3032 silly audit report       id: 1130577,
3032 silly audit report       url: 'https://github.com/advisories/GHSA-6hxr-mr5r-9836',
3032 silly audit report       title: 're2: Global `String.prototype.match` with an empty-matchable pattern never advances → infinite loop with unbounded native memory growth (DoS)',
3032 silly audit report       severity: 'moderate',
3032 silly audit report       vulnerable_versions: '<=1.25.1',
3032 silly audit report       cwe: [Array],
3032 silly audit report       cvss: [Object]
3032 silly audit report     }
3032 silly audit report   ]
3032 silly audit report }
3033 silly packumentCache corgi:https://registry.npmjs.org/esbuild cache-miss
3034 silly packumentCache corgi:https://registry.npmjs.org/postcss cache-miss
3035 silly packumentCache corgi:https://registry.npmjs.org/sharp cache-miss
3036 silly packumentCache corgi:https://registry.npmjs.org/uuid cache-miss
3037 silly packumentCache corgi:https://registry.npmjs.org/vite cache-miss
3038 silly packumentCache corgi:https://registry.npmjs.org/vitest cache-miss
3039 silly packumentCache corgi:https://registry.npmjs.org/@opentelemetry%2fcore cache-miss
3040 silly packumentCache corgi:https://registry.npmjs.org/re2 cache-miss
3041 http fetch GET 200 https://registry.npmjs.org/core-util-is/-/core-util-is-1.0.3.tgz 499ms (cache miss)
3042 http fetch GET 200 https://registry.npmjs.org/compress-commons/-/compress-commons-6.0.2.tgz 498ms (cache miss)
3043 http fetch GET 200 https://registry.npmjs.org/process/-/process-0.11.10.tgz 500ms (cache miss)
3044 http fetch GET 200 https://registry.npmjs.org/process-nextick-args/-/process-nextick-args-2.0.1.tgz 501ms (cache miss)
3045 http fetch GET 200 https://registry.npmjs.org/is-typedarray/-/is-typedarray-1.0.0.tgz 499ms (cache miss)
3046 http fetch GET 200 https://registry.npmjs.org/concat-map/-/concat-map-0.0.1.tgz 501ms (cache miss)
3047 http fetch GET 200 https://registry.npmjs.org/crc32-stream/-/crc32-stream-6.0.0.tgz 501ms (cache miss)
3048 http fetch GET 200 https://registry.npmjs.org/typedarray-to-buffer/-/typedarray-to-buffer-3.1.5.tgz 501ms (cache miss)
3049 http fetch GET 200 https://registry.npmjs.org/fn.name/-/fn.name-1.1.0.tgz 500ms (cache miss)
3050 http fetch GET 200 https://registry.npmjs.org/@types/triple-beam/-/triple-beam-1.3.5.tgz 500ms (cache miss)
3051 http fetch GET 200 https://registry.npmjs.org/isarray/-/isarray-1.0.0.tgz 507ms (cache miss)
3052 http fetch GET 200 https://registry.npmjs.org/imurmurhash/-/imurmurhash-0.1.4.tgz 517ms (cache miss)
3053 http fetch GET 200 https://registry.npmjs.org/crc-32/-/crc-32-1.2.2.tgz 537ms (cache miss)
3054 http fetch GET 200 https://registry.npmjs.org/color/-/color-5.0.3.tgz 536ms (cache miss)
3055 http fetch GET 200 https://registry.npmjs.org/color-string/-/color-string-2.1.4.tgz 536ms (cache miss)
3056 http fetch GET 200 https://registry.npmjs.org/text-hex/-/text-hex-1.0.0.tgz 536ms (cache miss)
3057 http fetch GET 200 https://registry.npmjs.org/one-time/-/one-time-1.0.0.tgz 534ms (cache miss)
3058 http fetch GET 200 https://registry.npmjs.org/kuler/-/kuler-2.0.0.tgz 537ms (cache miss)
3059 http fetch GET 200 https://registry.npmjs.org/stack-trace/-/stack-trace-0.0.10.tgz 535ms (cache miss)
3060 http fetch GET 200 https://registry.npmjs.org/@dabh/diagnostics/-/diagnostics-2.0.8.tgz 537ms (cache miss)
3061 http fetch GET 200 https://registry.npmjs.org/enabled/-/enabled-2.0.0.tgz 549ms (cache miss)
3062 http fetch GET 200 https://registry.npmjs.org/strip-json-comments/-/strip-json-comments-2.0.1.tgz 546ms (cache miss)
3063 http fetch GET 200 https://registry.npmjs.org/defaults/-/defaults-1.0.4.tgz 548ms (cache miss)
3064 http fetch GET 200 https://registry.npmjs.org/rc/-/rc-1.2.8.tgz 555ms (cache miss)
3065 http fetch GET 200 https://registry.npmjs.org/proto-list/-/proto-list-1.2.4.tgz 555ms (cache miss)
3066 http fetch GET 200 https://registry.npmjs.org/deep-extend/-/deep-extend-0.6.0.tgz 557ms (cache miss)
3067 http fetch GET 200 https://registry.npmjs.org/clone/-/clone-1.0.4.tgz 560ms (cache miss)
3068 http fetch GET 200 https://registry.npmjs.org/escape-goat/-/escape-goat-2.1.1.tgz 558ms (cache miss)
3069 http cache https://registry.npmjs.org/esbuild 291ms (cache hit)
3070 silly packumentCache corgi:https://registry.npmjs.org/esbuild set size:887361 disposed:false
3071 http cache https://registry.npmjs.org/postcss 295ms (cache hit)
3072 silly packumentCache corgi:https://registry.npmjs.org/postcss set size:354683 disposed:false
3073 http cache https://registry.npmjs.org/sharp 299ms (cache hit)
3074 silly packumentCache corgi:https://registry.npmjs.org/sharp set size:291503 disposed:false
3075 http cache https://registry.npmjs.org/uuid 300ms (cache hit)
3076 silly packumentCache corgi:https://registry.npmjs.org/uuid set size:82973 disposed:false
3077 http cache https://registry.npmjs.org/vitest 303ms (cache hit)
3078 silly packumentCache corgi:https://registry.npmjs.org/vitest set size:1264033 disposed:false
3079 http cache https://registry.npmjs.org/vite 313ms (cache hit)
3080 silly packumentCache corgi:https://registry.npmjs.org/vite set size:2291880 disposed:false
3081 http fetch GET 200 https://registry.npmjs.org/widest-line/-/widest-line-3.1.0.tgz 621ms (cache miss)
3082 http fetch GET 200 https://registry.npmjs.org/is-path-inside/-/is-path-inside-3.0.3.tgz 623ms (cache miss)
3083 http fetch GET 200 https://registry.npmjs.org/ini/-/ini-2.0.0.tgz 623ms (cache miss)
3084 http fetch GET 200 https://registry.npmjs.org/ci-info/-/ci-info-2.0.0.tgz 623ms (cache miss)
3085 http fetch GET 200 https://registry.npmjs.org/camelcase/-/camelcase-6.3.0.tgz 621ms (cache miss)
3086 http fetch GET 200 https://registry.npmjs.org/config-chain/-/config-chain-1.1.13.tgz 652ms (cache miss)
3087 http fetch GET 200 https://registry.npmjs.org/global-dirs/-/global-dirs-3.0.1.tgz 650ms (cache miss)
3088 http fetch GET 200 https://registry.npmjs.org/cli-boxes/-/cli-boxes-2.2.1.tgz 648ms (cache miss)
3089 http fetch GET 200 https://registry.npmjs.org/ansi-align/-/ansi-align-3.0.1.tgz 650ms (cache miss)
3090 http fetch GET 200 https://registry.npmjs.org/semver-diff/-/semver-diff-3.1.1.tgz 654ms (cache miss)
3091 http fetch GET 200 https://registry.npmjs.org/pupa/-/pupa-2.1.1.tgz 668ms (cache miss)
3092 http fetch GET 200 https://registry.npmjs.org/is-installed-globally/-/is-installed-globally-0.4.0.tgz 666ms (cache miss)
3093 http fetch GET 200 https://registry.npmjs.org/import-lazy/-/import-lazy-2.1.0.tgz 666ms (cache miss)
3094 http fetch GET 200 https://registry.npmjs.org/registry-auth-token/-/registry-auth-token-5.1.1.tgz 669ms (cache miss)
3095 http fetch GET 200 https://registry.npmjs.org/is-npm/-/is-npm-5.0.0.tgz 667ms (cache miss)
3096 http fetch GET 200 https://registry.npmjs.org/is-yarn-global/-/is-yarn-global-0.3.0.tgz 681ms (cache miss)
3097 http fetch GET 200 https://registry.npmjs.org/registry-url/-/registry-url-5.1.0.tgz 684ms (cache miss)
3098 http fetch GET 200 https://registry.npmjs.org/is-ci/-/is-ci-2.0.0.tgz 683ms (cache miss)
3099 http fetch GET 200 https://registry.npmjs.org/has-yarn/-/has-yarn-2.1.0.tgz 692ms (cache miss)
3100 http fetch GET 200 https://registry.npmjs.org/crypto-random-string/-/crypto-random-string-2.0.0.tgz 692ms (cache miss)
3101 http fetch GET 200 https://registry.npmjs.org/thenify/-/thenify-3.3.1.tgz 693ms (cache miss)
3102 http fetch GET 200 https://registry.npmjs.org/deep-is/-/deep-is-0.1.4.tgz 703ms (cache miss)
3103 http fetch GET 200 https://registry.npmjs.org/ip-regex/-/ip-regex-2.1.0.tgz 703ms (cache miss)
3104 http fetch GET 200 https://registry.npmjs.org/boxen/-/boxen-5.1.2.tgz 705ms (cache miss)
3105 http fetch GET 200 https://registry.npmjs.org/text-decoder/-/text-decoder-1.2.7.tgz 702ms (cache miss)
3106 http fetch GET 200 https://registry.npmjs.org/events-universal/-/events-universal-1.0.1.tgz 704ms (cache miss)
3107 http fetch GET 200 https://registry.npmjs.org/is-number/-/is-number-7.0.0.tgz 704ms (cache miss)
3108 http fetch GET 200 https://registry.npmjs.org/bare-events/-/bare-events-2.9.1.tgz 711ms (cache miss)
3109 http fetch GET 200 https://registry.npmjs.org/fast-fifo/-/fast-fifo-1.3.2.tgz 720ms (cache miss)
3110 http fetch GET 200 https://registry.npmjs.org/teex/-/teex-1.0.1.tgz 733ms (cache miss)
3111 http fetch GET 200 https://registry.npmjs.org/chownr/-/chownr-3.0.0.tgz 730ms (cache miss)
3112 http fetch GET 200 https://registry.npmjs.org/isomorphic-fetch/-/isomorphic-fetch-3.0.0.tgz 739ms (cache miss)
3113 http fetch GET 200 https://registry.npmjs.org/@isaacs/fs-minipass/-/fs-minipass-4.0.1.tgz 732ms (cache miss)
3114 http fetch GET 200 https://registry.npmjs.org/bare-stream/-/bare-stream-2.13.3.tgz 740ms (cache miss)
3115 http fetch GET 200 https://registry.npmjs.org/b4a/-/b4a-1.8.1.tgz 740ms (cache miss)
3116 http fetch GET 200 https://registry.npmjs.org/has-flag/-/has-flag-4.0.0.tgz 739ms (cache miss)
3117 http fetch GET 200 https://registry.npmjs.org/yallist/-/yallist-5.0.0.tgz 740ms (cache miss)
3118 http fetch GET 200 https://registry.npmjs.org/supports-color/-/supports-color-7.2.0.tgz 743ms (cache miss)
3119 http fetch GET 200 https://registry.npmjs.org/abbrev/-/abbrev-4.0.0.tgz 744ms (cache miss)
3120 http fetch GET 200 https://registry.npmjs.org/proc-log/-/proc-log-6.1.0.tgz 744ms (cache miss)
3121 http fetch GET 200 https://registry.npmjs.org/tinyglobby/-/tinyglobby-0.2.17.tgz 745ms (cache miss)
3122 http fetch GET 200 https://registry.npmjs.org/@so-ric/colorspace/-/colorspace-1.1.6.tgz 772ms (cache miss)
3123 http fetch GET 200 https://registry.npmjs.org/env-paths/-/env-paths-2.2.1.tgz 748ms (cache miss)
3124 http fetch GET 200 https://registry.npmjs.org/exponential-backoff/-/exponential-backoff-3.1.3.tgz 754ms (cache miss)
3125 http fetch GET 200 https://registry.npmjs.org/lodash._objecttypes/-/lodash._objecttypes-2.4.1.tgz 754ms (cache miss)
3126 http fetch GET 200 https://registry.npmjs.org/url-join/-/url-join-0.0.1.tgz 753ms (cache miss)
3127 http fetch GET 200 https://registry.npmjs.org/toxic/-/toxic-1.0.1.tgz 759ms (cache miss)
3128 http fetch GET 200 https://registry.npmjs.org/as-array/-/as-array-2.0.0.tgz 759ms (cache miss)
3129 http fetch GET 200 https://registry.npmjs.org/valid-url/-/valid-url-1.0.9.tgz 821ms (cache miss)
3130 http fetch GET 200 https://registry.npmjs.org/glob-slash/-/glob-slash-1.0.0.tgz 821ms (cache miss)
3131 http fetch GET 200 https://registry.npmjs.org/lodash.isobject/-/lodash.isobject-2.4.1.tgz 820ms (cache miss)
3132 http fetch GET 200 https://registry.npmjs.org/compressible/-/compressible-2.0.18.tgz 821ms (cache miss)
3133 http fetch GET 200 https://registry.npmjs.org/whatwg-fetch/-/whatwg-fetch-3.6.20.tgz 849ms (cache miss)
3134 http fetch GET 200 https://registry.npmjs.org/glob-slasher/-/glob-slasher-1.0.1.tgz 821ms (cache miss)
3135 http fetch GET 200 https://registry.npmjs.org/tsscmp/-/tsscmp-1.0.6.tgz 822ms (cache miss)
3136 http fetch GET 200 https://registry.npmjs.org/join-path/-/join-path-1.1.1.tgz 824ms (cache miss)
3137 http fetch GET 200 https://registry.npmjs.org/is-url/-/is-url-1.2.4.tgz 824ms (cache miss)
3138 http fetch GET 200 https://registry.npmjs.org/basic-auth-connect/-/basic-auth-connect-1.1.0.tgz 823ms (cache miss)
3139 http fetch GET 200 https://registry.npmjs.org/@pnpm/config.env-replace/-/config.env-replace-1.1.0.tgz 860ms (cache miss)
3140 http fetch GET 200 https://registry.npmjs.org/ret/-/ret-0.1.15.tgz 832ms (cache miss)
3141 http fetch GET 200 https://registry.npmjs.org/safe-stable-stringify/-/safe-stable-stringify-2.5.0.tgz 878ms (cache miss)
3142 http fetch GET 200 https://registry.npmjs.org/discontinuous-range/-/discontinuous-range-1.0.0.tgz 841ms (cache miss)
3143 http fetch GET 200 https://registry.npmjs.org/unicode-emoji-modifier-base/-/unicode-emoji-modifier-base-1.0.0.tgz 844ms (cache miss)
3144 http fetch GET 200 https://registry.npmjs.org/moo/-/moo-0.5.3.tgz 844ms (cache miss)
3145 http fetch GET 200 https://registry.npmjs.org/randexp/-/randexp-0.4.6.tgz 845ms (cache miss)
3146 http fetch GET 200 https://registry.npmjs.org/mimic-fn/-/mimic-fn-2.1.0.tgz 846ms (cache miss)
3147 http fetch GET 200 https://registry.npmjs.org/onetime/-/onetime-5.1.2.tgz 851ms (cache miss)
3148 http fetch GET 200 https://registry.npmjs.org/estraverse/-/estraverse-5.3.0.tgz 856ms (cache miss)
3149 http fetch GET 200 https://registry.npmjs.org/esutils/-/esutils-2.0.3.tgz 857ms (cache miss)
3150 http fetch GET 200 https://registry.npmjs.org/netmask/-/netmask-2.1.1.tgz 856ms (cache miss)
3151 http fetch GET 200 https://registry.npmjs.org/is2/-/is2-2.0.1.tgz 900ms (cache miss)
3152 http fetch GET 200 https://registry.npmjs.org/compression/-/compression-1.8.1.tgz 882ms (cache miss)
3153 http fetch GET 200 https://registry.npmjs.org/socks-proxy-agent/-/socks-proxy-agent-8.0.5.tgz 886ms (cache miss)
3154 http fetch GET 200 https://registry.npmjs.org/pac-proxy-agent/-/pac-proxy-agent-7.2.0.tgz 886ms (cache miss)
3155 http fetch GET 200 https://registry.npmjs.org/xtend/-/xtend-4.0.2.tgz 886ms (cache miss)
3156 http fetch GET 200 https://registry.npmjs.org/split2/-/split2-4.2.0.tgz 888ms (cache miss)
3157 http fetch GET 200 https://registry.npmjs.org/postgres-date/-/postgres-date-1.0.7.tgz 888ms (cache miss)
3158 http fetch GET 200 https://registry.npmjs.org/postgres-interval/-/postgres-interval-1.2.0.tgz 907ms (cache miss)
3159 http fetch GET 200 https://registry.npmjs.org/postgres-bytea/-/postgres-bytea-1.0.1.tgz 917ms (cache miss)
3160 http fetch GET 200 https://registry.npmjs.org/degenerator/-/degenerator-5.0.1.tgz 922ms (cache miss)
3161 http fetch GET 200 https://registry.npmjs.org/proxy-from-env/-/proxy-from-env-1.1.0.tgz 924ms (cache miss)
3162 http fetch GET 200 https://registry.npmjs.org/postgres-array/-/postgres-array-2.0.0.tgz 924ms (cache miss)
3163 http fetch GET 200 https://registry.npmjs.org/pg-int8/-/pg-int8-1.0.1.tgz 928ms (cache miss)
3164 http fetch GET 200 https://registry.npmjs.org/pgpass/-/pgpass-1.0.5.tgz 926ms (cache miss)
3165 http fetch GET 200 https://registry.npmjs.org/pg-connection-string/-/pg-connection-string-2.14.0.tgz 928ms (cache miss)
3166 http fetch GET 200 https://registry.npmjs.org/is-unicode-supported/-/is-unicode-supported-0.1.0.tgz 929ms (cache miss)
3167 http fetch GET 200 https://registry.npmjs.org/pg-cloudflare/-/pg-cloudflare-1.4.0.tgz 929ms (cache miss)
3168 http fetch GET 200 https://registry.npmjs.org/log-symbols/-/log-symbols-4.1.0.tgz 929ms (cache miss)
3169 http fetch GET 200 https://registry.npmjs.org/restore-cursor/-/restore-cursor-3.1.0.tgz 931ms (cache miss)
3170 http fetch GET 200 https://registry.npmjs.org/ieee754/-/ieee754-1.2.1.tgz 931ms (cache miss)
3171 http fetch GET 200 https://registry.npmjs.org/wcwidth/-/wcwidth-1.0.1.tgz 931ms (cache miss)
3172 http fetch GET 200 https://registry.npmjs.org/cli-cursor/-/cli-cursor-3.1.0.tgz 930ms (cache miss)
3173 http fetch GET 200 https://registry.npmjs.org/cli-spinners/-/cli-spinners-2.9.2.tgz 930ms (cache miss)
3174 http fetch GET 200 https://registry.npmjs.org/is-wsl/-/is-wsl-1.1.0.tgz 930ms (cache miss)
3175 http fetch GET 200 https://registry.npmjs.org/is-interactive/-/is-interactive-1.0.0.tgz 930ms (cache miss)
3176 http fetch GET 200 https://registry.npmjs.org/bl/-/bl-4.1.0.tgz 931ms (cache miss)
3177 http fetch GET 200 https://registry.npmjs.org/@pnpm/network.ca-file/-/network.ca-file-1.0.2.tgz 981ms (cache miss)
3178 http fetch GET 200 https://registry.npmjs.org/skin-tone/-/skin-tone-2.0.0.tgz 931ms (cache miss)
3179 http fetch GET 200 https://registry.npmjs.org/connect/-/connect-3.7.0.tgz 949ms (cache miss)
3180 http fetch GET 200 https://registry.npmjs.org/on-headers/-/on-headers-1.1.0.tgz 934ms (cache miss)
3181 http fetch GET 200 https://registry.npmjs.org/any-promise/-/any-promise-1.3.0.tgz 937ms (cache miss)
3182 http fetch GET 200 https://registry.npmjs.org/streamx/-/streamx-2.28.0.tgz 977ms (cache miss)
3183 http fetch GET 200 https://registry.npmjs.org/char-regex/-/char-regex-1.0.2.tgz 940ms (cache miss)
3184 http fetch GET 200 https://registry.npmjs.org/thenify-all/-/thenify-all-1.6.0.tgz 946ms (cache miss)
3185 http fetch GET 200 https://registry.npmjs.org/environment/-/environment-1.1.0.tgz 949ms (cache miss)
3186 http fetch GET 200 https://registry.npmjs.org/parse5-htmlparser2-tree-adapter/-/parse5-htmlparser2-tree-adapter-6.0.1.tgz 951ms (cache miss)
3187 http fetch GET 200 https://registry.npmjs.org/basic-auth/-/basic-auth-2.0.1.tgz 955ms (cache miss)
3188 http fetch GET 200 https://registry.npmjs.org/mz/-/mz-2.7.0.tgz 958ms (cache miss)
3189 http fetch GET 200 https://registry.npmjs.org/pg-pool/-/pg-pool-3.14.0.tgz 993ms (cache miss)
3190 http fetch GET 200 https://registry.npmjs.org/cli-highlight/-/cli-highlight-2.1.11.tgz 1000ms (cache miss)
3191 http fetch GET 200 https://registry.npmjs.org/node-emoji/-/node-emoji-2.2.0.tgz 1001ms (cache miss)
3192 http fetch GET 200 https://registry.npmjs.org/ansi-escapes/-/ansi-escapes-7.3.0.tgz 1001ms (cache miss)
3193 http fetch GET 200 https://registry.npmjs.org/nopt/-/nopt-9.0.0.tgz 1048ms (cache miss)
3194 http fetch GET 200 https://registry.npmjs.org/install-artifact-from-github/-/install-artifact-from-github-1.7.0.tgz 1048ms (cache miss)
3195 http fetch GET 200 https://registry.npmjs.org/is-extglob/-/is-extglob-2.1.1.tgz 1012ms (cache miss)
3196 http fetch GET 200 https://registry.npmjs.org/binary-extensions/-/binary-extensions-2.3.0.tgz 1025ms (cache miss)
3197 http fetch GET 200 https://registry.npmjs.org/url-template/-/url-template-2.0.8.tgz 1032ms (cache miss)
3198 http fetch GET 200 https://registry.npmjs.org/universalify/-/universalify-2.0.1.tgz 1032ms (cache miss)
3199 http fetch GET 200 https://registry.npmjs.org/to-regex-range/-/to-regex-range-5.0.1.tgz 1066ms (cache miss)
3200 http fetch GET 200 https://registry.npmjs.org/supports-hyperlinks/-/supports-hyperlinks-3.2.0.tgz 1071ms (cache miss)
3201 http fetch GET 200 https://registry.npmjs.org/@types/json-schema/-/json-schema-7.0.15.tgz 1067ms (cache miss)
3202 http fetch GET 200 https://registry.npmjs.org/buffer/-/buffer-5.7.1.tgz 1083ms (cache miss)
3203 http fetch GET 200 https://registry.npmjs.org/call-me-maybe/-/call-me-maybe-1.0.2.tgz 1085ms (cache miss)
3204 http fetch GET 200 https://registry.npmjs.org/openapi3-ts/-/openapi3-ts-3.2.0.tgz 1099ms (cache miss)
3205 http fetch GET 200 https://registry.npmjs.org/railroad-diagrams/-/railroad-diagrams-1.0.0.tgz 1139ms (cache miss)
3206 http fetch GET 200 https://registry.npmjs.org/jsonfile/-/jsonfile-6.2.1.tgz 1116ms (cache miss)
3207 http fetch GET 200 https://registry.npmjs.org/is-obj/-/is-obj-2.0.0.tgz 1116ms (cache miss)
3208 http fetch GET 200 https://registry.npmjs.org/deep-freeze/-/deep-freeze-0.0.1.tgz 1117ms (cache miss)
3209 http fetch GET 200 https://registry.npmjs.org/fecha/-/fecha-4.2.3.tgz 1188ms (cache miss)
3210 http fetch GET 200 https://registry.npmjs.org/write-file-atomic/-/write-file-atomic-3.0.3.tgz 1120ms (cache miss)
3211 http fetch GET 200 https://registry.npmjs.org/unique-string/-/unique-string-2.0.0.tgz 1120ms (cache miss)
3212 http fetch GET 200 https://registry.npmjs.org/events-listener/-/events-listener-1.1.0.tgz 1121ms (cache miss)
3213 http fetch GET 200 https://registry.npmjs.org/xdg-basedir/-/xdg-basedir-4.0.0.tgz 1128ms (cache miss)
3214 http fetch GET 200 https://registry.npmjs.org/dot-prop/-/dot-prop-5.3.0.tgz 1134ms (cache miss)
3215 http fetch GET 200 https://registry.npmjs.org/json-parse-helpfulerror/-/json-parse-helpfulerror-1.0.3.tgz 1143ms (cache miss)
3216 http fetch GET 200 https://registry.npmjs.org/fill-range/-/fill-range-7.1.1.tgz 1143ms (cache miss)
3217 http fetch GET 200 https://registry.npmjs.org/readdirp/-/readdirp-3.6.0.tgz 1143ms (cache miss)
3218 http fetch GET 200 https://registry.npmjs.org/is-binary-path/-/is-binary-path-2.1.0.tgz 1148ms (cache miss)
3219 http fetch GET 200 https://registry.npmjs.org/anymatch/-/anymatch-3.1.3.tgz 1147ms (cache miss)
3220 http fetch GET 200 https://registry.npmjs.org/lazystream/-/lazystream-1.0.1.tgz 1155ms (cache miss)
3221 http fetch GET 200 https://registry.npmjs.org/is-glob/-/is-glob-4.0.3.tgz 1156ms (cache miss)
3222 http fetch GET 200 https://registry.npmjs.org/@sindresorhus/is/-/is-4.6.0.tgz 1172ms (cache miss)
3223 http fetch GET 200 https://registry.npmjs.org/esprima/-/esprima-4.0.1.tgz 1188ms (cache miss)
3224 http fetch GET 200 https://registry.npmjs.org/make-dir/-/make-dir-3.1.0.tgz 1162ms (cache miss)
3225 http fetch GET 200 https://registry.npmjs.org/normalize-path/-/normalize-path-3.0.0.tgz 1159ms (cache miss)
3226 http fetch GET 200 https://registry.npmjs.org/zip-stream/-/zip-stream-6.0.1.tgz 1160ms (cache miss)
3227 http fetch GET 200 https://registry.npmjs.org/buffer-crc32/-/buffer-crc32-1.0.0.tgz 1159ms (cache miss)
3228 http fetch GET 200 https://registry.npmjs.org/tar-stream/-/tar-stream-3.2.0.tgz 1160ms (cache miss)
3229 http fetch GET 200 https://registry.npmjs.org/graceful-fs/-/graceful-fs-4.2.11.tgz 1161ms (cache miss)
3230 http fetch GET 200 https://registry.npmjs.org/require-from-string/-/require-from-string-2.0.2.tgz 1164ms (cache miss)
3231 http fetch GET 200 https://registry.npmjs.org/archiver-utils/-/archiver-utils-5.0.2.tgz 1165ms (cache miss)
3232 http fetch GET 200 https://registry.npmjs.org/readdir-glob/-/readdir-glob-1.1.3.tgz 1167ms (cache miss)
3233 http fetch GET 200 https://registry.npmjs.org/escodegen/-/escodegen-2.1.0.tgz 1199ms (cache miss)
3234 http fetch GET 200 https://registry.npmjs.org/glob-parent/-/glob-parent-5.1.2.tgz 1173ms (cache miss)
3235 http fetch GET 200 https://registry.npmjs.org/pkce-challenge/-/pkce-challenge-5.0.1.tgz 1174ms (cache miss)
3236 http fetch GET 200 https://registry.npmjs.org/json-schema-traverse/-/json-schema-traverse-1.0.0.tgz 1174ms (cache miss)
3237 http fetch GET 200 https://registry.npmjs.org/@inquirer/external-editor/-/external-editor-1.0.3.tgz 1177ms (cache miss)
3238 http fetch GET 200 https://registry.npmjs.org/mute-stream/-/mute-stream-2.0.0.tgz 1180ms (cache miss)
3239 http fetch GET 200 https://registry.npmjs.org/yoctocolors-cjs/-/yoctocolors-cjs-2.1.3.tgz 1181ms (cache miss)
3240 http fetch GET 200 https://registry.npmjs.org/cli-width/-/cli-width-4.1.0.tgz 1181ms (cache miss)
3241 http fetch GET 200 https://registry.npmjs.org/argparse/-/argparse-2.0.1.tgz 1203ms (cache miss)
3242 http fetch GET 200 https://registry.npmjs.org/@inquirer/figures/-/figures-1.0.15.tgz 1184ms (cache miss)
3243 http fetch GET 200 https://registry.npmjs.org/@inquirer/password/-/password-4.0.23.tgz 1190ms (cache miss)
3244 http fetch GET 200 https://registry.npmjs.org/@inquirer/rawlist/-/rawlist-4.1.11.tgz 1193ms (cache miss)
3245 http fetch GET 200 https://registry.npmjs.org/emojilib/-/emojilib-2.4.0.tgz 1222ms (cache miss)
3246 http fetch GET 200 https://registry.npmjs.org/@inquirer/editor/-/editor-4.2.23.tgz 1195ms (cache miss)
3247 http fetch GET 200 https://registry.npmjs.org/p-defer/-/p-defer-3.0.0.tgz 1201ms (cache miss)
3248 http fetch GET 200 https://registry.npmjs.org/lodash.snakecase/-/lodash.snakecase-4.1.1.tgz 1208ms (cache miss)
3249 http fetch GET 200 https://registry.npmjs.org/is-stream-ended/-/is-stream-ended-0.1.4.tgz 1208ms (cache miss)
3250 http fetch GET 200 https://registry.npmjs.org/@pnpm/npm-conf/-/npm-conf-3.0.3.tgz 1314ms (cache miss)
3251 http fetch GET 200 https://registry.npmjs.org/pg-types/-/pg-types-2.2.0.tgz 1274ms (cache miss)
3252 http fetch GET 200 https://registry.npmjs.org/smart-buffer/-/smart-buffer-4.2.0.tgz 1296ms (cache miss)
3253 http fetch GET 200 https://registry.npmjs.org/promise-breaker/-/promise-breaker-6.0.0.tgz 1275ms (cache miss)
3254 http fetch GET 200 https://registry.npmjs.org/picomatch/-/picomatch-2.3.2.tgz 1288ms (cache miss)
3255 http fetch GET 200 https://registry.npmjs.org/braces/-/braces-3.0.3.tgz 1299ms (cache miss)
3256 http fetch GET 200 https://registry.npmjs.org/json-schema-typed/-/json-schema-typed-8.0.2.tgz 1294ms (cache miss)
3257 http fetch GET 200 https://registry.npmjs.org/express-rate-limit/-/express-rate-limit-8.6.1.tgz 1309ms (cache miss)
3258 http fetch GET 200 https://registry.npmjs.org/jju/-/jju-1.4.0.tgz 1326ms (cache miss)
3259 http fetch GET 200 https://registry.npmjs.org/@inquirer/select/-/select-4.4.2.tgz 1314ms (cache miss)
3260 http fetch GET 200 https://registry.npmjs.org/chalk/-/chalk-5.6.2.tgz 1354ms (cache miss)
3261 http fetch GET 200 https://registry.npmjs.org/p-throttle/-/p-throttle-8.1.0.tgz 1333ms (cache miss)
3262 http fetch GET 200 https://registry.npmjs.org/heap-js/-/heap-js-2.7.1.tgz 1337ms (cache miss)
3263 http fetch GET 200 https://registry.npmjs.org/@inquirer/checkbox/-/checkbox-4.3.2.tgz 1350ms (cache miss)
3264 http fetch GET 200 https://registry.npmjs.org/minimist/-/minimist-1.2.8.tgz 1438ms (cache miss)
3265 http fetch GET 200 https://registry.npmjs.org/nearley/-/nearley-2.20.1.tgz 1424ms (cache miss)
3266 http fetch GET 200 https://registry.npmjs.org/eventsource/-/eventsource-3.0.7.tgz 1409ms (cache miss)
3267 http fetch GET 200 https://registry.npmjs.org/@inquirer/expand/-/expand-4.0.23.tgz 1416ms (cache miss)
3268 http fetch GET 200 https://registry.npmjs.org/@inquirer/search/-/search-3.2.2.tgz 1422ms (cache miss)
3269 http fetch GET 200 https://registry.npmjs.org/winston-transport/-/winston-transport-4.9.0.tgz 1418ms (cache miss)
3270 http fetch GET 200 https://registry.npmjs.org/@inquirer/input/-/input-4.3.1.tgz 1426ms (cache miss)
3271 http fetch GET 200 https://registry.npmjs.org/@inquirer/number/-/number-3.0.23.tgz 1433ms (cache miss)
3272 http fetch GET 200 https://registry.npmjs.org/triple-beam/-/triple-beam-1.4.1.tgz 1437ms (cache miss)
3273 http fetch GET 200 https://registry.npmjs.org/tmp/-/tmp-0.2.7.tgz 1464ms (cache miss)
3274 http fetch GET 200 https://registry.npmjs.org/tcp-port-used/-/tcp-port-used-1.0.3.tgz 1465ms (cache miss)
3275 http fetch GET 200 https://registry.npmjs.org/stream-chain/-/stream-chain-2.2.5.tgz 1496ms (cache miss)
3276 http fetch GET 200 https://registry.npmjs.org/proxy-agent/-/proxy-agent-6.5.0.tgz 1517ms (cache miss)
3277 http fetch GET 200 https://registry.npmjs.org/progress/-/progress-2.0.3.tgz 1520ms (cache miss)
3278 http fetch GET 200 https://registry.npmjs.org/portfinder/-/portfinder-1.0.38.tgz 1525ms (cache miss)
3279 http fetch GET 200 https://registry.npmjs.org/libsodium/-/libsodium-0.7.16.tgz 1583ms (cache miss)
3280 http fetch GET 200 https://registry.npmjs.org/ora/-/ora-5.4.1.tgz 1550ms (cache miss)
3281 http fetch GET 200 https://registry.npmjs.org/morgan/-/morgan-1.11.0.tgz 1554ms (cache miss)
3282 http fetch GET 200 https://registry.npmjs.org/update-notifier-cjs/-/update-notifier-cjs-5.1.7.tgz 1565ms (cache miss)
3283 http fetch GET 200 https://registry.npmjs.org/lsofi/-/lsofi-2.0.0.tgz 1565ms (cache miss)
3284 http fetch GET 200 https://registry.npmjs.org/open/-/open-6.4.0.tgz 1584ms (cache miss)
3285 http fetch GET 200 https://registry.npmjs.org/minizlib/-/minizlib-3.1.0.tgz 1662ms (cache miss)
3286 http fetch GET 200 https://registry.npmjs.org/events/-/events-3.3.0.tgz 1690ms (cache miss)
3287 http fetch GET 200 https://registry.npmjs.org/fuzzy/-/fuzzy-0.1.3.tgz 1589ms (cache miss)
3288 http fetch GET 200 https://registry.npmjs.org/@colors/colors/-/colors-1.5.0.tgz 1630ms (cache miss)
3289 http fetch GET 200 https://registry.npmjs.org/eventsource-parser/-/eventsource-parser-3.1.0.tgz 1638ms (cache miss)
3290 http fetch GET 200 https://registry.npmjs.org/exegesis-express/-/exegesis-express-4.0.0.tgz 1619ms (cache miss)
3291 http fetch GET 200 https://registry.npmjs.org/ignore/-/ignore-7.0.6.tgz 1622ms (cache miss)
3292 http fetch GET 200 https://registry.npmjs.org/source-map/-/source-map-0.6.1.tgz 1687ms (cache miss)
3293 http fetch GET 200 https://registry.npmjs.org/colorette/-/colorette-2.0.20.tgz 1641ms (cache miss)
3294 http fetch GET 200 https://registry.npmjs.org/@inquirer/confirm/-/confirm-5.1.21.tgz 1681ms (cache miss)
3295 http fetch GET 200 https://registry.npmjs.org/cross-env/-/cross-env-7.0.3.tgz 1670ms (cache miss)
3296 http fetch GET 200 https://registry.npmjs.org/libsodium-wrappers/-/libsodium-wrappers-0.7.16.tgz 1677ms (cache miss)
3297 http fetch GET 200 https://registry.npmjs.org/bare-path/-/bare-path-3.1.1.tgz 1760ms (cache miss)
3298 http fetch GET 200 https://registry.npmjs.org/configstore/-/configstore-5.0.1.tgz 1676ms (cache miss)
3299 http fetch GET 200 https://registry.npmjs.org/cjson/-/cjson-0.3.3.tgz 1696ms (cache miss)
3300 http fetch GET 200 https://registry.npmjs.org/@inquirer/prompts/-/prompts-7.10.1.tgz 1714ms (cache miss)
3301 http fetch GET 200 https://registry.npmjs.org/@inquirer/ansi/-/ansi-1.0.2.tgz 1743ms (cache miss)
3302 http fetch GET 200 https://registry.npmjs.org/get-uri/-/get-uri-6.0.5.tgz 1779ms (cache miss)
3303 http fetch GET 200 https://registry.npmjs.org/@google-cloud/precise-date/-/precise-date-5.2.0.tgz 1744ms (cache miss)
3304 http fetch GET 200 https://registry.npmjs.org/commander/-/commander-5.1.0.tgz 1733ms (cache miss)
3305 http fetch GET 200 https://registry.npmjs.org/basic-ftp/-/basic-ftp-5.3.1.tgz 1791ms (cache miss)
3306 http fetch GET 200 https://registry.npmjs.org/async-lock/-/async-lock-1.4.1.tgz 1741ms (cache miss)
3307 http fetch GET 200 https://registry.npmjs.org/color-convert/-/color-convert-3.1.3.tgz 1756ms (cache miss)
3308 http fetch GET 200 https://registry.npmjs.org/chokidar/-/chokidar-3.6.0.tgz 1781ms (cache miss)
3309 http fetch GET 200 https://registry.npmjs.org/cli-table3/-/cli-table3-0.6.5.tgz 1797ms (cache miss)
3310 http fetch GET 200 https://registry.npmjs.org/buffer/-/buffer-6.0.3.tgz 1796ms (cache miss)
3311 http fetch GET 200 https://registry.npmjs.org/ws/-/ws-8.21.1.tgz 1828ms (cache miss)
3312 http fetch GET 200 https://registry.npmjs.org/@inquirer/type/-/type-3.0.10.tgz 1839ms (cache miss)
3313 http fetch GET 200 https://registry.npmjs.org/archiver/-/archiver-7.0.1.tgz 1820ms (cache miss)
3314 http fetch GET 200 https://registry.npmjs.org/@colors/colors/-/colors-1.6.0.tgz 1822ms (cache miss)
3315 http fetch GET 200 https://registry.npmjs.org/type-fest/-/type-fest-0.20.2.tgz 1950ms (cache miss)
3316 http fetch GET 200 https://registry.npmjs.org/color-name/-/color-name-2.1.1.tgz 1847ms (cache miss)
3317 http fetch GET 200 https://registry.npmjs.org/logform/-/logform-2.7.0.tgz 2026ms (cache miss)
3318 http fetch GET 200 https://registry.npmjs.org/googleapis-common/-/googleapis-common-8.0.3.tgz 1962ms (cache miss)
3319 http fetch GET 200 https://registry.npmjs.org/ip-address/-/ip-address-10.4.0.tgz 1985ms (cache miss)
3320 http fetch GET 200 https://registry.npmjs.org/socks/-/socks-2.8.9.tgz 2015ms (cache miss)
3321 http fetch GET 200 https://registry.npmjs.org/json-ptr/-/json-ptr-3.1.1.tgz 1992ms (cache miss)
3322 http fetch GET 200 https://registry.npmjs.org/ini/-/ini-1.3.8.tgz 1954ms (cache miss)
3323 http fetch GET 200 https://registry.npmjs.org/parse5/-/parse5-5.1.1.tgz 2010ms (cache miss)
3324 warn deprecated json-ptr@3.1.1: Package no longer supported. Contact Support at https://www.npmjs.com/support for more info.
3325 http fetch GET 200 https://registry.npmjs.org/fast-uri/-/fast-uri-3.1.5.tgz 1994ms (cache miss)
3326 http fetch GET 200 https://registry.npmjs.org/bare-fs/-/bare-fs-4.7.4.tgz 2058ms (cache miss)
3327 http fetch GET 200 https://registry.npmjs.org/ini/-/ini-1.3.8.tgz 1969ms (cache miss)
3328 http fetch GET 200 https://registry.npmjs.org/color-name/-/color-name-2.1.1.tgz 1973ms (cache miss)
3329 http fetch GET 200 https://registry.npmjs.org/graceful-fs/-/graceful-fs-4.2.10.tgz 1971ms (cache miss)
3330 http fetch GET 200 https://registry.npmjs.org/chalk/-/chalk-4.1.2.tgz 1971ms (cache miss)
3331 http fetch GET 200 https://registry.npmjs.org/on-finished/-/on-finished-2.3.0.tgz 1970ms (cache miss)
3332 http fetch GET 200 https://registry.npmjs.org/which/-/which-6.0.1.tgz 1971ms (cache miss)
3333 http fetch GET 200 https://registry.npmjs.org/statuses/-/statuses-1.5.0.tgz 1971ms (cache miss)
3334 http fetch GET 200 https://registry.npmjs.org/encodeurl/-/encodeurl-1.0.2.tgz 1972ms (cache miss)
3335 http fetch GET 200 https://registry.npmjs.org/finalhandler/-/finalhandler-1.1.2.tgz 1974ms (cache miss)
3336 http fetch GET 200 https://registry.npmjs.org/@hono/node-server/-/node-server-2.0.12.tgz 2014ms (cache miss)
3337 http fetch GET 200 https://registry.npmjs.org/negotiator/-/negotiator-0.6.4.tgz 1980ms (cache miss)
3338 http fetch GET 200 https://registry.npmjs.org/universal-analytics/-/universal-analytics-0.5.4.tgz 2009ms (cache miss)
3339 http fetch GET 200 https://registry.npmjs.org/data-uri-to-buffer/-/data-uri-to-buffer-6.0.2.tgz 1985ms (cache miss)
3340 http fetch GET 200 https://registry.npmjs.org/signal-exit/-/signal-exit-3.0.7.tgz 1987ms (cache miss)
3341 http fetch GET 200 https://registry.npmjs.org/stream-json/-/stream-json-1.9.1.tgz 2012ms (cache miss)
3342 http fetch GET 200 https://registry.npmjs.org/ajv-formats/-/ajv-formats-3.0.1.tgz 2008ms (cache miss)
3343 http fetch GET 200 https://registry.npmjs.org/pg/-/pg-8.22.0.tgz 2019ms (cache miss)
3344 http fetch GET 200 https://registry.npmjs.org/@apidevtools/json-schema-ref-parser/-/json-schema-ref-parser-9.1.2.tgz 2054ms (cache miss)
3345 http fetch GET 200 https://registry.npmjs.org/commander/-/commander-2.20.3.tgz 2015ms (cache miss)
3346 http fetch GET 200 https://registry.npmjs.org/cliui/-/cliui-7.0.4.tgz 2013ms (cache miss)
3347 http fetch GET 200 https://registry.npmjs.org/semver/-/semver-6.3.1.tgz 2022ms (cache miss)
3348 http fetch GET 200 https://registry.npmjs.org/safe-buffer/-/safe-buffer-5.1.2.tgz 2018ms (cache miss)
3349 http fetch GET 200 https://registry.npmjs.org/bare-url/-/bare-url-2.4.6.tgz 2132ms (cache miss)
3350 http fetch GET 200 https://registry.npmjs.org/signal-exit/-/signal-exit-3.0.7.tgz 2039ms (cache miss)
3351 http fetch GET 200 https://registry.npmjs.org/fdir/-/fdir-6.5.0.tgz 2049ms (cache miss)
3352 http fetch GET 200 https://registry.npmjs.org/nan/-/nan-2.28.0.tgz 2140ms (cache miss)
3353 http fetch GET 200 https://registry.npmjs.org/safe-buffer/-/safe-buffer-5.1.2.tgz 2061ms (cache miss)
3354 http fetch GET 200 https://registry.npmjs.org/chalk/-/chalk-4.1.2.tgz 2070ms (cache miss)
3355 http fetch GET 200 https://registry.npmjs.org/string_decoder/-/string_decoder-1.1.1.tgz 2078ms (cache miss)
3356 http fetch GET 200 https://registry.npmjs.org/chalk/-/chalk-4.1.2.tgz 2088ms (cache miss)
3357 http fetch GET 200 https://registry.npmjs.org/pg-protocol/-/pg-protocol-1.15.0.tgz 2157ms (cache miss)
3358 http fetch GET 200 https://registry.npmjs.org/minimatch/-/minimatch-5.1.9.tgz 2092ms (cache miss)
3359 http fetch GET 200 https://registry.npmjs.org/wrap-ansi/-/wrap-ansi-6.2.0.tgz 2096ms (cache miss)
3360 http fetch GET 200 https://registry.npmjs.org/semver/-/semver-6.3.1.tgz 2107ms (cache miss)
3361 http fetch GET 200 https://registry.npmjs.org/marked-terminal/-/marked-terminal-7.3.0.tgz 2138ms (cache miss)
3362 http fetch GET 200 https://registry.npmjs.org/buffer/-/buffer-6.0.3.tgz 2120ms (cache miss)
3363 http fetch GET 200 https://registry.npmjs.org/marked/-/marked-13.0.3.tgz 2151ms (cache miss)
3364 http fetch GET 200 https://registry.npmjs.org/ms/-/ms-2.1.2.tgz 2130ms (cache miss)
3365 http fetch GET 200 https://registry.npmjs.org/buffer/-/buffer-6.0.3.tgz 2153ms (cache miss)
3366 http fetch GET 200 https://registry.npmjs.org/debug/-/debug-4.3.1.tgz 2149ms (cache miss)
3367 http fetch GET 200 https://registry.npmjs.org/buffer/-/buffer-6.0.3.tgz 2155ms (cache miss)
3368 http fetch GET 200 https://registry.npmjs.org/path-to-regexp/-/path-to-regexp-1.9.0.tgz 2171ms (cache miss)
3369 http fetch GET 200 https://registry.npmjs.org/chalk/-/chalk-4.1.2.tgz 2198ms (cache miss)
3370 http fetch GET 200 https://registry.npmjs.org/isarray/-/isarray-0.0.1.tgz 2212ms (cache miss)
3371 http fetch GET 200 https://registry.npmjs.org/lru-cache/-/lru-cache-7.18.3.tgz 2213ms (cache miss)
3372 http fetch GET 200 https://registry.npmjs.org/brace-expansion/-/brace-expansion-1.1.18.tgz 2225ms (cache miss)
3373 http fetch GET 200 https://registry.npmjs.org/yargs-parser/-/yargs-parser-20.2.9.tgz 2239ms (cache miss)
3374 http fetch GET 200 https://registry.npmjs.org/buffer/-/buffer-6.0.3.tgz 2244ms (cache miss)
3375 http fetch GET 200 https://registry.npmjs.org/minimatch/-/minimatch-3.1.5.tgz 2247ms (cache miss)
3376 http fetch GET 200 https://registry.npmjs.org/chalk/-/chalk-4.1.2.tgz 2255ms (cache miss)
3377 http fetch GET 200 https://registry.npmjs.org/chardet/-/chardet-2.2.0.tgz 2307ms (cache miss)
3378 http fetch GET 200 https://registry.npmjs.org/@apphosting/common/-/common-0.0.8.tgz 2332ms (cache miss)
3379 http fetch GET 200 https://registry.npmjs.org/form-data/-/form-data-4.0.6.tgz 2334ms (cache miss)
3380 http fetch GET 200 https://registry.npmjs.org/mime/-/mime-2.6.0.tgz 2342ms (cache miss)
3381 http fetch GET 200 https://registry.npmjs.org/ast-types/-/ast-types-0.13.4.tgz 2436ms (cache miss)
3382 http fetch GET 200 https://registry.npmjs.org/commander/-/commander-10.0.1.tgz 2358ms (cache miss)
3383 http fetch GET 200 https://registry.npmjs.org/fs-extra/-/fs-extra-10.1.0.tgz 2400ms (cache miss)
3384 http fetch GET 200 https://registry.npmjs.org/ajv-formats/-/ajv-formats-2.1.1.tgz 2385ms (cache miss)
3385 http fetch GET 200 https://registry.npmjs.org/pac-resolver/-/pac-resolver-7.0.1.tgz 2486ms (cache miss)
3386 http fetch GET 200 https://registry.npmjs.org/readable-stream/-/readable-stream-2.3.8.tgz 2425ms (cache miss)
3387 http fetch GET 200 https://registry.npmjs.org/@opentelemetry%2fcore 2286ms (cache miss)
3388 silly packumentCache corgi:https://registry.npmjs.org/@opentelemetry%2fcore set size:undefined disposed:false
3389 http fetch GET 200 https://registry.npmjs.org/@colors/colors/-/colors-1.6.0.tgz 2457ms (cache miss)
3390 http fetch GET 200 https://registry.npmjs.org/@google-cloud/promisify/-/promisify-5.1.0.tgz 2459ms (cache miss)
3391 http fetch GET 200 https://registry.npmjs.org/@google-cloud/paginator/-/paginator-6.1.0.tgz 2532ms (cache miss)
3392 http fetch GET 200 https://registry.npmjs.org/js-yaml/-/js-yaml-4.3.1.tgz 2578ms (cache miss)
3393 http fetch GET 200 https://registry.npmjs.org/winston/-/winston-3.19.0.tgz 2606ms (cache miss)
3394 http fetch GET 200 https://registry.npmjs.org/pg-gateway/-/pg-gateway-0.3.0-beta.4.tgz 2617ms (cache miss)
3395 http fetch GET 200 https://registry.npmjs.org/csv-parse/-/csv-parse-5.6.0.tgz 2616ms (cache miss)
3396 http fetch GET 200 https://registry.npmjs.org/@google-cloud/projectify/-/projectify-5.2.0.tgz 2591ms (cache miss)
3397 http fetch GET 200 https://registry.npmjs.org/@googleapis/sqladmin/-/sqladmin-37.0.0.tgz 2635ms (cache miss)
3398 http fetch GET 200 https://registry.npmjs.org/parse5/-/parse5-6.0.1.tgz 2611ms (cache miss)
3399 http fetch GET 200 https://registry.npmjs.org/@jsdevtools/ono/-/ono-7.1.3.tgz 2711ms (cache miss)
3400 http fetch GET 200 https://registry.npmjs.org/readable-stream/-/readable-stream-4.7.0.tgz 2668ms (cache miss)
3401 http fetch GET 200 https://registry.npmjs.org/readable-stream/-/readable-stream-4.7.0.tgz 2670ms (cache miss)
3402 http fetch GET 200 https://registry.npmjs.org/re2 2497ms (cache miss)
3403 silly packumentCache corgi:https://registry.npmjs.org/re2 set size:undefined disposed:false
3404 http fetch GET 200 https://registry.npmjs.org/superstatic/-/superstatic-10.0.0.tgz 2717ms (cache miss)
3405 silly packumentCache corgi:https://registry.npmjs.org/next cache-miss
3406 http fetch GET 200 https://registry.npmjs.org/isexe/-/isexe-4.0.0.tgz 2745ms (cache miss)
3407 http fetch GET 200 https://registry.npmjs.org/@electric-sql/pglite-tools/-/pglite-tools-0.2.21.tgz 2754ms (cache miss)
3408 http cache https://registry.npmjs.org/next 96ms (cache hit)
3409 silly packumentCache corgi:https://registry.npmjs.org/next set size:25415748 disposed:false
3410 http fetch GET 200 https://registry.npmjs.org/@tootallnate/quickjs-emscripten/-/quickjs-emscripten-0.23.0.tgz 3062ms (cache miss)
3411 silly packumentCache corgi:https://registry.npmjs.org/gaxios cache-miss
3412 silly packumentCache corgi:https://registry.npmjs.org/teeny-request cache-miss
3413 http fetch GET 200 https://registry.npmjs.org/readable-stream/-/readable-stream-4.7.0.tgz 3048ms (cache miss)
3414 http fetch GET 200 https://registry.npmjs.org/readable-stream/-/readable-stream-4.7.0.tgz 3075ms (cache miss)
3415 http cache https://registry.npmjs.org/gaxios 43ms (cache hit)
3416 silly packumentCache corgi:https://registry.npmjs.org/gaxios set size:202687 disposed:false
3417 http cache https://registry.npmjs.org/teeny-request 44ms (cache hit)
3418 silly packumentCache corgi:https://registry.npmjs.org/teeny-request set size:101034 disposed:false
3419 silly packumentCache corgi:https://registry.npmjs.org/@vitest%2fmocker cache-miss
3420 silly packumentCache corgi:https://registry.npmjs.org/vite-node cache-miss
3421 http fetch GET 200 https://registry.npmjs.org/readable-stream/-/readable-stream-4.7.0.tgz 3116ms (cache miss)
3422 http cache https://registry.npmjs.org/@vitest%2fmocker 32ms (cache hit)
3423 silly packumentCache corgi:https://registry.npmjs.org/@vitest%2fmocker set size:123096 disposed:false
3424 http cache https://registry.npmjs.org/vite-node 35ms (cache hit)
3425 silly packumentCache corgi:https://registry.npmjs.org/vite-node set size:453359 disposed:false
3426 silly packumentCache corgi:https://registry.npmjs.org/@google-cloud%2fpubsub cache-miss
3427 http fetch GET 200 https://registry.npmjs.org/minimatch/-/minimatch-6.2.3.tgz 3159ms (cache miss)
3428 http fetch GET 200 https://registry.npmjs.org/yargs/-/yargs-16.2.2.tgz 3214ms (cache miss)
3429 http fetch GET 200 https://registry.npmjs.org/async/-/async-3.2.6.tgz 3323ms (cache miss)
3430 http fetch GET 200 https://registry.npmjs.org/@inquirer/core/-/core-10.3.2.tgz 3453ms (cache miss)
3431 http fetch GET 200 https://registry.npmjs.org/@firebase/rules-unit-testing/-/rules-unit-testing-5.0.1.tgz 3615ms (cache miss)
3432 http fetch GET 200 https://registry.npmjs.org/node-gyp/-/node-gyp-12.4.0.tgz 3720ms (cache miss)
3433 http fetch GET 200 https://registry.npmjs.org/gaxios/-/gaxios-7.1.3.tgz 3648ms (cache miss)
3434 http fetch GET 200 https://registry.npmjs.org/zod-to-json-schema/-/zod-to-json-schema-3.25.2.tgz 3818ms (cache miss)
3435 http fetch GET 200 https://registry.npmjs.org/@google-cloud/cloud-sql-connector/-/cloud-sql-connector-1.11.3.tgz 3889ms (cache miss)
3436 http fetch GET 200 https://registry.npmjs.org/exegesis/-/exegesis-4.3.0.tgz 3960ms (cache miss)
3437 http fetch GET 200 https://registry.npmjs.org/@google-cloud%2fpubsub 896ms (cache miss)
3438 silly packumentCache corgi:https://registry.npmjs.org/@google-cloud%2fpubsub set size:undefined disposed:false
3439 silly packumentCache corgi:https://registry.npmjs.org/superstatic cache-miss
3440 http fetch GET 200 https://registry.npmjs.org/@google-cloud/pubsub/-/pubsub-5.3.1.tgz 4099ms (cache miss)
3441 http fetch GET 200 https://registry.npmjs.org/undici/-/undici-6.28.0.tgz 4131ms (cache miss)
3442 http fetch GET 200 https://registry.npmjs.org/@opentelemetry/semantic-conventions/-/semantic-conventions-1.28.0.tgz 4150ms (cache miss)
3443 http fetch GET 200 https://registry.npmjs.org/uuid/-/uuid-11.1.1.tgz 4193ms (cache miss)
3444 http fetch GET 200 https://registry.npmjs.org/@opentelemetry/semantic-conventions/-/semantic-conventions-1.39.0.tgz 4359ms (cache miss)
3445 http fetch GET 200 https://registry.npmjs.org/superstatic 284ms (cache miss)
3446 silly packumentCache corgi:https://registry.npmjs.org/superstatic set size:undefined disposed:false
3447 silly packumentCache corgi:https://registry.npmjs.org/@google-cloud%2fstorage cache-miss
3448 silly packumentCache corgi:https://registry.npmjs.org/gcp-metadata cache-miss
3449 silly packumentCache corgi:https://registry.npmjs.org/google-auth-library cache-miss
3450 silly packumentCache corgi:https://registry.npmjs.org/gtoken cache-miss
3451 silly packumentCache corgi:https://registry.npmjs.org/firebase-tools cache-miss
3452 http cache https://registry.npmjs.org/gtoken 16ms (cache hit)
3453 silly packumentCache corgi:https://registry.npmjs.org/gtoken set size:74319 disposed:false
3454 http cache https://registry.npmjs.org/gcp-metadata 19ms (cache hit)
3455 silly packumentCache corgi:https://registry.npmjs.org/gcp-metadata set size:90637 disposed:false
3456 http cache https://registry.npmjs.org/@google-cloud%2fstorage 21ms (cache hit)
3457 silly packumentCache corgi:https://registry.npmjs.org/@google-cloud%2fstorage set size:479910 disposed:false
3458 http cache https://registry.npmjs.org/google-auth-library 25ms (cache hit)
3459 silly packumentCache corgi:https://registry.npmjs.org/google-auth-library set size:373596 disposed:false
3460 http fetch GET 200 https://registry.npmjs.org/yaml/-/yaml-2.9.0.tgz 4567ms (cache miss)
3461 http fetch GET 200 https://registry.npmjs.org/firebase-tools 116ms (cache miss)
3462 silly packumentCache corgi:https://registry.npmjs.org/firebase-tools set size:undefined disposed:false
3463 silly packumentCache corgi:https://registry.npmjs.org/retry-request cache-miss
3464 http cache https://registry.npmjs.org/retry-request 19ms (cache hit)
3465 silly packumentCache corgi:https://registry.npmjs.org/retry-request set size:43443 disposed:false
3466 http fetch GET 200 https://registry.npmjs.org/tar/-/tar-7.5.22.tgz 4635ms (cache miss)
3467 silly packumentCache corgi:https://registry.npmjs.org/firebase-admin cache-miss
3468 http cache https://registry.npmjs.org/firebase-admin 13ms (cache hit)
3469 silly packumentCache corgi:https://registry.npmjs.org/firebase-admin set size:349635 disposed:false
3470 silly packumentCache corgi:https://registry.npmjs.org/firebase-functions cache-miss
3471 http cache https://registry.npmjs.org/firebase-functions 18ms (cache hit)
3472 silly packumentCache corgi:https://registry.npmjs.org/firebase-functions set size:318319 disposed:false
3473 http fetch GET 200 https://registry.npmjs.org/highlight.js/-/highlight.js-10.7.3.tgz 5064ms (cache miss)
3474 http fetch GET 200 https://registry.npmjs.org/@electric-sql/pglite/-/pglite-0.2.17.tgz 5340ms (cache miss)
3475 http fetch GET 200 https://registry.npmjs.org/@electric-sql/pglite/-/pglite-0.3.16.tgz 5566ms (cache miss)
3476 http fetch GET 200 https://registry.npmjs.org/ajv/-/ajv-8.20.0.tgz 5665ms (cache miss)
3477 http fetch GET 200 https://registry.npmjs.org/@opentelemetry/core/-/core-1.30.1.tgz 5812ms (cache miss)
3478 http fetch GET 200 https://registry.npmjs.org/lodash/-/lodash-4.18.1.tgz 6014ms (cache miss)
3479 http fetch GET 200 https://registry.npmjs.org/hono/-/hono-4.12.33.tgz 6122ms (cache miss)
3480 http fetch GET 200 https://registry.npmjs.org/sql-formatter/-/sql-formatter-15.8.2.tgz 6188ms (cache miss)
3481 http fetch GET 200 https://registry.npmjs.org/zod/-/zod-4.4.3.tgz 6422ms (cache miss)
3482 http fetch GET 200 https://registry.npmjs.org/@modelcontextprotocol/sdk/-/sdk-1.30.0.tgz 6538ms (cache miss)
3483 http fetch GET 200 https://registry.npmjs.org/firebase-tools/-/firebase-tools-15.25.1.tgz 6822ms (cache miss)
3484 http fetch GET 200 https://registry.npmjs.org/re2/-/re2-1.24.1.tgz 10195ms (cache miss)
3485 info run re2@1.24.1 install node_modules/re2 install-from-cache --artifact build/Release/re2.node --host-var RE2_DOWNLOAD_MIRROR --skip-path-var RE2_DOWNLOAD_SKIP_PATH --skip-ver-var RE2_DOWNLOAD_SKIP_VER || node-gyp -j max rebuild
3486 info run re2@1.24.1 install { code: 1, signal: null }
3487 verbose reify failed optional dependency C:\Users\vedsp\Desktop\MBA dashboard\node_modules\re2
3488 silly reify mark deleted [ 'C:\\Users\\vedsp\\Desktop\\MBA dashboard\\node_modules\\re2' ]
3489 verbose reify failed optional dependency C:\Users\vedsp\Desktop\MBA dashboard\node_modules\nan
3490 silly reify mark deleted [ 'C:\\Users\\vedsp\\Desktop\\MBA dashboard\\node_modules\\nan' ]
3491 verbose reify failed optional dependency C:\Users\vedsp\Desktop\MBA dashboard\node_modules\node-gyp
3492 silly reify mark deleted [
3492 silly reify   'C:\\Users\\vedsp\\Desktop\\MBA dashboard\\node_modules\\node-gyp',
3492 silly reify   'C:\\Users\\vedsp\\Desktop\\MBA dashboard\\node_modules\\.bin\\node-gyp',
3492 silly reify   'C:\\Users\\vedsp\\Desktop\\MBA dashboard\\node_modules\\.bin\\node-gyp.cmd',
3492 silly reify   'C:\\Users\\vedsp\\Desktop\\MBA dashboard\\node_modules\\.bin\\node-gyp.ps1'
3492 silly reify ]
3493 verbose reify failed optional dependency C:\Users\vedsp\Desktop\MBA dashboard\node_modules\install-artifact-from-github
3494 silly reify mark deleted [
3494 silly reify   'C:\\Users\\vedsp\\Desktop\\MBA dashboard\\node_modules\\install-artifact-from-github',
3494 silly reify   'C:\\Users\\vedsp\\Desktop\\MBA dashboard\\node_modules\\.bin\\install-from-cache',
3494 silly reify   'C:\\Users\\vedsp\\Desktop\\MBA dashboard\\node_modules\\.bin\\install-from-cache.cmd',
3494 silly reify   'C:\\Users\\vedsp\\Desktop\\MBA dashboard\\node_modules\\.bin\\install-from-cache.ps1',
3494 silly reify   'C:\\Users\\vedsp\\Desktop\\MBA dashboard\\node_modules\\.bin\\save-to-github-cache',
3494 silly reify   'C:\\Users\\vedsp\\Desktop\\MBA dashboard\\node_modules\\.bin\\save-to-github-cache.cmd',
3494 silly reify   'C:\\Users\\vedsp\\Desktop\\MBA dashboard\\node_modules\\.bin\\save-to-github-cache.ps1',
3494 silly reify   'C:\\Users\\vedsp\\Desktop\\MBA dashboard\\node_modules\\.bin\\hash-github-cache',
3494 silly reify   'C:\\Users\\vedsp\\Desktop\\MBA dashboard\\node_modules\\.bin\\hash-github-cache.cmd',
3494 silly reify   'C:\\Users\\vedsp\\Desktop\\MBA dashboard\\node_modules\\.bin\\hash-github-cache.ps1'
3494 silly reify ]
3495 verbose reify failed optional dependency C:\Users\vedsp\Desktop\MBA dashboard\node_modules\nopt
3496 silly reify mark deleted [
3496 silly reify   'C:\\Users\\vedsp\\Desktop\\MBA dashboard\\node_modules\\nopt',
3496 silly reify   'C:\\Users\\vedsp\\Desktop\\MBA dashboard\\node_modules\\.bin\\nopt',
3496 silly reify   'C:\\Users\\vedsp\\Desktop\\MBA dashboard\\node_modules\\.bin\\nopt.cmd',
3496 silly reify   'C:\\Users\\vedsp\\Desktop\\MBA dashboard\\node_modules\\.bin\\nopt.ps1'
3496 silly reify ]
3497 verbose reify failed optional dependency C:\Users\vedsp\Desktop\MBA dashboard\node_modules\node-gyp\node_modules\which
3498 silly reify mark deleted [
3498 silly reify   'C:\\Users\\vedsp\\Desktop\\MBA dashboard\\node_modules\\node-gyp\\node_modules\\which',
3498 silly reify   'C:\\Users\\vedsp\\Desktop\\MBA dashboard\\node_modules\\node-gyp\\node_modules\\.bin\\node-which',
3498 silly reify   'C:\\Users\\vedsp\\Desktop\\MBA dashboard\\node_modules\\node-gyp\\node_modules\\.bin\\node-which.cmd',
3498 silly reify   'C:\\Users\\vedsp\\Desktop\\MBA dashboard\\node_modules\\node-gyp\\node_modules\\.bin\\node-which.ps1'
3498 silly reify ]
3499 verbose reify failed optional dependency C:\Users\vedsp\Desktop\MBA dashboard\node_modules\proc-log
3500 silly reify mark deleted [ 'C:\\Users\\vedsp\\Desktop\\MBA dashboard\\node_modules\\proc-log' ]
3501 verbose reify failed optional dependency C:\Users\vedsp\Desktop\MBA dashboard\node_modules\env-paths
3502 silly reify mark deleted [ 'C:\\Users\\vedsp\\Desktop\\MBA dashboard\\node_modules\\env-paths' ]
3503 verbose reify failed optional dependency C:\Users\vedsp\Desktop\MBA dashboard\node_modules\tinyglobby
3504 silly reify mark deleted [
3504 silly reify   'C:\\Users\\vedsp\\Desktop\\MBA dashboard\\node_modules\\tinyglobby'
3504 silly reify ]
3505 verbose reify failed optional dependency C:\Users\vedsp\Desktop\MBA dashboard\node_modules\exponential-backoff
3506 silly reify mark deleted [
3506 silly reify   'C:\\Users\\vedsp\\Desktop\\MBA dashboard\\node_modules\\exponential-backoff'
3506 silly reify ]
3507 verbose reify failed optional dependency C:\Users\vedsp\Desktop\MBA dashboard\node_modules\abbrev
3508 silly reify mark deleted [ 'C:\\Users\\vedsp\\Desktop\\MBA dashboard\\node_modules\\abbrev' ]
3509 verbose reify failed optional dependency C:\Users\vedsp\Desktop\MBA dashboard\node_modules\node-gyp\node_modules\isexe
3510 silly reify mark deleted [
3510 silly reify   'C:\\Users\\vedsp\\Desktop\\MBA dashboard\\node_modules\\node-gyp\\node_modules\\isexe'
3510 silly reify ]
3511 verbose reify failed optional dependency C:\Users\vedsp\Desktop\MBA dashboard\node_modules\tinyglobby\node_modules\fdir
3512 silly reify mark deleted [
3512 silly reify   'C:\\Users\\vedsp\\Desktop\\MBA dashboard\\node_modules\\tinyglobby\\node_modules\\fdir'
3512 silly reify ]
3513 silly ADD node_modules/@firebase/rules-unit-testing
3514 silly ADD node_modules/process-nextick-args
3515 silly ADD node_modules/isarray
3516 silly ADD node_modules/core-util-is
3517 silly ADD node_modules/concat-map
3518 silly ADD node_modules/methods
3519 silly ADD node_modules/array-flatten
3520 silly ADD node_modules/process
3521 silly ADD node_modules/events
3522 silly ADD node_modules/crc32-stream
3523 silly ADD node_modules/crc32-stream/node_modules/buffer
3524 silly ADD node_modules/crc32-stream/node_modules/readable-stream
3525 silly ADD node_modules/crc-32
3526 silly ADD node_modules/compress-commons
3527 silly ADD node_modules/compress-commons/node_modules/buffer
3528 silly ADD node_modules/compress-commons/node_modules/readable-stream
3529 silly ADD node_modules/typedarray-to-buffer
3530 silly ADD node_modules/is-typedarray
3531 silly ADD node_modules/imurmurhash
3532 silly ADD node_modules/fn.name
3533 silly ADD node_modules/fecha
3534 silly ADD node_modules/@types/triple-beam
3535 silly ADD node_modules/color-string
3536 silly ADD node_modules/color-string/node_modules/color-name
3537 silly ADD node_modules/text-hex
3538 silly ADD node_modules/color
3539 silly ADD node_modules/color/node_modules/color-name
3540 silly ADD node_modules/color/node_modules/color-convert
3541 silly ADD node_modules/kuler
3542 silly ADD node_modules/enabled
3543 silly ADD node_modules/@so-ric/colorspace
3544 silly ADD node_modules/stack-trace
3545 silly ADD node_modules/safe-stable-stringify
3546 silly ADD node_modules/one-time
3547 silly ADD node_modules/logform
3548 silly ADD node_modules/logform/node_modules/@colors/colors
3549 silly ADD node_modules/@dabh/diagnostics
3550 silly ADD node_modules/clone
3551 silly ADD node_modules/defaults
3552 silly ADD node_modules/strip-json-comments
3553 silly ADD node_modules/minimist
3554 silly ADD node_modules/deep-extend
3555 silly ADD node_modules/rc
3556 silly ADD node_modules/rc/node_modules/ini
3557 silly ADD node_modules/proto-list
3558 silly ADD node_modules/config-chain
3559 silly ADD node_modules/config-chain/node_modules/ini
3560 silly ADD node_modules/@pnpm/network.ca-file
3561 silly ADD node_modules/@pnpm/network.ca-file/node_modules/graceful-fs
3562 silly ADD node_modules/@pnpm/config.env-replace
3563 silly ADD node_modules/@pnpm/npm-conf
3564 silly ADD node_modules/escape-goat
3565 silly ADD node_modules/whatwg-fetch
3566 silly ADD node_modules/ini
3567 silly ADD node_modules/is-path-inside
3568 silly ADD node_modules/global-dirs
3569 silly ADD node_modules/ci-info
3570 silly ADD node_modules/widest-line
3571 silly ADD node_modules/type-fest
3572 silly ADD node_modules/cli-boxes
3573 silly ADD node_modules/camelcase
3574 silly ADD node_modules/ansi-align
3575 silly ADD node_modules/semver-diff
3576 silly ADD node_modules/semver-diff/node_modules/semver
3577 silly ADD node_modules/registry-url
3578 silly ADD node_modules/registry-auth-token
3579 silly ADD node_modules/pupa
3580 silly ADD node_modules/isomorphic-fetch
3581 silly ADD node_modules/is-yarn-global
3582 silly ADD node_modules/is-npm
3583 silly ADD node_modules/is-installed-globally
3584 silly ADD node_modules/is-ci
3585 silly ADD node_modules/import-lazy
3586 silly ADD node_modules/has-yarn
3587 silly ADD node_modules/boxen
3588 silly ADD node_modules/boxen/node_modules/chalk
3589 silly ADD node_modules/crypto-random-string
3590 silly ADD node_modules/is-number
3591 silly ADD node_modules/thenify
3592 silly ADD node_modules/ip-regex
3593 silly ADD node_modules/deep-is
3594 silly ADD node_modules/is2
3595 silly ADD node_modules/text-decoder
3596 silly ADD node_modules/events-universal
3597 silly ADD node_modules/teex
3598 silly ADD node_modules/bare-url
3599 silly ADD node_modules/bare-stream
3600 silly ADD node_modules/bare-path
3601 silly ADD node_modules/bare-events
3602 silly ADD node_modules/streamx
3603 silly ADD node_modules/fast-fifo
3604 silly ADD node_modules/bare-fs
3605 silly ADD node_modules/b4a
3606 silly ADD node_modules/yallist
3607 silly ADD node_modules/minizlib
3608 silly ADD node_modules/chownr
3609 silly ADD node_modules/@isaacs/fs-minipass
3610 silly ADD node_modules/supports-color
3611 silly ADD node_modules/has-flag
3612 silly ADD
3613 silly ADD
3614 silly ADD node_modules/fdir
3615 silly ADD
3616 silly ADD
3617 silly ADD
3618 silly ADD
3619 silly ADD
3620 silly ADD node_modules/isexe
3621 silly ADD node_modules/which
3622 silly ADD
3623 silly ADD
3624 silly ADD node_modules/lodash._objecttypes
3625 silly ADD node_modules/valid-url
3626 silly ADD node_modules/url-join
3627 silly ADD node_modules/as-array
3628 silly ADD node_modules/toxic
3629 silly ADD node_modules/lodash.isobject
3630 silly ADD node_modules/glob-slash
3631 silly ADD node_modules/utils-merge
3632 silly ADD node_modules/compressible
3633 silly ADD node_modules/tsscmp
3634 silly ADD
3635 silly ADD node_modules/join-path
3636 silly ADD node_modules/is-url
3637 silly ADD node_modules/glob-slasher
3638 silly ADD node_modules/destroy
3639 silly ADD node_modules/connect
3640 silly ADD node_modules/connect/node_modules/statuses
3641 silly ADD node_modules/connect/node_modules/on-finished
3642 silly ADD node_modules/connect/node_modules/encodeurl
3643 silly ADD node_modules/connect/node_modules/ms
3644 silly ADD node_modules/connect/node_modules/finalhandler
3645 silly ADD node_modules/connect/node_modules/debug
3646 silly ADD node_modules/compression
3647 silly ADD node_modules/compression/node_modules/ms
3648 silly ADD node_modules/compression/node_modules/negotiator
3649 silly ADD node_modules/compression/node_modules/debug
3650 silly ADD node_modules/basic-auth-connect
3651 silly ADD node_modules/ret
3652 silly ADD node_modules/discontinuous-range
3653 silly ADD node_modules/randexp
3654 silly ADD node_modules/railroad-diagrams
3655 silly ADD node_modules/moo
3656 silly ADD node_modules/nearley
3657 silly ADD node_modules/nearley/node_modules/commander
3658 silly ADD node_modules/smart-buffer
3659 silly ADD node_modules/socks
3660 silly ADD node_modules/unicode-emoji-modifier-base
3661 silly ADD node_modules/mimic-fn
3662 silly ADD node_modules/onetime
3663 silly ADD node_modules/source-map
3664 silly ADD node_modules/esutils
3665 silly ADD node_modules/estraverse
3666 silly ADD node_modules/esprima
3667 silly ADD node_modules/escodegen
3668 silly ADD node_modules/ast-types
3669 silly ADD node_modules/netmask
3670 silly ADD node_modules/degenerator
3671 silly ADD node_modules/basic-ftp
3672 silly ADD node_modules/pac-resolver
3673 silly ADD node_modules/get-uri
3674 silly ADD node_modules/get-uri/node_modules/data-uri-to-buffer
3675 silly ADD node_modules/@tootallnate/quickjs-emscripten
3676 silly ADD node_modules/socks-proxy-agent
3677 silly ADD node_modules/proxy-from-env
3678 silly ADD node_modules/pac-proxy-agent
3679 silly ADD node_modules/pac-proxy-agent/node_modules/http-proxy-agent
3680 silly ADD node_modules/xtend
3681 silly ADD node_modules/split2
3682 silly ADD node_modules/postgres-interval
3683 silly ADD node_modules/postgres-date
3684 silly ADD node_modules/postgres-bytea
3685 silly ADD node_modules/postgres-array
3686 silly ADD node_modules/pg-int8
3687 silly ADD node_modules/pgpass
3688 silly ADD node_modules/pg-types
3689 silly ADD node_modules/pg-protocol
3690 silly ADD node_modules/pg-pool
3691 silly ADD node_modules/pg-connection-string
3692 silly ADD node_modules/pg-cloudflare
3693 silly ADD node_modules/restore-cursor
3694 silly ADD node_modules/restore-cursor/node_modules/signal-exit
3695 silly ADD node_modules/ieee754
3696 silly ADD node_modules/buffer
3697 silly ADD node_modules/wcwidth
3698 silly ADD node_modules/log-symbols
3699 silly ADD node_modules/log-symbols/node_modules/chalk
3700 silly ADD node_modules/is-unicode-supported
3701 silly ADD node_modules/is-interactive
3702 silly ADD node_modules/cli-spinners
3703 silly ADD node_modules/cli-cursor
3704 silly ADD node_modules/bl
3705 silly ADD node_modules/is-wsl
3706 silly ADD node_modules/skin-tone
3707 silly ADD node_modules/emojilib
3708 silly ADD node_modules/char-regex
3709 silly ADD node_modules/@sindresorhus/is
3710 silly ADD node_modules/thenify-all
3711 silly ADD node_modules/any-promise
3712 silly ADD node_modules/on-headers
3713 silly ADD node_modules/basic-auth
3714 silly ADD node_modules/basic-auth/node_modules/safe-buffer
3715 silly ADD node_modules/parse5-htmlparser2-tree-adapter
3716 silly ADD node_modules/parse5-htmlparser2-tree-adapter/node_modules/parse5
3717 silly ADD node_modules/parse5
3718 silly ADD node_modules/mz
3719 silly ADD node_modules/highlight.js
3720 silly ADD node_modules/environment
3721 silly ADD node_modules/supports-hyperlinks
3722 silly ADD node_modules/node-emoji
3723 silly ADD node_modules/cli-highlight
3724 silly ADD node_modules/cli-highlight/node_modules/yargs-parser
3725 silly ADD node_modules/cli-highlight/node_modules/cliui
3726 silly ADD node_modules/cli-highlight/node_modules/yargs
3727 silly ADD node_modules/cli-highlight/node_modules/chalk
3728 silly ADD node_modules/chalk
3729 silly ADD node_modules/ansi-escapes
3730 silly ADD node_modules/libsodium
3731 silly ADD node_modules/jju
3732 silly ADD node_modules/argparse
3733 silly ADD node_modules/is-extglob
3734 silly ADD node_modules/binary-extensions
3735 silly ADD node_modules/url-template
3736 silly ADD node_modules/universalify
3737 silly ADD node_modules/jsonfile
3738 silly ADD node_modules/to-regex-range
3739 silly ADD node_modules/ip-address
3740 silly ADD node_modules/call-me-maybe
3741 silly ADD node_modules/@types/json-schema
3742 silly ADD node_modules/@jsdevtools/ono
3743 silly ADD node_modules/promise-breaker
3744 silly ADD node_modules/openapi3-ts
3745 silly ADD node_modules/json-ptr
3746 silly ADD node_modules/events-listener
3747 silly ADD node_modules/deep-freeze
3748 silly ADD node_modules/@apidevtools/json-schema-ref-parser
3749 silly ADD node_modules/is-obj
3750 silly ADD node_modules/xdg-basedir
3751 silly ADD node_modules/write-file-atomic
3752 silly ADD node_modules/write-file-atomic/node_modules/signal-exit
3753 silly ADD node_modules/unique-string
3754 silly ADD node_modules/make-dir
3755 silly ADD node_modules/make-dir/node_modules/semver
3756 silly ADD node_modules/dot-prop
3757 silly ADD node_modules/@colors/colors
3758 silly ADD node_modules/json-parse-helpfulerror
3759 silly ADD node_modules/fill-range
3760 silly ADD node_modules/picomatch
3761 silly ADD node_modules/readdirp
3762 silly ADD node_modules/is-glob
3763 silly ADD node_modules/is-binary-path
3764 silly ADD node_modules/glob-parent
3765 silly ADD node_modules/braces
3766 silly ADD node_modules/anymatch
3767 silly ADD node_modules/normalize-path
3768 silly ADD node_modules/lazystream
3769 silly ADD node_modules/lazystream/node_modules/string_decoder
3770 silly ADD node_modules/lazystream/node_modules/safe-buffer
3771 silly ADD node_modules/lazystream/node_modules/readable-stream
3772 silly ADD node_modules/graceful-fs
3773 silly ADD node_modules/zip-stream
3774 silly ADD node_modules/zip-stream/node_modules/buffer
3775 silly ADD node_modules/zip-stream/node_modules/readable-stream
3776 silly ADD node_modules/tar-stream
3777 silly ADD node_modules/readdir-glob
3778 silly ADD node_modules/readdir-glob/node_modules/minimatch
3779 silly ADD node_modules/buffer-crc32
3780 silly ADD node_modules/async
3781 silly ADD node_modules/archiver-utils
3782 silly ADD node_modules/archiver-utils/node_modules/buffer
3783 silly ADD node_modules/archiver-utils/node_modules/readable-stream
3784 silly ADD node_modules/require-from-string
3785 silly ADD node_modules/json-schema-traverse
3786 silly ADD node_modules/fast-uri
3787 silly ADD node_modules/zod-to-json-schema
3788 silly ADD node_modules/pkce-challenge
3789 silly ADD node_modules/json-schema-typed
3790 silly ADD node_modules/express-rate-limit
3791 silly ADD node_modules/eventsource-parser
3792 silly ADD node_modules/eventsource
3793 silly ADD node_modules/hono
3794 silly ADD node_modules/@hono/node-server
3795 silly ADD node_modules/chardet
3796 silly ADD node_modules/@inquirer/external-editor
3797 silly ADD node_modules/mute-stream
3798 silly ADD node_modules/cli-width
3799 silly ADD node_modules/yoctocolors-cjs
3800 silly ADD node_modules/@inquirer/type
3801 silly ADD node_modules/@inquirer/figures
3802 silly ADD node_modules/@inquirer/core
3803 silly ADD node_modules/@inquirer/core/node_modules/wrap-ansi
3804 silly ADD node_modules/@inquirer/ansi
3805 silly ADD node_modules/@inquirer/select
3806 silly ADD node_modules/@inquirer/search
3807 silly ADD node_modules/@inquirer/rawlist
3808 silly ADD node_modules/@inquirer/password
3809 silly ADD node_modules/@inquirer/number
3810 silly ADD node_modules/@inquirer/input
3811 silly ADD node_modules/@inquirer/expand
3812 silly ADD node_modules/@inquirer/editor
3813 silly ADD node_modules/@inquirer/confirm
3814 silly ADD node_modules/@inquirer/checkbox
3815 silly ADD node_modules/googleapis-common
3816 silly ADD node_modules/googleapis-common/node_modules/gtoken
3817 silly ADD node_modules/googleapis-common/node_modules/node-fetch
3818 silly ADD node_modules/googleapis-common/node_modules/google-auth-library
3819 silly ADD node_modules/googleapis-common/node_modules/gaxios
3820 silly ADD node_modules/p-defer
3821 silly ADD node_modules/lodash.snakecase
3822 silly ADD node_modules/is-stream-ended
3823 silly ADD node_modules/heap-js
3824 silly ADD node_modules/@opentelemetry/semantic-conventions
3825 silly ADD node_modules/@opentelemetry/core
3826 silly ADD node_modules/@opentelemetry/core/node_modules/@opentelemetry/semantic-conventions
3827 silly ADD node_modules/@opentelemetry/api
3828 silly ADD node_modules/@google-cloud/precise-date
3829 silly ADD node_modules/p-throttle
3830 silly ADD node_modules/@googleapis/sqladmin
3831 silly ADD node_modules/yaml
3832 silly ADD node_modules/ws
3833 silly ADD node_modules/winston-transport
3834 silly ADD node_modules/winston
3835 silly ADD node_modules/winston/node_modules/@colors/colors
3836 silly ADD node_modules/update-notifier-cjs
3837 silly ADD node_modules/update-notifier-cjs/node_modules/chalk
3838 silly ADD node_modules/universal-analytics
3839 silly ADD node_modules/universal-analytics/node_modules/uuid
3840 silly ADD node_modules/undici
3841 silly ADD node_modules/triple-beam
3842 silly ADD node_modules/tmp
3843 silly ADD node_modules/tcp-port-used
3844 silly ADD node_modules/tcp-port-used/node_modules/ms
3845 silly ADD node_modules/tcp-port-used/node_modules/debug
3846 silly ADD node_modules/tar
3847 silly ADD node_modules/superstatic
3848 silly ADD node_modules/superstatic/node_modules/isarray
3849 silly ADD node_modules/superstatic/node_modules/path-to-regexp
3850 silly ADD node_modules/superstatic/node_modules/minimatch
3851 silly ADD node_modules/superstatic/node_modules/commander
3852 silly ADD node_modules/stream-json
3853 silly ADD node_modules/stream-chain
3854 silly ADD node_modules/sql-formatter
3855 silly ADD node_modules/proxy-agent
3856 silly ADD node_modules/proxy-agent/node_modules/lru-cache
3857 silly ADD node_modules/proxy-agent/node_modules/http-proxy-agent
3858 silly ADD node_modules/progress
3859 silly ADD node_modules/portfinder
3860 silly ADD node_modules/pglite-2
3861 silly ADD node_modules/pg-gateway
3862 silly ADD node_modules/pg
3863 silly ADD node_modules/ora
3864 silly ADD node_modules/ora/node_modules/chalk
3865 silly ADD node_modules/open
3866 silly ADD node_modules/morgan
3867 silly ADD node_modules/morgan/node_modules/ms
3868 silly ADD node_modules/morgan/node_modules/debug
3869 silly ADD node_modules/marked-terminal
3870 silly ADD node_modules/marked-terminal/node_modules/ansi-regex
3871 silly ADD node_modules/marked
3872 silly ADD node_modules/lsofi
3873 silly ADD node_modules/lodash
3874 silly ADD node_modules/libsodium-wrappers
3875 silly ADD node_modules/js-yaml
3876 silly ADD node_modules/ignore
3877 silly ADD node_modules/fuzzy
3878 silly ADD node_modules/fs-extra
3879 silly ADD node_modules/exegesis-express
3880 silly ADD node_modules/exegesis
3881 silly ADD node_modules/exegesis/node_modules/media-typer
3882 silly ADD node_modules/exegesis/node_modules/ms
3883 silly ADD node_modules/exegesis/node_modules/type-is
3884 silly ADD node_modules/exegesis/node_modules/iconv-lite
3885 silly ADD node_modules/exegesis/node_modules/debug
3886 silly ADD node_modules/exegesis/node_modules/raw-body
3887 silly ADD node_modules/exegesis/node_modules/body-parser
3888 silly ADD node_modules/exegesis/node_modules/ajv-formats
3889 silly ADD node_modules/csv-parse
3890 silly ADD node_modules/cross-env
3891 silly ADD node_modules/configstore
3892 silly ADD node_modules/commander
3893 silly ADD node_modules/colorette
3894 silly ADD node_modules/cli-table3
3895 silly ADD node_modules/cjson
3896 silly ADD node_modules/chokidar
3897 silly ADD node_modules/async-lock
3898 silly ADD node_modules/archiver
3899 silly ADD node_modules/archiver/node_modules/buffer
3900 silly ADD node_modules/archiver/node_modules/readable-stream
3901 silly ADD node_modules/ajv-formats
3902 silly ADD node_modules/ajv
3903 silly ADD node_modules/@modelcontextprotocol/sdk
3904 silly ADD node_modules/@inquirer/prompts
3905 silly ADD node_modules/@google-cloud/pubsub
3906 silly ADD node_modules/@google-cloud/pubsub/node_modules/@google-cloud/promisify
3907 silly ADD node_modules/@google-cloud/pubsub/node_modules/@google-cloud/projectify
3908 silly ADD node_modules/@google-cloud/pubsub/node_modules/@google-cloud/paginator
3909 silly ADD node_modules/@google-cloud/cloud-sql-connector
3910 silly ADD node_modules/@google-cloud/cloud-sql-connector/node_modules/node-fetch
3911 silly ADD node_modules/@google-cloud/cloud-sql-connector/node_modules/gaxios
3912 silly ADD node_modules/@electric-sql/pglite-tools
3913 silly ADD node_modules/@electric-sql/pglite
3914 silly ADD node_modules/@apphosting/common
3915 silly ADD node_modules/firebase-tools
3916 silly ADD node_modules/firebase-tools/node_modules/media-typer
3917 silly ADD node_modules/firebase-tools/node_modules/brace-expansion
3918 silly ADD node_modules/firebase-tools/node_modules/google-logging-utils
3919 silly ADD node_modules/firebase-tools/node_modules/gcp-metadata
3920 silly ADD node_modules/firebase-tools/node_modules/negotiator
3921 silly ADD node_modules/firebase-tools/node_modules/serve-static
3922 silly ADD node_modules/firebase-tools/node_modules/send
3923 silly ADD node_modules/firebase-tools/node_modules/send/node_modules/ms
3924 silly ADD node_modules/firebase-tools/node_modules/send/node_modules/mime
3925 silly ADD node_modules/firebase-tools/node_modules/range-parser
3926 silly ADD node_modules/firebase-tools/node_modules/path-to-regexp
3927 silly ADD node_modules/firebase-tools/node_modules/merge-descriptors
3928 silly ADD node_modules/firebase-tools/node_modules/fresh
3929 silly ADD node_modules/firebase-tools/node_modules/finalhandler
3930 silly ADD node_modules/firebase-tools/node_modules/cookie-signature
3931 silly ADD node_modules/firebase-tools/node_modules/content-disposition
3932 silly ADD node_modules/firebase-tools/node_modules/accepts
3933 silly ADD node_modules/firebase-tools/node_modules/ms
3934 silly ADD node_modules/firebase-tools/node_modules/type-is
3935 silly ADD node_modules/firebase-tools/node_modules/raw-body
3936 silly ADD node_modules/firebase-tools/node_modules/iconv-lite
3937 silly ADD node_modules/firebase-tools/node_modules/debug
3938 silly ADD node_modules/firebase-tools/node_modules/zod
3939 silly ADD node_modules/firebase-tools/node_modules/minimatch
3940 silly ADD node_modules/firebase-tools/node_modules/mime
3941 silly ADD node_modules/firebase-tools/node_modules/google-auth-library
3942 silly ADD node_modules/firebase-tools/node_modules/form-data
3943 silly ADD node_modules/firebase-tools/node_modules/express
3944 silly ADD node_modules/firebase-tools/node_modules/body-parser
3945 verbose cwd C:\Users\vedsp\Desktop\MBA dashboard
3946 verbose os Windows_NT 10.0.26200
3947 verbose node v24.13.0
3948 verbose npm  v11.6.2
3949 verbose exit 0
3950 info ok
